commodity,date,modal_price
maize,2024-01-01,2036.36
maize,2024-01-02,2028.35
maize,2024-01-03,2020.97
maize,2024-01-04,2004.16
maize,2024-01-05,1998.27
maize,2024-01-06,1985.51
maize,2024-01-07,1992.56
maize,2024-01-08,2000.64
maize,2024-01-09,1985.33
maize,2024-01-10,1981.96
maize,2024-01-11,2004.31
maize,2024-01-12,1992.71
maize,2024-01-13,1997.98
maize,2024-01-14,1999.4
maize,2024-01-15,2012.72
maize,2024-01-16,2016.45
maize,2024-01-17,2011.4
maize,2024-01-18,2012.37
maize,2024-01-19,2013.51
maize,2024-01-20,2012.56
maize,2024-01-21,1996.86
maize,2024-01-22,2011.97
maize,2024-01-23,2025.05
maize,2024-01-24,2012.56
maize,2024-01-25,2009.09
maize,2024-01-26,2006.54
maize,2024-01-27,1992.82
maize,2024-01-28,1970.79
maize,2024-01-29,1963.03
maize,2024-01-30,1958.99
maize,2024-01-31,1942.28
maize,2024-02-01,1944.5
maize,2024-02-02,1958.27
maize,2024-02-03,1968.35
maize,2024-02-04,1967.01
maize,2024-02-05,1945.56
maize,2024-02-06,1954.09
maize,2024-02-07,1955.97
maize,2024-02-08,1961.11
maize,2024-02-09,1984.18
maize,2024-02-10,1974.55
maize,2024-02-11,1940.93
maize,2024-02-12,1928.86
maize,2024-02-13,1934.65
maize,2024-02-14,1935.11
maize,2024-02-15,1921.21
maize,2024-02-16,1905.06
maize,2024-02-17,1901.17
maize,2024-02-18,1887.16
maize,2024-02-19,1893.21
maize,2024-02-20,1888.69
maize,2024-02-21,1881.75
maize,2024-02-22,1873.36
maize,2024-02-23,1876.47
maize,2024-02-24,1877.1
maize,2024-02-25,1879.53
maize,2024-02-26,1881.71
maize,2024-02-27,1881.04
maize,2024-02-28,1869.57
maize,2024-02-29,1861.54
maize,2024-03-01,1857.29
maize,2024-03-02,1880.6
maize,2024-03-03,1865.59
maize,2024-03-04,1861.05
maize,2024-03-05,1862.3
maize,2024-03-06,1859.06
maize,2024-03-07,1871.23
maize,2024-03-08,1867.92
maize,2024-03-09,1865.44
maize,2024-03-10,1874.73
maize,2024-03-11,1895.36
maize,2024-03-12,1911.59
maize,2024-03-13,1910.17
maize,2024-03-14,1909.76
maize,2024-03-15,1910.45
maize,2024-03-16,1912.29
maize,2024-03-17,1902.74
maize,2024-03-18,1913.62
maize,2024-03-19,1916.14
maize,2024-03-20,1915.78
maize,2024-03-21,1901.38
maize,2024-03-22,1902.24
maize,2024-03-23,1880.91
maize,2024-03-24,1874.5
maize,2024-03-25,1868.33
maize,2024-03-26,1871.7
maize,2024-03-27,1893.08
maize,2024-03-28,1899.74
maize,2024-03-29,1916.48
maize,2024-03-30,1924.06
maize,2024-03-31,1937.25
maize,2024-04-01,1959.11
maize,2024-04-02,1950.69
maize,2024-04-03,1941.53
maize,2024-04-04,1949.5
maize,2024-04-05,1949.61
maize,2024-04-06,1952.35
maize,2024-04-07,1949.59
maize,2024-04-08,1942.78
maize,2024-04-09,1961.93
maize,2024-04-10,1949.18
maize,2024-04-11,1957.38
maize,2024-04-12,1963.7
maize,2024-04-13,1945.34
maize,2024-04-14,1935.82
maize,2024-04-15,1928.29
maize,2024-04-16,1934.99
maize,2024-04-17,1930.89
maize,2024-04-18,1930.05
maize,2024-04-19,1913.4
maize,2024-04-20,1940.45
maize,2024-04-21,1941.43
maize,2024-04-22,1947.41
maize,2024-04-23,1941.26
maize,2024-04-24,1933.82
maize,2024-04-25,1956.3
maize,2024-04-26,1934.09
maize,2024-04-27,1937.48
maize,2024-04-28,1923.6
maize,2024-04-29,1919.08
maize,2024-04-30,1911.9
maize,2024-05-01,1900.78
maize,2024-05-02,1901.33
maize,2024-05-03,1872.41
maize,2024-05-04,1869.02
maize,2024-05-05,1868.16
maize,2024-05-06,1853.13
maize,2024-05-07,1870.18
maize,2024-05-08,1863.67
maize,2024-05-09,1861.17
maize,2024-05-10,1854.72
maize,2024-05-11,1853.96
maize,2024-05-12,1868.72
maize,2024-05-13,1896.8
maize,2024-05-14,1905.46
maize,2024-05-15,1918.09
maize,2024-05-16,1938.1
maize,2024-05-17,1941.15
maize,2024-05-18,1959.69
maize,2024-05-19,1969.18
maize,2024-05-20,1971.04
maize,2024-05-21,1975.35
maize,2024-05-22,1954.03
maize,2024-05-23,1957.62
maize,2024-05-24,1939.73
maize,2024-05-25,1921.06
maize,2024-05-26,1923.43
maize,2024-05-27,1910.77
maize,2024-05-28,1910.84
maize,2024-05-29,1912.58
maize,2024-05-30,1914.84
maize,2024-05-31,1904.63
maize,2024-06-01,1915.08
maize,2024-06-02,1914.21
maize,2024-06-03,1919.44
maize,2024-06-04,1905.86
maize,2024-06-05,1903.97
maize,2024-06-06,1916.7
maize,2024-06-07,1928.05
maize,2024-06-08,1919.0
maize,2024-06-09,1912.88
maize,2024-06-10,1901.72
maize,2024-06-11,1894.4
maize,2024-06-12,1878.71
maize,2024-06-13,1877.31
maize,2024-06-14,1884.6
maize,2024-06-15,1875.9
maize,2024-06-16,1875.03
maize,2024-06-17,1872.7
maize,2024-06-18,1884.74
maize,2024-06-19,1877.99
maize,2024-06-20,1871.67
maize,2024-06-21,1862.34
maize,2024-06-22,1849.82
maize,2024-06-23,1855.85
maize,2024-06-24,1854.49
maize,2024-06-25,1855.25
maize,2024-06-26,1869.65
maize,2024-06-27,1884.8
maize,2024-06-28,1866.42
maize,2024-06-29,1873.84
maize,2024-06-30,1876.53
maize,2024-07-01,1871.49
maize,2024-07-02,1875.32
maize,2024-07-03,1856.15
maize,2024-07-04,1872.66
maize,2024-07-05,1878.6
maize,2024-07-06,1869.03
maize,2024-07-07,1862.62
maize,2024-07-08,1843.83
maize,2024-07-09,1840.51
maize,2024-07-10,1835.33
maize,2024-07-11,1820.94
maize,2024-07-12,1829.6
maize,2024-07-13,1843.81
maize,2024-07-14,1843.66
maize,2024-07-15,1840.43
maize,2024-07-16,1845.39
maize,2024-07-17,1845.32
maize,2024-07-18,1833.52
maize,2024-07-19,1826.5
maize,2024-07-20,1823.4
maize,2024-07-21,1826.26
maize,2024-07-22,1826.51
maize,2024-07-23,1828.96
maize,2024-07-24,1812.45
maize,2024-07-25,1819.85
maize,2024-07-26,1820.03
maize,2024-07-27,1848.27
maize,2024-07-28,1844.12
maize,2024-07-29,1847.85
maize,2024-07-30,1879.64
maize,2024-07-31,1881.98
maize,2024-08-01,1881.37
maize,2024-08-02,1870.41
maize,2024-08-03,1887.79
maize,2024-08-04,1874.86
maize,2024-08-05,1879.82
maize,2024-08-06,1874.63
maize,2024-08-07,1872.65
maize,2024-08-08,1856.87
maize,2024-08-09,1872.05
maize,2024-08-10,1869.08
maize,2024-08-11,1855.65
maize,2024-08-12,1869.8
maize,2024-08-13,1864.3
maize,2024-08-14,1868.2
maize,2024-08-15,1877.8
maize,2024-08-16,1883.3
maize,2024-08-17,1858.79
maize,2024-08-18,1866.71
maize,2024-08-19,1865.74
maize,2024-08-20,1862.2
maize,2024-08-21,1861.14
maize,2024-08-22,1843.39
maize,2024-08-23,1845.66
maize,2024-08-24,1830.76
maize,2024-08-25,1827.77
maize,2024-08-26,1829.63
maize,2024-08-27,1841.61
maize,2024-08-28,1832.72
maize,2024-08-29,1848.9
maize,2024-08-30,1859.58
maize,2024-08-31,1854.95
maize,2024-09-01,1842.8
maize,2024-09-02,1827.05
maize,2024-09-03,1830.17
maize,2024-09-04,1822.24
maize,2024-09-05,1835.55
maize,2024-09-06,1828.23
maize,2024-09-07,1818.52
maize,2024-09-08,1821.22
maize,2024-09-09,1813.88
maize,2024-09-10,1814.12
maize,2024-09-11,1825.03
maize,2024-09-12,1826.46
maize,2024-09-13,1827.93
maize,2024-09-14,1830.33
maize,2024-09-15,1811.97
maize,2024-09-16,1816.38
maize,2024-09-17,1818.27
maize,2024-09-18,1828.19
maize,2024-09-19,1834.99
maize,2024-09-20,1832.92
maize,2024-09-21,1844.45
maize,2024-09-22,1841.36
maize,2024-09-23,1844.24
maize,2024-09-24,1840.95
maize,2024-09-25,1846.21
maize,2024-09-26,1842.19
maize,2024-09-27,1860.64
maize,2024-09-28,1883.45
maize,2024-09-29,1893.5
maize,2024-09-30,1911.25
maize,2024-10-01,1893.83
maize,2024-10-02,1877.9
maize,2024-10-03,1874.43
maize,2024-10-04,1875.04
maize,2024-10-05,1872.96
maize,2024-10-06,1854.75
maize,2024-10-07,1867.76
maize,2024-10-08,1892.2
maize,2024-10-09,1906.96
maize,2024-10-10,1919.57
maize,2024-10-11,1922.33
maize,2024-10-12,1912.78
maize,2024-10-13,1913.77
maize,2024-10-14,1938.26
maize,2024-10-15,1934.32
maize,2024-10-16,1929.2
maize,2024-10-17,1942.22
maize,2024-10-18,1956.1
maize,2024-10-19,1946.33
maize,2024-10-20,1943.43
maize,2024-10-21,1937.75
maize,2024-10-22,1938.71
maize,2024-10-23,1951.75
maize,2024-10-24,1942.51
maize,2024-10-25,1955.41
maize,2024-10-26,1956.76
maize,2024-10-27,1984.42
maize,2024-10-28,1988.38
maize,2024-10-29,1987.38
maize,2024-10-30,1994.41
maize,2024-10-31,1990.53
maize,2024-11-01,1969.37
maize,2024-11-02,1966.68
maize,2024-11-03,1963.82
maize,2024-11-04,1945.3
maize,2024-11-05,1944.6
maize,2024-11-06,1920.79
maize,2024-11-07,1916.94
maize,2024-11-08,1919.9
maize,2024-11-09,1921.17
maize,2024-11-10,1916.59
maize,2024-11-11,1915.76
maize,2024-11-12,1906.92
maize,2024-11-13,1907.2
maize,2024-11-14,1908.01
maize,2024-11-15,1897.89
maize,2024-11-16,1901.09
maize,2024-11-17,1904.23
maize,2024-11-18,1902.48
maize,2024-11-19,1930.47
maize,2024-11-20,1929.0
maize,2024-11-21,1925.92
maize,2024-11-22,1921.2
maize,2024-11-23,1910.2
maize,2024-11-24,1918.23
maize,2024-11-25,1910.5
maize,2024-11-26,1904.15
maize,2024-11-27,1898.16
maize,2024-11-28,1887.13
maize,2024-11-29,1867.56
maize,2024-11-30,1862.52
maize,2024-12-01,1872.46
maize,2024-12-02,1874.82
maize,2024-12-03,1892.61
maize,2024-12-04,1901.31
maize,2024-12-05,1907.45
maize,2024-12-06,1929.27
maize,2024-12-07,1928.3
maize,2024-12-08,1929.19
maize,2024-12-09,1929.21
maize,2024-12-10,1947.32
maize,2024-12-11,1947.5
maize,2024-12-12,1940.1
maize,2024-12-13,1947.11
maize,2024-12-14,1937.75
maize,2024-12-15,1944.12
maize,2024-12-16,1949.11
maize,2024-12-17,1947.05
maize,2024-12-18,1953.83
maize,2024-12-19,1936.62
maize,2024-12-20,1938.67
maize,2024-12-21,1933.45
maize,2024-12-22,1967.09
maize,2024-12-23,1969.09
maize,2024-12-24,1962.21
maize,2024-12-25,1946.21
maize,2024-12-26,1961.67
maize,2024-12-27,1957.71
maize,2024-12-28,1948.59
maize,2024-12-29,1952.69
maize,2024-12-30,1960.47
maize,2024-12-31,1968.1
maize,2025-01-01,1968.49
maize,2025-01-02,1970.53
maize,2025-01-03,1973.43
maize,2025-01-04,1977.58
maize,2025-01-05,1982.78
maize,2025-01-06,1996.01
maize,2025-01-07,1996.84
maize,2025-01-08,1987.24
maize,2025-01-09,1985.68
maize,2025-01-10,1994.84
maize,2025-01-11,1973.73
maize,2025-01-12,1952.91
maize,2025-01-13,1963.85
maize,2025-01-14,1982.01
maize,2025-01-15,1967.17
maize,2025-01-16,1968.52
maize,2025-01-17,1963.96
maize,2025-01-18,1961.05
maize,2025-01-19,1964.8
maize,2025-01-20,1949.78
maize,2025-01-21,1937.02
maize,2025-01-22,1933.68
maize,2025-01-23,1932.15
maize,2025-01-24,1919.29
maize,2025-01-25,1928.56
maize,2025-01-26,1923.89
maize,2025-01-27,1919.18
maize,2025-01-28,1922.59
maize,2025-01-29,1921.26
maize,2025-01-30,1931.09
maize,2025-01-31,1920.46
maize,2025-02-01,1904.58
maize,2025-02-02,1901.19
maize,2025-02-03,1902.03
maize,2025-02-04,1888.08
maize,2025-02-05,1872.57
maize,2025-02-06,1874.77
maize,2025-02-07,1866.41
maize,2025-02-08,1850.37
maize,2025-02-09,1861.26
maize,2025-02-10,1854.37
maize,2025-02-11,1867.36
maize,2025-02-12,1867.83
maize,2025-02-13,1871.28
maize,2025-02-14,1869.06
maize,2025-02-15,1839.66
maize,2025-02-16,1827.31
maize,2025-02-17,1826.07
maize,2025-02-18,1830.22
maize,2025-02-19,1810.82
maize,2025-02-20,1810.38
maize,2025-02-21,1798.38
maize,2025-02-22,1801.05
maize,2025-02-23,1800.99
maize,2025-02-24,1809.18
maize,2025-02-25,1820.95
maize,2025-02-26,1826.12
maize,2025-02-27,1835.71
maize,2025-02-28,1832.01
maize,2025-03-01,1863.45
maize,2025-03-02,1850.02
maize,2025-03-03,1844.32
maize,2025-03-04,1854.47
maize,2025-03-05,1863.01
maize,2025-03-06,1868.62
maize,2025-03-07,1876.36
maize,2025-03-08,1853.19
maize,2025-03-09,1871.1
maize,2025-03-10,1868.96
maize,2025-03-11,1883.13
maize,2025-03-12,1860.45
maize,2025-03-13,1863.46
maize,2025-03-14,1857.32
maize,2025-03-15,1863.86
maize,2025-03-16,1867.55
maize,2025-03-17,1871.81
maize,2025-03-18,1860.1
maize,2025-03-19,1859.62
maize,2025-03-20,1857.76
maize,2025-03-21,1863.44
maize,2025-03-22,1874.68
maize,2025-03-23,1876.52
maize,2025-03-24,1862.36
maize,2025-03-25,1863.71
maize,2025-03-26,1893.29
maize,2025-03-27,1912.23
maize,2025-03-28,1878.56
maize,2025-03-29,1879.42
maize,2025-03-30,1890.11
maize,2025-03-31,1888.2
maize,2025-04-01,1883.14
maize,2025-04-02,1880.28
maize,2025-04-03,1886.67
maize,2025-04-04,1873.87
maize,2025-04-05,1887.43
maize,2025-04-06,1886.95
maize,2025-04-07,1876.54
maize,2025-04-08,1889.39
maize,2025-04-09,1872.11
maize,2025-04-10,1866.03
maize,2025-04-11,1859.79
maize,2025-04-12,1884.02
maize,2025-04-13,1876.44
maize,2025-04-14,1852.48
maize,2025-04-15,1846.18
maize,2025-04-16,1851.38
maize,2025-04-17,1860.26
maize,2025-04-18,1885.99
maize,2025-04-19,1902.13
maize,2025-04-20,1904.43
maize,2025-04-21,1894.42
maize,2025-04-22,1913.13
maize,2025-04-23,1909.05
maize,2025-04-24,1901.68
maize,2025-04-25,1897.08
maize,2025-04-26,1883.03
maize,2025-04-27,1877.93
maize,2025-04-28,1875.46
maize,2025-04-29,1883.85
maize,2025-04-30,1879.62
maize,2025-05-01,1865.53
maize,2025-05-02,1847.81
maize,2025-05-03,1850.28
maize,2025-05-04,1851.24
maize,2025-05-05,1845.24
maize,2025-05-06,1840.22
maize,2025-05-07,1844.66
maize,2025-05-08,1860.26
maize,2025-05-09,1851.72
maize,2025-05-10,1852.86
maize,2025-05-11,1863.69
maize,2025-05-12,1855.18
maize,2025-05-13,1855.16
maize,2025-05-14,1854.88
maize,2025-05-15,1840.49
maize,2025-05-16,1842.5
maize,2025-05-17,1843.0
maize,2025-05-18,1849.29
maize,2025-05-19,1836.32
maize,2025-05-20,1836.58
maize,2025-05-21,1852.01
maize,2025-05-22,1875.39
maize,2025-05-23,1890.0
maize,2025-05-24,1876.85
maize,2025-05-25,1882.09
maize,2025-05-26,1876.79
maize,2025-05-27,1880.14
maize,2025-05-28,1871.6
maize,2025-05-29,1852.61
maize,2025-05-30,1848.93
maize,2025-05-31,1857.11
maize,2025-06-01,1860.47
maize,2025-06-02,1865.12
maize,2025-06-03,1867.7
maize,2025-06-04,1872.38
maize,2025-06-05,1878.49
maize,2025-06-06,1875.55
maize,2025-06-07,1876.63
maize,2025-06-08,1896.52
maize,2025-06-09,1898.28
maize,2025-06-10,1898.92
maize,2025-06-11,1900.25
maize,2025-06-12,1897.92
maize,2025-06-13,1893.12
maize,2025-06-14,1895.64
maize,2025-06-15,1890.05
maize,2025-06-16,1888.55
maize,2025-06-17,1879.76
maize,2025-06-18,1881.13
maize,2025-06-19,1887.89
maize,2025-06-20,1885.64
maize,2025-06-21,1863.2
maize,2025-06-22,1869.96
maize,2025-06-23,1871.46
maize,2025-06-24,1860.49
maize,2025-06-25,1869.29
maize,2025-06-26,1853.82
maize,2025-06-27,1865.64
maize,2025-06-28,1865.14
maize,2025-06-29,1840.07
maize,2025-06-30,1842.19
maize,2025-07-01,1837.85
maize,2025-07-02,1831.87
maize,2025-07-03,1823.92
maize,2025-07-04,1822.68
maize,2025-07-05,1817.53
maize,2025-07-06,1797.53
maize,2025-07-07,1811.45
maize,2025-07-08,1808.94
maize,2025-07-09,1801.16
maize,2025-07-10,1789.15
maize,2025-07-11,1797.59
maize,2025-07-12,1783.78
maize,2025-07-13,1785.36
maize,2025-07-14,1779.26
maize,2025-07-15,1773.8
maize,2025-07-16,1762.23
maize,2025-07-17,1755.83
maize,2025-07-18,1756.06
maize,2025-07-19,1758.68
maize,2025-07-20,1750.55
maize,2025-07-21,1749.74
maize,2025-07-22,1759.23
maize,2025-07-23,1741.91
maize,2025-07-24,1741.98
maize,2025-07-25,1732.21
maize,2025-07-26,1721.44
maize,2025-07-27,1724.28
maize,2025-07-28,1718.78
maize,2025-07-29,1706.42
maize,2025-07-30,1720.17
maize,2025-07-31,1729.83
maize,2025-08-01,1710.03
maize,2025-08-02,1695.1
maize,2025-08-03,1701.28
maize,2025-08-04,1698.51
maize,2025-08-05,1714.01
maize,2025-08-06,1720.5
maize,2025-08-07,1723.73
maize,2025-08-08,1713.33
maize,2025-08-09,1718.53
maize,2025-08-10,1705.56
maize,2025-08-11,1719.11
maize,2025-08-12,1723.61
maize,2025-08-13,1715.23
maize,2025-08-14,1723.67
maize,2025-08-15,1747.15
maize,2025-08-16,1745.01
maize,2025-08-17,1750.92
maize,2025-08-18,1746.53
maize,2025-08-19,1747.57
maize,2025-08-20,1731.97
maize,2025-08-21,1732.11
maize,2025-08-22,1732.7
maize,2025-08-23,1751.64
maize,2025-08-24,1733.02
maize,2025-08-25,1730.24
maize,2025-08-26,1743.8
maize,2025-08-27,1741.41
maize,2025-08-28,1739.76
maize,2025-08-29,1731.22
maize,2025-08-30,1721.7
maize,2025-08-31,1703.08
maize,2025-09-01,1696.8
maize,2025-09-02,1686.89
maize,2025-09-03,1688.22
maize,2025-09-04,1680.4
maize,2025-09-05,1675.7
maize,2025-09-06,1671.29
maize,2025-09-07,1670.94
maize,2025-09-08,1665.79
maize,2025-09-09,1655.34
maize,2025-09-10,1656.33
maize,2025-09-11,1667.1
maize,2025-09-12,1668.52
maize,2025-09-13,1662.56
maize,2025-09-14,1661.47
maize,2025-09-15,1641.28
maize,2025-09-16,1640.04
maize,2025-09-17,1636.23
maize,2025-09-18,1627.23
maize,2025-09-19,1620.03
maize,2025-09-20,1616.18
maize,2025-09-21,1625.96
maize,2025-09-22,1636.78
maize,2025-09-23,1627.82
maize,2025-09-24,1622.9
maize,2025-09-25,1618.24
maize,2025-09-26,1626.25
maize,2025-09-27,1627.8
maize,2025-09-28,1628.83
maize,2025-09-29,1634.21
maize,2025-09-30,1628.51
maize,2025-10-01,1642.02
maize,2025-10-02,1642.13
maize,2025-10-03,1633.85
maize,2025-10-04,1631.73
maize,2025-10-05,1643.97
maize,2025-10-06,1639.91
maize,2025-10-07,1649.42
maize,2025-10-08,1643.37
maize,2025-10-09,1635.97
maize,2025-10-10,1642.59
maize,2025-10-11,1634.13
maize,2025-10-12,1642.34
maize,2025-10-13,1645.94
maize,2025-10-14,1637.47
maize,2025-10-15,1636.9
maize,2025-10-16,1631.65
maize,2025-10-17,1635.2
maize,2025-10-18,1653.96
maize,2025-10-19,1650.42
maize,2025-10-20,1655.84
maize,2025-10-21,1656.22
maize,2025-10-22,1656.59
maize,2025-10-23,1655.08
maize,2025-10-24,1646.72
maize,2025-10-25,1650.17
maize,2025-10-26,1647.44
maize,2025-10-27,1638.65
maize,2025-10-28,1648.79
maize,2025-10-29,1649.9
maize,2025-10-30,1647.77
maize,2025-10-31,1661.21
maize,2025-11-01,1643.14
maize,2025-11-02,1655.87
maize,2025-11-03,1647.28
maize,2025-11-04,1649.5
maize,2025-11-05,1643.82
maize,2025-11-06,1634.88
maize,2025-11-07,1647.95
maize,2025-11-08,1666.54
maize,2025-11-09,1664.46
maize,2025-11-10,1667.95
maize,2025-11-11,1668.65
maize,2025-11-12,1686.2
maize,2025-11-13,1665.09
maize,2025-11-14,1669.0
maize,2025-11-15,1661.86
maize,2025-11-16,1638.67
maize,2025-11-17,1635.26
maize,2025-11-18,1653.62
maize,2025-11-19,1647.26
maize,2025-11-20,1655.23
maize,2025-11-21,1667.31
maize,2025-11-22,1667.31
maize,2025-11-23,1668.65
maize,2025-11-24,1651.69
maize,2025-11-25,1644.74
maize,2025-11-26,1653.85
maize,2025-11-27,1654.58
maize,2025-11-28,1658.36
maize,2025-11-29,1659.82
maize,2025-11-30,1681.93
maize,2025-12-01,1677.73
maize,2025-12-02,1694.1
maize,2025-12-03,1695.59
maize,2025-12-04,1713.05
maize,2025-12-05,1700.65
maize,2025-12-06,1702.67
maize,2025-12-07,1698.79
maize,2025-12-08,1700.34
maize,2025-12-09,1713.0
maize,2025-12-10,1717.03
maize,2025-12-11,1729.79
maize,2025-12-12,1722.99
maize,2025-12-13,1714.64
maize,2025-12-14,1714.94
maize,2025-12-15,1714.68
maize,2025-12-16,1712.91
maize,2025-12-17,1703.22
maize,2025-12-18,1715.65
maize,2025-12-19,1712.05
maize,2025-12-20,1726.9
maize,2025-12-21,1727.18
maize,2025-12-22,1734.05
maize,2025-12-23,1740.0
maize,2025-12-24,1731.55
maize,2025-12-25,1735.51
maize,2025-12-26,1755.85
maize,2025-12-27,1758.64
maize,2025-12-28,1768.32
maize,2025-12-29,1775.83
maize,2025-12-30,1779.25
maize,2025-12-31,1781.38
maize,2026-01-01,1787.38
maize,2026-01-02,1795.73
maize,2026-01-03,1781.37
maize,2026-01-04,1784.15
maize,2026-01-05,1782.33
maize,2026-01-06,1778.29
maize,2026-01-07,1792.31
maize,2026-01-08,1784.59
maize,2026-01-09,1769.86
maize,2026-01-10,1778.47
maize,2026-01-11,1763.52
maize,2026-01-12,1743.38
maize,2026-01-13,1753.04
maize,2026-01-14,1754.85
maize,2026-01-15,1759.98
maize,2026-01-16,1755.45
maize,2026-01-17,1741.07
maize,2026-01-18,1728.87
maize,2026-01-19,1726.18
maize,2026-01-20,1713.19
maize,2026-01-21,1716.49
maize,2026-01-22,1711.87
maize,2026-01-23,1713.91
maize,2026-01-24,1715.64
maize,2026-01-25,1719.76
maize,2026-01-26,1725.06
maize,2026-01-27,1721.65
maize,2026-01-28,1723.69
maize,2026-01-29,1726.27
maize,2026-01-30,1701.43
maize,2026-01-31,1708.18
maize,2026-02-01,1709.85
maize,2026-02-02,1715.78
maize,2026-02-03,1702.72
maize,2026-02-04,1699.64
maize,2026-02-05,1688.68
maize,2026-02-06,1696.37
maize,2026-02-07,1682.27
maize,2026-02-08,1673.05
maize,2026-02-09,1678.56
maize,2026-02-10,1672.37
maize,2026-02-11,1663.21
maize,2026-02-12,1672.42
maize,2026-02-13,1682.09
maize,2026-02-14,1689.53
maize,2026-02-15,1698.29
maize,2026-02-16,1696.07
maize,2026-02-17,1694.12
maize,2026-02-18,1687.68
maize,2026-02-19,1689.52
maize,2026-02-20,1684.31
maize,2026-02-21,1680.07
maize,2026-02-22,1686.26
maize,2026-02-23,1698.43
maize,2026-02-24,1702.63
maize,2026-02-25,1721.19
maize,2026-02-26,1714.06
maize,2026-02-27,1695.4
maize,2026-02-28,1702.82
maize,2026-03-01,1695.09
maize,2026-03-02,1692.44
maize,2026-03-03,1674.7
maize,2026-03-04,1665.82
maize,2026-03-05,1651.01
maize,2026-03-06,1646.84
maize,2026-03-07,1643.08
maize,2026-03-08,1644.1
maize,2026-03-09,1656.5
maize,2026-03-10,1663.38
maize,2026-03-11,1647.4
maize,2026-03-12,1653.55
maize,2026-03-13,1654.79
maize,2026-03-14,1653.96
maize,2026-03-15,1653.86
maize,2026-03-16,1656.03
maize,2026-03-17,1649.3
maize,2026-03-18,1647.63
maize,2026-03-19,1659.5
maize,2026-03-20,1652.64
maize,2026-03-21,1642.59
maize,2026-03-22,1642.12
maize,2026-03-23,1631.15
maize,2026-03-24,1614.5
maize,2026-03-25,1611.3
maize,2026-03-26,1625.49
maize,2026-03-27,1625.25
maize,2026-03-28,1627.12
maize,2026-03-29,1606.58
maize,2026-03-30,1610.94
maize,2026-03-31,1611.97
maize,2026-04-01,1605.68
maize,2026-04-02,1607.55
maize,2026-04-03,1609.32
maize,2026-04-04,1599.25
maize,2026-04-05,1602.56
maize,2026-04-06,1614.25
maize,2026-04-07,1612.17
maize,2026-04-08,1603.93
maize,2026-04-09,1602.35
maize,2026-04-10,1610.71
maize,2026-04-11,1599.03
maize,2026-04-12,1604.72
maize,2026-04-13,1598.33
maize,2026-04-14,1600.79
maize,2026-04-15,1595.5
maize,2026-04-16,1590.21
maize,2026-04-17,1604.94
maize,2026-04-18,1591.55
maize,2026-04-19,1596.32
maize,2026-04-20,1613.12
maize,2026-04-21,1619.9
maize,2026-04-22,1607.14
maize,2026-04-23,1594.96
maize,2026-04-24,1587.91
maize,2026-04-25,1589.54
maize,2026-04-26,1591.82
maize,2026-04-27,1579.85
maize,2026-04-28,1571.73
maize,2026-04-29,1564.22
maize,2026-04-30,1562.65
maize,2026-05-01,1581.49
maize,2026-05-02,1572.79
maize,2026-05-03,1563.72
maize,2026-05-04,1553.25
maize,2026-05-05,1559.31
maize,2026-05-06,1559.05
maize,2026-05-07,1550.81
maize,2026-05-08,1547.56
maize,2026-05-09,1540.35
maize,2026-05-10,1543.21
maize,2026-05-11,1568.39
maize,2026-05-12,1573.71
maize,2026-05-13,1572.96
maize,2026-05-14,1566.82
maize,2026-05-15,1554.37
maize,2026-05-16,1565.96
maize,2026-05-17,1577.11
maize,2026-05-18,1577.44
maize,2026-05-19,1593.74
maize,2026-05-20,1598.72
maize,2026-05-21,1610.97
maize,2026-05-22,1618.64
maize,2026-05-23,1621.73
maize,2026-05-24,1617.24
maize,2026-05-25,1620.61
maize,2026-05-26,1633.61
maize,2026-05-27,1633.43
maize,2026-05-28,1642.54
maize,2026-05-29,1636.67
maize,2026-05-30,1649.14
maize,2026-05-31,1657.04
maize,2026-06-01,1649.9
maize,2026-06-02,1652.45
maize,2026-06-03,1666.5
maize,2026-06-04,1658.71
maize,2026-06-05,1652.81
maize,2026-06-06,1656.84
maize,2026-06-07,1682.97
maize,2026-06-08,1680.96
maize,2026-06-09,1690.75
maize,2026-06-10,1698.18
maize,2026-06-11,1696.95
maize,2026-06-12,1703.37
maize,2026-06-13,1703.57
maize,2026-06-14,1704.67
maize,2026-06-15,1692.48
maize,2026-06-16,1696.94
maize,2026-06-17,1710.85
maize,2026-06-18,1716.18
maize,2026-06-19,1732.22
maize,2026-06-20,1743.05
maize,2026-06-21,1747.22
maize,2026-06-22,1745.42
maize,2026-06-23,1745.09
maize,2026-06-24,1734.48
maize,2026-06-25,1736.41
maize,2026-06-26,1742.64
maize,2026-06-27,1765.44
maize,2026-06-28,1775.82
maize,2026-06-29,1771.39
maize,2026-06-30,1760.87
maize,2026-07-01,1763.4
maize,2026-07-02,1776.74
maize,2026-07-03,1779.12
maize,2026-07-04,1789.66
maize,2026-07-05,1792.46
maize,2026-07-06,1804.95
maize,2026-07-07,1792.45
maize,2026-07-08,1814.55
maize,2026-07-09,1807.21
maize,2026-07-10,1820.59
maize,2026-07-11,1822.37
maize,2026-07-12,1825.85
maize,2026-07-13,1827.95
maize,2026-07-14,1835.5
maize,2026-07-15,1845.31
soymeal,2024-01-01,4231.57
soymeal,2024-01-02,4273.82
soymeal,2024-01-03,4284.1
soymeal,2024-01-04,4336.15
soymeal,2024-01-05,4339.32
soymeal,2024-01-06,4372.52
soymeal,2024-01-07,4386.02
soymeal,2024-01-08,4369.54
soymeal,2024-01-09,4375.43
soymeal,2024-01-10,4391.22
soymeal,2024-01-11,4390.58
soymeal,2024-01-12,4403.64
soymeal,2024-01-13,4430.75
soymeal,2024-01-14,4430.38
soymeal,2024-01-15,4340.37
soymeal,2024-01-16,4392.01
soymeal,2024-01-17,4383.22
soymeal,2024-01-18,4358.38
soymeal,2024-01-19,4324.57
soymeal,2024-01-20,4314.74
soymeal,2024-01-21,4298.12
soymeal,2024-01-22,4276.34
soymeal,2024-01-23,4256.31
soymeal,2024-01-24,4272.47
soymeal,2024-01-25,4333.97
soymeal,2024-01-26,4359.29
soymeal,2024-01-27,4394.03
soymeal,2024-01-28,4382.79
soymeal,2024-01-29,4386.35
soymeal,2024-01-30,4399.82
soymeal,2024-01-31,4379.9
soymeal,2024-02-01,4367.22
soymeal,2024-02-02,4393.77
soymeal,2024-02-03,4427.79
soymeal,2024-02-04,4430.23
soymeal,2024-02-05,4393.67
soymeal,2024-02-06,4384.94
soymeal,2024-02-07,4341.27
soymeal,2024-02-08,4343.9
soymeal,2024-02-09,4352.02
soymeal,2024-02-10,4344.13
soymeal,2024-02-11,4351.84
soymeal,2024-02-12,4364.9
soymeal,2024-02-13,4373.11
soymeal,2024-02-14,4336.83
soymeal,2024-02-15,4329.49
soymeal,2024-02-16,4342.28
soymeal,2024-02-17,4390.88
soymeal,2024-02-18,4382.89
soymeal,2024-02-19,4400.17
soymeal,2024-02-20,4427.66
soymeal,2024-02-21,4421.92
soymeal,2024-02-22,4457.97
soymeal,2024-02-23,4496.0
soymeal,2024-02-24,4540.02
soymeal,2024-02-25,4554.97
soymeal,2024-02-26,4631.22
soymeal,2024-02-27,4611.69
soymeal,2024-02-28,4681.14
soymeal,2024-02-29,4706.76
soymeal,2024-03-01,4751.51
soymeal,2024-03-02,4741.26
soymeal,2024-03-03,4769.75
soymeal,2024-03-04,4818.02
soymeal,2024-03-05,4781.87
soymeal,2024-03-06,4776.79
soymeal,2024-03-07,4706.1
soymeal,2024-03-08,4700.6
soymeal,2024-03-09,4674.2
soymeal,2024-03-10,4667.46
soymeal,2024-03-11,4764.34
soymeal,2024-03-12,4822.37
soymeal,2024-03-13,4774.4
soymeal,2024-03-14,4793.39
soymeal,2024-03-15,4820.66
soymeal,2024-03-16,4809.66
soymeal,2024-03-17,4816.05
soymeal,2024-03-18,4825.75
soymeal,2024-03-19,4780.86
soymeal,2024-03-20,4746.85
soymeal,2024-03-21,4752.95
soymeal,2024-03-22,4756.64
soymeal,2024-03-23,4733.49
soymeal,2024-03-24,4707.62
soymeal,2024-03-25,4705.03
soymeal,2024-03-26,4734.69
soymeal,2024-03-27,4732.53
soymeal,2024-03-28,4786.98
soymeal,2024-03-29,4764.1
soymeal,2024-03-30,4770.93
soymeal,2024-03-31,4759.49
soymeal,2024-04-01,4779.5
soymeal,2024-04-02,4753.81
soymeal,2024-04-03,4818.76
soymeal,2024-04-04,4762.45
soymeal,2024-04-05,4820.37
soymeal,2024-04-06,4823.8
soymeal,2024-04-07,4842.87
soymeal,2024-04-08,4888.72
soymeal,2024-04-09,4918.55
soymeal,2024-04-10,4893.87
soymeal,2024-04-11,4914.86
soymeal,2024-04-12,4979.93
soymeal,2024-04-13,4949.49
soymeal,2024-04-14,5023.84
soymeal,2024-04-15,5037.82
soymeal,2024-04-16,5022.97
soymeal,2024-04-17,4992.06
soymeal,2024-04-18,4984.66
soymeal,2024-04-19,4917.3
soymeal,2024-04-20,4903.42
soymeal,2024-04-21,4894.79
soymeal,2024-04-22,4858.5
soymeal,2024-04-23,4884.4
soymeal,2024-04-24,4877.31
soymeal,2024-04-25,4856.04
soymeal,2024-04-26,4845.38
soymeal,2024-04-27,4857.83
soymeal,2024-04-28,4860.71
soymeal,2024-04-29,4837.3
soymeal,2024-04-30,4841.95
soymeal,2024-05-01,4840.62
soymeal,2024-05-02,4802.55
soymeal,2024-05-03,4793.24
soymeal,2024-05-04,4813.1
soymeal,2024-05-05,4832.81
soymeal,2024-05-06,4825.42
soymeal,2024-05-07,4848.72
soymeal,2024-05-08,4815.96
soymeal,2024-05-09,4784.46
soymeal,2024-05-10,4776.43
soymeal,2024-05-11,4827.15
soymeal,2024-05-12,4833.06
soymeal,2024-05-13,4824.14
soymeal,2024-05-14,4876.95
soymeal,2024-05-15,4867.56
soymeal,2024-05-16,4944.69
soymeal,2024-05-17,4927.42
soymeal,2024-05-18,4893.04
soymeal,2024-05-19,4887.74
soymeal,2024-05-20,4879.61
soymeal,2024-05-21,4852.49
soymeal,2024-05-22,4942.08
soymeal,2024-05-23,4953.51
soymeal,2024-05-24,4970.03
soymeal,2024-05-25,4954.38
soymeal,2024-05-26,4934.78
soymeal,2024-05-27,4970.74
soymeal,2024-05-28,4913.16
soymeal,2024-05-29,4874.4
soymeal,2024-05-30,4866.36
soymeal,2024-05-31,4912.99
soymeal,2024-06-01,4900.52
soymeal,2024-06-02,4915.21
soymeal,2024-06-03,4916.56
soymeal,2024-06-04,4961.77
soymeal,2024-06-05,4907.42
soymeal,2024-06-06,4933.17
soymeal,2024-06-07,4926.7
soymeal,2024-06-08,4959.09
soymeal,2024-06-09,4931.13
soymeal,2024-06-10,4932.37
soymeal,2024-06-11,4929.22
soymeal,2024-06-12,4895.15
soymeal,2024-06-13,4851.86
soymeal,2024-06-14,4832.57
soymeal,2024-06-15,4837.35
soymeal,2024-06-16,4812.18
soymeal,2024-06-17,4801.46
soymeal,2024-06-18,4738.87
soymeal,2024-06-19,4726.97
soymeal,2024-06-20,4761.34
soymeal,2024-06-21,4785.28
soymeal,2024-06-22,4782.76
soymeal,2024-06-23,4791.3
soymeal,2024-06-24,4763.99
soymeal,2024-06-25,4818.85
soymeal,2024-06-26,4889.5
soymeal,2024-06-27,4895.54
soymeal,2024-06-28,4985.52
soymeal,2024-06-29,4962.24
soymeal,2024-06-30,4919.37
soymeal,2024-07-01,4895.38
soymeal,2024-07-02,4888.26
soymeal,2024-07-03,4968.41
soymeal,2024-07-04,4959.04
soymeal,2024-07-05,4929.68
soymeal,2024-07-06,4899.17
soymeal,2024-07-07,4938.82
soymeal,2024-07-08,4973.81
soymeal,2024-07-09,4957.34
soymeal,2024-07-10,4893.06
soymeal,2024-07-11,4854.94
soymeal,2024-07-12,4914.19
soymeal,2024-07-13,4938.33
soymeal,2024-07-14,4940.99
soymeal,2024-07-15,5006.46
soymeal,2024-07-16,5075.96
soymeal,2024-07-17,5075.09
soymeal,2024-07-18,5074.87
soymeal,2024-07-19,5054.64
soymeal,2024-07-20,5044.99
soymeal,2024-07-21,4993.17
soymeal,2024-07-22,4941.74
soymeal,2024-07-23,4882.9
soymeal,2024-07-24,4920.5
soymeal,2024-07-25,4867.4
soymeal,2024-07-26,4934.69
soymeal,2024-07-27,4909.92
soymeal,2024-07-28,4970.39
soymeal,2024-07-29,4958.1
soymeal,2024-07-30,4904.44
soymeal,2024-07-31,4949.1
soymeal,2024-08-01,4998.31
soymeal,2024-08-02,4967.11
soymeal,2024-08-03,4955.98
soymeal,2024-08-04,4925.05
soymeal,2024-08-05,4921.29
soymeal,2024-08-06,4925.4
soymeal,2024-08-07,4913.7
soymeal,2024-08-08,4851.92
soymeal,2024-08-09,4832.62
soymeal,2024-08-10,4856.86
soymeal,2024-08-11,4850.15
soymeal,2024-08-12,4839.44
soymeal,2024-08-13,4808.39
soymeal,2024-08-14,4788.29
soymeal,2024-08-15,4836.13
soymeal,2024-08-16,4798.08
soymeal,2024-08-17,4822.74
soymeal,2024-08-18,4824.72
soymeal,2024-08-19,4833.38
soymeal,2024-08-20,4809.05
soymeal,2024-08-21,4797.6
soymeal,2024-08-22,4797.8
soymeal,2024-08-23,4780.72
soymeal,2024-08-24,4792.21
soymeal,2024-08-25,4807.97
soymeal,2024-08-26,4882.04
soymeal,2024-08-27,4891.95
soymeal,2024-08-28,4827.29
soymeal,2024-08-29,4867.14
soymeal,2024-08-30,4860.58
soymeal,2024-08-31,4929.92
soymeal,2024-09-01,4981.34
soymeal,2024-09-02,4964.15
soymeal,2024-09-03,4989.7
soymeal,2024-09-04,4969.39
soymeal,2024-09-05,4969.88
soymeal,2024-09-06,4993.85
soymeal,2024-09-07,5033.32
soymeal,2024-09-08,5065.36
soymeal,2024-09-09,5068.43
soymeal,2024-09-10,5157.72
soymeal,2024-09-11,5144.97
soymeal,2024-09-12,5087.82
soymeal,2024-09-13,5038.08
soymeal,2024-09-14,5090.74
soymeal,2024-09-15,5088.42
soymeal,2024-09-16,5094.5
soymeal,2024-09-17,5075.59
soymeal,2024-09-18,5059.94
soymeal,2024-09-19,5032.54
soymeal,2024-09-20,5049.57
soymeal,2024-09-21,5046.53
soymeal,2024-09-22,5062.33
soymeal,2024-09-23,5074.77
soymeal,2024-09-24,5060.07
soymeal,2024-09-25,5009.07
soymeal,2024-09-26,4955.56
soymeal,2024-09-27,5062.07
soymeal,2024-09-28,5115.13
soymeal,2024-09-29,5163.76
soymeal,2024-09-30,5139.84
soymeal,2024-10-01,5140.59
soymeal,2024-10-02,5111.75
soymeal,2024-10-03,5065.42
soymeal,2024-10-04,5044.99
soymeal,2024-10-05,5092.45
soymeal,2024-10-06,5122.92
soymeal,2024-10-07,5088.65
soymeal,2024-10-08,5077.86
soymeal,2024-10-09,5104.96
soymeal,2024-10-10,5085.01
soymeal,2024-10-11,5088.25
soymeal,2024-10-12,5102.99
soymeal,2024-10-13,5117.38
soymeal,2024-10-14,5126.91
soymeal,2024-10-15,5103.91
soymeal,2024-10-16,5084.67
soymeal,2024-10-17,5044.88
soymeal,2024-10-18,4990.44
soymeal,2024-10-19,4986.83
soymeal,2024-10-20,5015.81
soymeal,2024-10-21,4967.98
soymeal,2024-10-22,4977.88
soymeal,2024-10-23,5005.7
soymeal,2024-10-24,4942.14
soymeal,2024-10-25,4933.19
soymeal,2024-10-26,4990.76
soymeal,2024-10-27,5010.48
soymeal,2024-10-28,4945.7
soymeal,2024-10-29,4968.94
soymeal,2024-10-30,4943.4
soymeal,2024-10-31,4967.78
soymeal,2024-11-01,4944.23
soymeal,2024-11-02,4942.79
soymeal,2024-11-03,4924.62
soymeal,2024-11-04,4925.13
soymeal,2024-11-05,4906.0
soymeal,2024-11-06,4898.72
soymeal,2024-11-07,4858.96
soymeal,2024-11-08,4876.07
soymeal,2024-11-09,4882.45
soymeal,2024-11-10,4827.9
soymeal,2024-11-11,4861.96
soymeal,2024-11-12,4856.35
soymeal,2024-11-13,4862.24
soymeal,2024-11-14,4888.73
soymeal,2024-11-15,4900.36
soymeal,2024-11-16,4940.89
soymeal,2024-11-17,4931.15
soymeal,2024-11-18,4967.39
soymeal,2024-11-19,4972.06
soymeal,2024-11-20,4990.16
soymeal,2024-11-21,5004.68
soymeal,2024-11-22,5048.74
soymeal,2024-11-23,5074.7
soymeal,2024-11-24,5059.4
soymeal,2024-11-25,5037.14
soymeal,2024-11-26,5035.79
soymeal,2024-11-27,5009.47
soymeal,2024-11-28,4973.1
soymeal,2024-11-29,4899.96
soymeal,2024-11-30,4847.5
soymeal,2024-12-01,4915.73
soymeal,2024-12-02,4893.59
soymeal,2024-12-03,4959.62
soymeal,2024-12-04,4974.04
soymeal,2024-12-05,4972.7
soymeal,2024-12-06,4921.13
soymeal,2024-12-07,4921.69
soymeal,2024-12-08,4987.71
soymeal,2024-12-09,5042.79
soymeal,2024-12-10,5052.89
soymeal,2024-12-11,5012.82
soymeal,2024-12-12,4979.75
soymeal,2024-12-13,4950.51
soymeal,2024-12-14,4995.4
soymeal,2024-12-15,5053.19
soymeal,2024-12-16,5060.53
soymeal,2024-12-17,5050.21
soymeal,2024-12-18,5105.67
soymeal,2024-12-19,5071.22
soymeal,2024-12-20,5073.46
soymeal,2024-12-21,5090.34
soymeal,2024-12-22,5060.09
soymeal,2024-12-23,5038.02
soymeal,2024-12-24,5013.31
soymeal,2024-12-25,5063.68
soymeal,2024-12-26,5132.41
soymeal,2024-12-27,5136.94
soymeal,2024-12-28,5127.72
soymeal,2024-12-29,5106.64
soymeal,2024-12-30,5107.11
soymeal,2024-12-31,5087.89
soymeal,2025-01-01,5084.84
soymeal,2025-01-02,5099.98
soymeal,2025-01-03,5085.94
soymeal,2025-01-04,5079.6
soymeal,2025-01-05,5073.41
soymeal,2025-01-06,5062.55
soymeal,2025-01-07,5047.34
soymeal,2025-01-08,5074.74
soymeal,2025-01-09,5012.63
soymeal,2025-01-10,5068.58
soymeal,2025-01-11,5073.8
soymeal,2025-01-12,5095.92
soymeal,2025-01-13,5122.26
soymeal,2025-01-14,5097.34
soymeal,2025-01-15,5065.22
soymeal,2025-01-16,5029.16
soymeal,2025-01-17,5020.87
soymeal,2025-01-18,5045.91
soymeal,2025-01-19,5025.73
soymeal,2025-01-20,5047.57
soymeal,2025-01-21,4964.99
soymeal,2025-01-22,4952.0
soymeal,2025-01-23,4993.03
soymeal,2025-01-24,4987.45
soymeal,2025-01-25,4958.99
soymeal,2025-01-26,4936.63
soymeal,2025-01-27,4833.48
soymeal,2025-01-28,4799.75
soymeal,2025-01-29,4835.79
soymeal,2025-01-30,4816.5
soymeal,2025-01-31,4801.24
soymeal,2025-02-01,4723.89
soymeal,2025-02-02,4670.64
soymeal,2025-02-03,4710.09
soymeal,2025-02-04,4730.86
soymeal,2025-02-05,4688.47
soymeal,2025-02-06,4668.19
soymeal,2025-02-07,4667.61
soymeal,2025-02-08,4629.06
soymeal,2025-02-09,4564.94
soymeal,2025-02-10,4560.22
soymeal,2025-02-11,4578.9
soymeal,2025-02-12,4598.28
soymeal,2025-02-13,4626.91
soymeal,2025-02-14,4577.23
soymeal,2025-02-15,4579.45
soymeal,2025-02-16,4571.22
soymeal,2025-02-17,4568.8
soymeal,2025-02-18,4562.39
soymeal,2025-02-19,4541.71
soymeal,2025-02-20,4447.13
soymeal,2025-02-21,4483.81
soymeal,2025-02-22,4494.54
soymeal,2025-02-23,4448.44
soymeal,2025-02-24,4463.55
soymeal,2025-02-25,4449.95
soymeal,2025-02-26,4437.28
soymeal,2025-02-27,4413.83
soymeal,2025-02-28,4430.8
soymeal,2025-03-01,4406.41
soymeal,2025-03-02,4373.06
soymeal,2025-03-03,4408.2
soymeal,2025-03-04,4403.03
soymeal,2025-03-05,4398.84
soymeal,2025-03-06,4420.57
soymeal,2025-03-07,4400.31
soymeal,2025-03-08,4386.27
soymeal,2025-03-09,4396.01
soymeal,2025-03-10,4349.19
soymeal,2025-03-11,4356.27
soymeal,2025-03-12,4333.63
soymeal,2025-03-13,4360.01
soymeal,2025-03-14,4377.08
soymeal,2025-03-15,4390.15
soymeal,2025-03-16,4341.39
soymeal,2025-03-17,4338.6
soymeal,2025-03-18,4303.33
soymeal,2025-03-19,4302.57
soymeal,2025-03-20,4233.74
soymeal,2025-03-21,4188.65
soymeal,2025-03-22,4224.0
soymeal,2025-03-23,4235.26
soymeal,2025-03-24,4225.13
soymeal,2025-03-25,4198.67
soymeal,2025-03-26,4167.26
soymeal,2025-03-27,4173.43
soymeal,2025-03-28,4163.74
soymeal,2025-03-29,4209.4
soymeal,2025-03-30,4204.3
soymeal,2025-03-31,4206.36
soymeal,2025-04-01,4166.01
soymeal,2025-04-02,4155.83
soymeal,2025-04-03,4161.32
soymeal,2025-04-04,4150.81
soymeal,2025-04-05,4137.05
soymeal,2025-04-06,4146.86
soymeal,2025-04-07,4191.4
soymeal,2025-04-08,4195.99
soymeal,2025-04-09,4230.07
soymeal,2025-04-10,4248.86
soymeal,2025-04-11,4281.58
soymeal,2025-04-12,4263.68
soymeal,2025-04-13,4257.85
soymeal,2025-04-14,4252.15
soymeal,2025-04-15,4268.79
soymeal,2025-04-16,4292.87
soymeal,2025-04-17,4296.98
soymeal,2025-04-18,4323.77
soymeal,2025-04-19,4307.1
soymeal,2025-04-20,4334.23
soymeal,2025-04-21,4365.5
soymeal,2025-04-22,4386.61
soymeal,2025-04-23,4391.08
soymeal,2025-04-24,4413.41
soymeal,2025-04-25,4386.23
soymeal,2025-04-26,4392.68
soymeal,2025-04-27,4402.28
soymeal,2025-04-28,4361.85
soymeal,2025-04-29,4376.71
soymeal,2025-04-30,4338.97
soymeal,2025-05-01,4326.34
soymeal,2025-05-02,4327.89
soymeal,2025-05-03,4306.15
soymeal,2025-05-04,4308.98
soymeal,2025-05-05,4311.34
soymeal,2025-05-06,4287.0
soymeal,2025-05-07,4304.42
soymeal,2025-05-08,4281.8
soymeal,2025-05-09,4351.28
soymeal,2025-05-10,4348.29
soymeal,2025-05-11,4313.13
soymeal,2025-05-12,4283.85
soymeal,2025-05-13,4318.75
soymeal,2025-05-14,4306.74
soymeal,2025-05-15,4266.17
soymeal,2025-05-16,4292.08
soymeal,2025-05-17,4279.96
soymeal,2025-05-18,4299.92
soymeal,2025-05-19,4328.52
soymeal,2025-05-20,4337.19
soymeal,2025-05-21,4410.9
soymeal,2025-05-22,4358.31
soymeal,2025-05-23,4333.78
soymeal,2025-05-24,4326.37
soymeal,2025-05-25,4395.74
soymeal,2025-05-26,4451.77
soymeal,2025-05-27,4492.47
soymeal,2025-05-28,4467.92
soymeal,2025-05-29,4447.14
soymeal,2025-05-30,4421.78
soymeal,2025-05-31,4397.95
soymeal,2025-06-01,4444.5
soymeal,2025-06-02,4437.27
soymeal,2025-06-03,4434.17
soymeal,2025-06-04,4458.62
soymeal,2025-06-05,4407.36
soymeal,2025-06-06,4409.34
soymeal,2025-06-07,4375.96
soymeal,2025-06-08,4367.3
soymeal,2025-06-09,4349.76
soymeal,2025-06-10,4330.72
soymeal,2025-06-11,4337.91
soymeal,2025-06-12,4344.98
soymeal,2025-06-13,4338.65
soymeal,2025-06-14,4350.27
soymeal,2025-06-15,4324.25
soymeal,2025-06-16,4345.27
soymeal,2025-06-17,4339.35
soymeal,2025-06-18,4325.03
soymeal,2025-06-19,4301.38
soymeal,2025-06-20,4294.46
soymeal,2025-06-21,4351.42
soymeal,2025-06-22,4349.84
soymeal,2025-06-23,4315.47
soymeal,2025-06-24,4343.67
soymeal,2025-06-25,4329.69
soymeal,2025-06-26,4338.64
soymeal,2025-06-27,4320.63
soymeal,2025-06-28,4359.89
soymeal,2025-06-29,4342.25
soymeal,2025-06-30,4385.3
soymeal,2025-07-01,4353.55
soymeal,2025-07-02,4344.98
soymeal,2025-07-03,4388.12
soymeal,2025-07-04,4393.64
soymeal,2025-07-05,4464.42
soymeal,2025-07-06,4456.37
soymeal,2025-07-07,4464.76
soymeal,2025-07-08,4525.06
soymeal,2025-07-09,4477.72
soymeal,2025-07-10,4427.03
soymeal,2025-07-11,4402.8
soymeal,2025-07-12,4428.29
soymeal,2025-07-13,4379.02
soymeal,2025-07-14,4397.71
soymeal,2025-07-15,4414.31
soymeal,2025-07-16,4477.35
soymeal,2025-07-17,4510.6
soymeal,2025-07-18,4522.47
soymeal,2025-07-19,4566.07
soymeal,2025-07-20,4583.69
soymeal,2025-07-21,4569.32
soymeal,2025-07-22,4533.22
soymeal,2025-07-23,4515.55
soymeal,2025-07-24,4514.64
soymeal,2025-07-25,4520.54
soymeal,2025-07-26,4453.83
soymeal,2025-07-27,4447.35
soymeal,2025-07-28,4448.59
soymeal,2025-07-29,4466.04
soymeal,2025-07-30,4517.54
soymeal,2025-07-31,4523.78
soymeal,2025-08-01,4495.43
soymeal,2025-08-02,4438.94
soymeal,2025-08-03,4460.69
soymeal,2025-08-04,4433.99
soymeal,2025-08-05,4461.34
soymeal,2025-08-06,4505.55
soymeal,2025-08-07,4457.47
soymeal,2025-08-08,4475.14
soymeal,2025-08-09,4516.18
soymeal,2025-08-10,4548.88
soymeal,2025-08-11,4482.97
soymeal,2025-08-12,4456.62
soymeal,2025-08-13,4417.21
soymeal,2025-08-14,4433.78
soymeal,2025-08-15,4446.99
soymeal,2025-08-16,4364.14
soymeal,2025-08-17,4355.31
soymeal,2025-08-18,4380.14
soymeal,2025-08-19,4385.03
soymeal,2025-08-20,4389.87
soymeal,2025-08-21,4379.02
soymeal,2025-08-22,4347.03
soymeal,2025-08-23,4346.86
soymeal,2025-08-24,4348.79
soymeal,2025-08-25,4367.91
soymeal,2025-08-26,4389.61
soymeal,2025-08-27,4392.6
soymeal,2025-08-28,4426.75
soymeal,2025-08-29,4415.5
soymeal,2025-08-30,4371.44
soymeal,2025-08-31,4386.41
soymeal,2025-09-01,4390.65
soymeal,2025-09-02,4406.3
soymeal,2025-09-03,4367.82
soymeal,2025-09-04,4423.27
soymeal,2025-09-05,4445.68
soymeal,2025-09-06,4437.08
soymeal,2025-09-07,4408.48
soymeal,2025-09-08,4442.2
soymeal,2025-09-09,4408.42
soymeal,2025-09-10,4479.12
soymeal,2025-09-11,4460.29
soymeal,2025-09-12,4514.69
soymeal,2025-09-13,4509.23
soymeal,2025-09-14,4559.77
soymeal,2025-09-15,4536.73
soymeal,2025-09-16,4537.7
soymeal,2025-09-17,4563.69
soymeal,2025-09-18,4585.26
soymeal,2025-09-19,4621.1
soymeal,2025-09-20,4605.72
soymeal,2025-09-21,4608.83
soymeal,2025-09-22,4649.65
soymeal,2025-09-23,4627.12
soymeal,2025-09-24,4646.08
soymeal,2025-09-25,4639.33
soymeal,2025-09-26,4646.39
soymeal,2025-09-27,4649.51
soymeal,2025-09-28,4624.3
soymeal,2025-09-29,4616.24
soymeal,2025-09-30,4621.29
soymeal,2025-10-01,4618.34
soymeal,2025-10-02,4669.84
soymeal,2025-10-03,4703.34
soymeal,2025-10-04,4713.28
soymeal,2025-10-05,4688.54
soymeal,2025-10-06,4661.95
soymeal,2025-10-07,4727.19
soymeal,2025-10-08,4694.26
soymeal,2025-10-09,4698.38
soymeal,2025-10-10,4710.64
soymeal,2025-10-11,4700.77
soymeal,2025-10-12,4668.28
soymeal,2025-10-13,4643.07
soymeal,2025-10-14,4625.71
soymeal,2025-10-15,4603.16
soymeal,2025-10-16,4646.52
soymeal,2025-10-17,4646.59
soymeal,2025-10-18,4629.96
soymeal,2025-10-19,4633.79
soymeal,2025-10-20,4655.88
soymeal,2025-10-21,4645.04
soymeal,2025-10-22,4674.83
soymeal,2025-10-23,4633.79
soymeal,2025-10-24,4672.31
soymeal,2025-10-25,4672.39
soymeal,2025-10-26,4671.2
soymeal,2025-10-27,4648.96
soymeal,2025-10-28,4609.55
soymeal,2025-10-29,4556.44
soymeal,2025-10-30,4532.54
soymeal,2025-10-31,4551.59
soymeal,2025-11-01,4521.43
soymeal,2025-11-02,4473.04
soymeal,2025-11-03,4445.02
soymeal,2025-11-04,4433.42
soymeal,2025-11-05,4423.07
soymeal,2025-11-06,4419.43
soymeal,2025-11-07,4451.85
soymeal,2025-11-08,4491.31
soymeal,2025-11-09,4555.17
soymeal,2025-11-10,4504.01
soymeal,2025-11-11,4477.46
soymeal,2025-11-12,4499.77
soymeal,2025-11-13,4485.85
soymeal,2025-11-14,4513.32
soymeal,2025-11-15,4520.23
soymeal,2025-11-16,4570.84
soymeal,2025-11-17,4604.7
soymeal,2025-11-18,4639.39
soymeal,2025-11-19,4626.41
soymeal,2025-11-20,4623.62
soymeal,2025-11-21,4614.12
soymeal,2025-11-22,4566.1
soymeal,2025-11-23,4613.76
soymeal,2025-11-24,4638.26
soymeal,2025-11-25,4627.45
soymeal,2025-11-26,4670.27
soymeal,2025-11-27,4650.08
soymeal,2025-11-28,4591.0
soymeal,2025-11-29,4623.86
soymeal,2025-11-30,4583.03
soymeal,2025-12-01,4577.12
soymeal,2025-12-02,4584.09
soymeal,2025-12-03,4596.84
soymeal,2025-12-04,4624.6
soymeal,2025-12-05,4643.81
soymeal,2025-12-06,4662.09
soymeal,2025-12-07,4636.73
soymeal,2025-12-08,4646.66
soymeal,2025-12-09,4598.31
soymeal,2025-12-10,4649.24
soymeal,2025-12-11,4604.19
soymeal,2025-12-12,4593.41
soymeal,2025-12-13,4551.56
soymeal,2025-12-14,4528.72
soymeal,2025-12-15,4529.5
soymeal,2025-12-16,4513.13
soymeal,2025-12-17,4549.79
soymeal,2025-12-18,4557.39
soymeal,2025-12-19,4543.01
soymeal,2025-12-20,4539.12
soymeal,2025-12-21,4578.41
soymeal,2025-12-22,4608.0
soymeal,2025-12-23,4571.78
soymeal,2025-12-24,4550.41
soymeal,2025-12-25,4565.93
soymeal,2025-12-26,4577.6
soymeal,2025-12-27,4544.43
soymeal,2025-12-28,4568.69
soymeal,2025-12-29,4540.65
soymeal,2025-12-30,4582.65
soymeal,2025-12-31,4600.03
soymeal,2026-01-01,4564.09
soymeal,2026-01-02,4547.58
soymeal,2026-01-03,4530.58
soymeal,2026-01-04,4536.02
soymeal,2026-01-05,4529.91
soymeal,2026-01-06,4494.09
soymeal,2026-01-07,4450.8
soymeal,2026-01-08,4468.29
soymeal,2026-01-09,4477.61
soymeal,2026-01-10,4481.28
soymeal,2026-01-11,4490.14
soymeal,2026-01-12,4471.09
soymeal,2026-01-13,4477.21
soymeal,2026-01-14,4557.84
soymeal,2026-01-15,4595.84
soymeal,2026-01-16,4586.94
soymeal,2026-01-17,4570.53
soymeal,2026-01-18,4480.28
soymeal,2026-01-19,4514.28
soymeal,2026-01-20,4539.57
soymeal,2026-01-21,4522.69
soymeal,2026-01-22,4477.94
soymeal,2026-01-23,4442.23
soymeal,2026-01-24,4456.43
soymeal,2026-01-25,4454.0
soymeal,2026-01-26,4475.97
soymeal,2026-01-27,4479.04
soymeal,2026-01-28,4509.82
soymeal,2026-01-29,4521.86
soymeal,2026-01-30,4548.53
soymeal,2026-01-31,4482.84
soymeal,2026-02-01,4444.63
soymeal,2026-02-02,4433.66
soymeal,2026-02-03,4467.65
soymeal,2026-02-04,4527.21
soymeal,2026-02-05,4522.37
soymeal,2026-02-06,4503.42
soymeal,2026-02-07,4442.56
soymeal,2026-02-08,4469.86
soymeal,2026-02-09,4453.03
soymeal,2026-02-10,4546.57
soymeal,2026-02-11,4523.46
soymeal,2026-02-12,4590.98
soymeal,2026-02-13,4615.47
soymeal,2026-02-14,4582.73
soymeal,2026-02-15,4590.55
soymeal,2026-02-16,4615.78
soymeal,2026-02-17,4608.87
soymeal,2026-02-18,4636.36
soymeal,2026-02-19,4663.29
soymeal,2026-02-20,4683.17
soymeal,2026-02-21,4683.0
soymeal,2026-02-22,4645.02
soymeal,2026-02-23,4642.89
soymeal,2026-02-24,4648.99
soymeal,2026-02-25,4588.7
soymeal,2026-02-26,4594.51
soymeal,2026-02-27,4591.77
soymeal,2026-02-28,4550.64
soymeal,2026-03-01,4540.41
soymeal,2026-03-02,4530.87
soymeal,2026-03-03,4592.87
soymeal,2026-03-04,4600.32
soymeal,2026-03-05,4634.18
soymeal,2026-03-06,4630.73
soymeal,2026-03-07,4570.74
soymeal,2026-03-08,4592.67
soymeal,2026-03-09,4571.93
soymeal,2026-03-10,4561.57
soymeal,2026-03-11,4528.43
soymeal,2026-03-12,4531.1
soymeal,2026-03-13,4565.38
soymeal,2026-03-14,4595.65
soymeal,2026-03-15,4647.33
soymeal,2026-03-16,4704.26
soymeal,2026-03-17,4637.74
soymeal,2026-03-18,4599.52
soymeal,2026-03-19,4542.04
soymeal,2026-03-20,4562.54
soymeal,2026-03-21,4540.82
soymeal,2026-03-22,4525.66
soymeal,2026-03-23,4519.16
soymeal,2026-03-24,4531.64
soymeal,2026-03-25,4485.13
soymeal,2026-03-26,4446.14
soymeal,2026-03-27,4446.53
soymeal,2026-03-28,4484.36
soymeal,2026-03-29,4483.92
soymeal,2026-03-30,4459.5
soymeal,2026-03-31,4393.29
soymeal,2026-04-01,4423.04
soymeal,2026-04-02,4400.67
soymeal,2026-04-03,4365.81
soymeal,2026-04-04,4314.05
soymeal,2026-04-05,4271.15
soymeal,2026-04-06,4242.85
soymeal,2026-04-07,4236.1
soymeal,2026-04-08,4200.74
soymeal,2026-04-09,4206.54
soymeal,2026-04-10,4199.63
soymeal,2026-04-11,4265.8
soymeal,2026-04-12,4215.55
soymeal,2026-04-13,4220.65
soymeal,2026-04-14,4226.13
soymeal,2026-04-15,4196.09
soymeal,2026-04-16,4199.23
soymeal,2026-04-17,4222.25
soymeal,2026-04-18,4225.44
soymeal,2026-04-19,4266.93
soymeal,2026-04-20,4202.71
soymeal,2026-04-21,4178.34
soymeal,2026-04-22,4222.05
soymeal,2026-04-23,4249.43
soymeal,2026-04-24,4265.88
soymeal,2026-04-25,4303.21
soymeal,2026-04-26,4246.2
soymeal,2026-04-27,4270.26
soymeal,2026-04-28,4302.53
soymeal,2026-04-29,4283.08
soymeal,2026-04-30,4362.99
soymeal,2026-05-01,4369.34
soymeal,2026-05-02,4303.13
soymeal,2026-05-03,4314.98
soymeal,2026-05-04,4293.63
soymeal,2026-05-05,4329.14
soymeal,2026-05-06,4346.12
soymeal,2026-05-07,4328.31
soymeal,2026-05-08,4374.43
soymeal,2026-05-09,4403.64
soymeal,2026-05-10,4378.54
soymeal,2026-05-11,4374.24
soymeal,2026-05-12,4390.44
soymeal,2026-05-13,4379.61
soymeal,2026-05-14,4369.72
soymeal,2026-05-15,4371.2
soymeal,2026-05-16,4351.86
soymeal,2026-05-17,4297.32
soymeal,2026-05-18,4317.49
soymeal,2026-05-19,4270.59
soymeal,2026-05-20,4253.72
soymeal,2026-05-21,4213.85
soymeal,2026-05-22,4177.91
soymeal,2026-05-23,4202.85
soymeal,2026-05-24,4208.75
soymeal,2026-05-25,4213.56
soymeal,2026-05-26,4187.23
soymeal,2026-05-27,4180.29
soymeal,2026-05-28,4203.6
soymeal,2026-05-29,4214.35
soymeal,2026-05-30,4251.04
soymeal,2026-05-31,4292.29
soymeal,2026-06-01,4297.14
soymeal,2026-06-02,4254.04
soymeal,2026-06-03,4243.77
soymeal,2026-06-04,4253.06
soymeal,2026-06-05,4242.13
soymeal,2026-06-06,4222.96
soymeal,2026-06-07,4237.07
soymeal,2026-06-08,4322.03
soymeal,2026-06-09,4319.5
soymeal,2026-06-10,4331.63
soymeal,2026-06-11,4304.14
soymeal,2026-06-12,4353.98
soymeal,2026-06-13,4393.01
soymeal,2026-06-14,4430.22
soymeal,2026-06-15,4485.07
soymeal,2026-06-16,4484.12
soymeal,2026-06-17,4487.07
soymeal,2026-06-18,4553.67
soymeal,2026-06-19,4586.52
soymeal,2026-06-20,4528.26
soymeal,2026-06-21,4555.18
soymeal,2026-06-22,4549.1
soymeal,2026-06-23,4590.31
soymeal,2026-06-24,4615.99
soymeal,2026-06-25,4572.5
soymeal,2026-06-26,4593.53
soymeal,2026-06-27,4612.76
soymeal,2026-06-28,4636.99
soymeal,2026-06-29,4668.24
soymeal,2026-06-30,4730.05
soymeal,2026-07-01,4756.48
soymeal,2026-07-02,4769.95
soymeal,2026-07-03,4821.25
soymeal,2026-07-04,4910.56
soymeal,2026-07-05,4955.22
soymeal,2026-07-06,4975.5
soymeal,2026-07-07,5003.75
soymeal,2026-07-08,5025.92
soymeal,2026-07-09,5039.77
soymeal,2026-07-10,5130.14
soymeal,2026-07-11,5116.64
soymeal,2026-07-12,5171.62
soymeal,2026-07-13,5180.5
soymeal,2026-07-14,5140.39
soymeal,2026-07-15,5146.9
feed,2024-01-01,3000.0
feed,2024-01-02,3002.81
feed,2024-01-03,2998.3
feed,2024-01-04,2995.12
feed,2024-01-05,2990.26
feed,2024-01-06,2986.27
feed,2024-01-07,2996.38
feed,2024-01-08,3000.02
feed,2024-01-09,2986.83
feed,2024-01-10,2987.52
feed,2024-01-11,3008.76
feed,2024-01-12,3000.9
feed,2024-01-13,3012.67
feed,2024-01-14,3013.94
feed,2024-01-15,3004.35
feed,2024-01-16,3020.74
feed,2024-01-17,3013.73
feed,2024-01-18,3008.49
feed,2024-01-19,3001.19
feed,2024-01-20,2997.85
feed,2024-01-21,2978.68
feed,2024-01-22,2987.75
feed,2024-01-23,2995.3
feed,2024-01-24,2987.35
feed,2024-01-25,2999.29
feed,2024-01-26,3003.13
feed,2024-01-27,2998.62
feed,2024-01-28,2974.73
feed,2024-01-29,2968.18
feed,2024-01-30,2967.66
feed,2024-01-31,2946.71
feed,2024-02-01,2945.69
feed,2024-02-02,2965.47
feed,2024-02-03,2983.56
feed,2024-02-04,2982.88
feed,2024-02-05,2953.28
feed,2024-02-06,2959.28
feed,2024-02-07,2950.23
feed,2024-02-08,2955.81
feed,2024-02-09,2979.92
feed,2024-02-10,2968.74
feed,2024-02-11,2938.46
feed,2024-02-12,2930.14
feed,2024-02-13,2937.72
feed,2024-02-14,2929.16
feed,2024-02-15,2914.02
feed,2024-02-16,2901.74
feed,2024-02-17,2910.07
feed,2024-02-18,2894.67
feed,2024-02-19,2904.75
feed,2024-02-20,2907.25
feed,2024-02-21,2899.18
feed,2024-02-22,2900.09
feed,2024-02-23,2912.5
feed,2024-02-24,2924.03
feed,2024-02-25,2930.06
feed,2024-02-26,2951.07
feed,2024-02-27,2945.59
feed,2024-02-28,2951.83
feed,2024-02-29,2950.51
feed,2024-03-01,2957.54
feed,2024-03-02,2977.31
feed,2024-03-03,2970.01
feed,2024-03-04,2977.64
feed,2024-03-05,2969.87
feed,2024-03-06,2965.5
feed,2024-03-07,2959.62
feed,2024-03-08,2955.08
feed,2024-03-09,2946.16
feed,2024-03-10,2953.38
feed,2024-03-11,2997.18
feed,2024-03-12,3027.11
feed,2024-03-13,3013.86
feed,2024-03-14,3018.17
feed,2024-03-15,3025.6
feed,2024-03-16,3024.63
feed,2024-03-17,3017.07
feed,2024-03-18,3029.9
feed,2024-03-19,3021.18
feed,2024-03-20,3012.39
feed,2024-03-21,3000.11
feed,2024-03-22,3001.85
feed,2024-03-23,2975.68
feed,2024-03-24,2963.13
feed,2024-03-25,2956.58
feed,2024-03-26,2967.16
feed,2024-03-27,2987.1
feed,2024-03-28,3006.99
feed,2024-03-29,3017.34
feed,2024-03-30,3026.3
feed,2024-03-31,3036.09
feed,2024-04-01,3061.99
feed,2024-04-02,3047.54
feed,2024-04-03,3054.9
feed,2024-04-04,3048.55
feed,2024-04-05,3063.03
feed,2024-04-06,3066.5
feed,2024-04-07,3068.59
feed,2024-04-08,3073.45
feed,2024-04-09,3099.18
feed,2024-04-10,3080.85
feed,2024-04-11,3093.91
feed,2024-04-12,3116.11
feed,2024-04-13,3090.98
feed,2024-04-14,3100.31
feed,2024-04-15,3096.57
feed,2024-04-16,3099.3
feed,2024-04-17,3087.7
feed,2024-04-18,3085.07
feed,2024-04-19,3052.4
feed,2024-04-20,3074.86
feed,2024-04-21,3073.66
feed,2024-04-22,3070.38
feed,2024-04-23,3070.91
feed,2024-04-24,3062.04
feed,2024-04-25,3078.29
feed,2024-04-26,3054.37
feed,2024-04-27,3060.7
feed,2024-04-28,3048.13
feed,2024-04-29,3038.0
feed,2024-04-30,3032.27
feed,2024-05-01,3021.29
feed,2024-05-02,3012.38
feed,2024-05-03,2982.37
feed,2024-05-04,2984.05
feed,2024-05-05,2988.12
feed,2024-05-06,2971.89
feed,2024-05-07,2994.0
feed,2024-05-08,2979.64
feed,2024-05-09,2969.43
feed,2024-05-10,2961.26
feed,2024-05-11,2973.11
feed,2024-05-12,2988.71
feed,2024-05-13,3013.39
feed,2024-05-14,3034.79
feed,2024-05-15,3044.56
feed,2024-05-16,3082.86
feed,2024-05-17,3081.49
feed,2024-05-18,3090.71
feed,2024-05-19,3098.49
feed,2024-05-20,3098.25
feed,2024-05-21,3095.64
feed,2024-05-22,3097.46
feed,2024-05-23,3103.73
feed,2024-05-24,3090.7
feed,2024-05-25,3068.94
feed,2024-05-26,3066.35
feed,2024-05-27,3063.15
feed,2024-05-28,3048.93
feed,2024-05-29,3040.98
feed,2024-05-30,3041.14
feed,2024-05-31,3042.94
feed,2024-06-01,3049.85
feed,2024-06-02,3052.66
feed,2024-06-03,3058.0
feed,2024-06-04,3056.22
feed,2024-06-05,3040.93
feed,2024-06-06,3059.51
feed,2024-06-07,3068.76
feed,2024-06-08,3068.14
feed,2024-06-09,3055.34
feed,2024-06-10,3044.96
feed,2024-06-11,3037.17
feed,2024-06-12,3013.69
feed,2024-06-13,3001.6
feed,2024-06-14,3003.8
feed,2024-06-15,2996.65
feed,2024-06-16,2989.57
feed,2024-06-17,2984.68
feed,2024-06-18,2980.69
feed,2024-06-19,2971.27
feed,2024-06-20,2973.74
feed,2024-06-21,2970.75
feed,2024-06-22,2958.14
feed,2024-06-23,2966.03
feed,2024-06-24,2957.96
feed,2024-06-25,2972.3
feed,2024-06-26,3003.61
feed,2024-06-27,3019.62
feed,2024-06-28,3024.35
feed,2024-06-29,3025.68
feed,2024-06-30,3017.61
feed,2024-07-01,3006.84
feed,2024-07-02,3008.74
feed,2024-07-03,3010.26
feed,2024-07-04,3023.75
feed,2024-07-05,3022.16
feed,2024-07-06,3005.41
feed,2024-07-07,3009.12
feed,2024-07-08,2999.81
feed,2024-07-09,2992.54
feed,2024-07-10,2971.63
feed,2024-07-11,2948.4
feed,2024-07-12,2971.38
feed,2024-07-13,2990.99
feed,2024-07-14,2991.5
feed,2024-07-15,3004.65
feed,2024-07-16,3026.65
feed,2024-07-17,3026.36
feed,2024-07-18,3015.01
feed,2024-07-19,3003.27
feed,2024-07-20,2997.91
feed,2024-07-21,2987.79
feed,2024-07-22,2975.27
feed,2024-07-23,2963.02
feed,2024-07-24,2956.53
feed,2024-07-25,2950.44
feed,2024-07-26,2967.31
feed,2024-07-27,2988.2
feed,2024-07-28,2999.24
feed,2024-07-29,2999.76
feed,2024-07-30,3016.88
feed,2024-07-31,3030.21
feed,2024-08-01,3041.83
feed,2024-08-02,3023.6
feed,2024-08-03,3037.48
feed,2024-08-04,3017.42
feed,2024-08-05,3021.24
feed,2024-08-06,3017.29
feed,2024-08-07,3012.49
feed,2024-08-08,2982.05
feed,2024-08-09,2991.79
feed,2024-08-10,2994.97
feed,2024-08-11,2980.44
feed,2024-08-12,2991.33
feed,2024-08-13,2978.37
feed,2024-08-14,2977.11
feed,2024-08-15,2998.18
feed,2024-08-16,2994.0
feed,2024-08-17,2976.65
feed,2024-08-18,2984.72
feed,2024-08-19,2985.94
feed,2024-08-20,2976.52
feed,2024-08-21,2972.66
feed,2024-08-22,2955.71
feed,2024-08-23,2953.65
feed,2024-08-24,2942.23
feed,2024-08-25,2943.28
feed,2024-08-26,2963.44
feed,2024-08-27,2977.37
feed,2024-08-28,2952.81
feed,2024-08-29,2978.19
feed,2024-08-30,2986.8
feed,2024-08-31,2999.56
feed,2024-09-01,3000.69
feed,2024-09-02,2981.34
feed,2024-09-03,2990.67
feed,2024-09-04,2978.04
feed,2024-09-05,2990.9
feed,2024-09-06,2989.84
feed,2024-09-07,2990.34
feed,2024-09-08,3000.87
feed,2024-09-09,2994.61
feed,2024-09-10,3016.99
feed,2024-09-11,3024.27
feed,2024-09-12,3011.46
feed,2024-09-13,3000.53
feed,2024-09-14,3015.89
feed,2024-09-15,2997.74
feed,2024-09-16,3003.47
feed,2024-09-17,3000.59
feed,2024-09-18,3006.2
feed,2024-09-19,3005.92
feed,2024-09-20,3008.15
feed,2024-09-21,3018.45
feed,2024-09-22,3019.41
feed,2024-09-23,3025.26
feed,2024-09-24,3018.46
feed,2024-09-25,3010.83
feed,2024-09-26,2993.71
feed,2024-09-27,3037.8
feed,2024-09-28,3072.81
feed,2024-09-29,3094.5
feed,2024-09-30,3105.56
feed,2024-10-01,3089.07
feed,2024-10-02,3066.66
feed,2024-10-03,3051.84
feed,2024-10-04,3047.36
feed,2024-10-05,3057.14
feed,2024-10-06,3047.26
feed,2024-10-07,3051.21
feed,2024-10-08,3071.95
feed,2024-10-09,3092.8
feed,2024-10-10,3099.93
feed,2024-10-11,3103.38
feed,2024-10-12,3097.89
feed,2024-10-13,3102.41
feed,2024-10-14,3128.22
feed,2024-10-15,3118.74
feed,2024-10-16,3109.07
feed,2024-10-17,3111.66
feed,2024-10-18,3111.44
feed,2024-10-19,3101.19
feed,2024-10-20,3105.61
feed,2024-10-21,3088.29
feed,2024-10-22,3091.68
feed,2024-10-23,3111.06
feed,2024-10-24,3086.45
feed,2024-10-25,3096.57
feed,2024-10-26,3112.15
feed,2024-10-27,3143.53
feed,2024-10-28,3131.25
feed,2024-10-29,3136.06
feed,2024-10-30,3136.45
feed,2024-10-31,3138.79
feed,2024-11-01,3112.68
feed,2024-11-02,3109.75
feed,2024-11-03,3102.5
feed,2024-11-04,3084.9
feed,2024-11-05,3079.48
feed,2024-11-06,3054.87
feed,2024-11-07,3041.32
feed,2024-11-08,3048.4
feed,2024-11-09,3051.2
feed,2024-11-10,3033.28
feed,2024-11-11,3040.93
feed,2024-11-12,3031.08
feed,2024-11-13,3032.8
feed,2024-11-14,3040.16
feed,2024-11-15,3033.35
feed,2024-11-16,3046.47
feed,2024-11-17,3047.06
feed,2024-11-18,3054.38
feed,2024-11-19,3082.34
feed,2024-11-20,3085.42
feed,2024-11-21,3086.08
feed,2024-11-22,3092.49
feed,2024-11-23,3088.39
feed,2024-11-24,3092.29
feed,2024-11-25,3079.36
feed,2024-11-26,3072.95
feed,2024-11-27,3060.68
feed,2024-11-28,3041.1
feed,2024-11-29,3004.2
feed,2024-11-30,2986.37
feed,2024-12-01,3012.81
feed,2024-12-02,3009.58
feed,2024-12-03,3043.0
feed,2024-12-04,3054.91
feed,2024-12-05,3060.46
feed,2024-12-06,3068.56
feed,2024-12-07,3067.77
feed,2024-12-08,3084.99
feed,2024-12-09,3098.68
feed,2024-12-10,3118.53
feed,2024-12-11,3108.76
feed,2024-12-12,3093.47
feed,2024-12-13,3092.92
feed,2024-12-14,3095.1
feed,2024-12-15,3115.54
feed,2024-12-16,3122.14
feed,2024-12-17,3117.61
feed,2024-12-18,3137.86
feed,2024-12-19,3112.83
feed,2024-12-20,3115.35
feed,2024-12-21,3114.54
feed,2024-12-22,3139.25
feed,2024-12-23,3135.69
feed,2024-12-24,3122.97
feed,2024-12-25,3120.15
feed,2024-12-26,3152.0
feed,2024-12-27,3149.34
feed,2024-12-28,3138.32
feed,2024-12-29,3137.01
feed,2024-12-30,3144.58
feed,2024-12-31,3147.11
feed,2025-01-01,3146.73
feed,2025-01-02,3152.44
feed,2025-01-03,3151.74
feed,2025-01-04,3154.13
feed,2025-01-05,3157.58
feed,2025-01-06,3167.55
feed,2025-01-07,3164.57
feed,2025-01-08,3162.18
feed,2025-01-09,3145.27
feed,2025-01-10,3167.93
feed,2025-01-11,3149.01
feed,2025-01-12,3134.56
feed,2025-01-13,3151.58
feed,2025-01-14,3162.78
feed,2025-01-15,3140.6
feed,2025-01-16,3132.94
feed,2025-01-17,3126.52
feed,2025-01-18,3129.94
feed,2025-01-19,3128.53
feed,2025-01-20,3119.56
feed,2025-01-21,3086.86
feed,2025-01-22,3080.43
feed,2025-01-23,3089.15
feed,2025-01-24,3075.45
feed,2025-01-25,3077.27
feed,2025-01-26,3067.25
feed,2025-01-27,3037.14
feed,2025-01-28,3032.04
feed,2025-01-29,3039.71
feed,2025-01-30,3044.33
feed,2025-01-31,3030.37
feed,2025-02-01,2995.97
feed,2025-02-02,2979.51
feed,2025-02-03,2990.1
feed,2025-02-04,2981.89
feed,2025-02-05,2956.53
feed,2025-02-06,2953.6
feed,2025-02-07,2945.46
feed,2025-02-08,2920.52
feed,2025-02-09,2915.05
feed,2025-02-10,2907.28
feed,2025-02-11,2924.35
feed,2025-02-12,2929.6
feed,2025-02-13,2940.02
feed,2025-02-14,2925.56
feed,2025-02-15,2897.97
feed,2025-02-16,2884.09
feed,2025-02-17,2882.31
feed,2025-02-18,2884.69
feed,2025-02-19,2860.98
feed,2025-02-20,2837.09
feed,2025-02-21,2834.69
feed,2025-02-22,2839.92
feed,2025-02-23,2828.42
feed,2025-02-24,2840.02
feed,2025-02-25,2847.91
feed,2025-02-26,2849.71
feed,2025-02-27,2853.08
feed,2025-02-28,2853.74
feed,2025-03-01,2877.81
feed,2025-03-02,2856.67
feed,2025-03-03,2859.93
feed,2025-03-04,2868.37
feed,2025-03-05,2875.51
feed,2025-03-06,2886.27
feed,2025-03-07,2888.65
feed,2025-03-08,2862.98
feed,2025-03-09,2882.55
feed,2025-03-10,2868.88
feed,2025-03-11,2884.21
feed,2025-03-12,2856.87
feed,2025-03-13,2866.3
feed,2025-03-14,2864.66
feed,2025-03-15,2874.16
feed,2025-03-16,2865.6
feed,2025-03-17,2868.98
feed,2025-03-18,2849.02
feed,2025-03-19,2848.37
feed,2025-03-20,2829.51
feed,2025-03-21,2823.76
feed,2025-03-22,2843.29
feed,2025-03-23,2847.85
feed,2025-03-24,2831.77
feed,2025-03-25,2826.5
feed,2025-03-26,2847.03
feed,2025-03-27,2866.71
feed,2025-03-28,2832.06
feed,2025-03-29,2844.21
feed,2025-03-30,2853.19
feed,2025-03-31,2851.86
feed,2025-04-01,2837.01
feed,2025-04-02,2831.74
feed,2025-04-03,2839.23
feed,2025-04-04,2824.35
feed,2025-04-05,2833.93
feed,2025-04-06,2835.9
feed,2025-04-07,2836.99
feed,2025-04-08,2850.44
feed,2025-04-09,2842.34
feed,2025-04-10,2841.18
feed,2025-04-11,2843.32
feed,2025-04-12,2862.09
feed,2025-04-13,2853.38
feed,2025-04-14,2829.03
feed,2025-04-15,2827.11
feed,2025-04-16,2838.07
feed,2025-04-17,2847.59
feed,2025-04-18,2878.88
feed,2025-04-19,2890.2
feed,2025-04-20,2899.13
feed,2025-04-21,2897.31
feed,2025-04-22,2920.46
feed,2025-04-23,2917.67
feed,2025-04-24,2916.15
feed,2025-04-25,2905.0
feed,2025-04-26,2893.15
feed,2025-04-27,2890.65
feed,2025-04-28,2878.25
feed,2025-04-29,2889.97
feed,2025-04-30,2876.55
feed,2025-05-01,2859.92
feed,2025-05-02,2843.34
feed,2025-05-03,2840.32
feed,2025-05-04,2841.93
feed,2025-05-05,2836.77
feed,2025-05-06,2825.93
feed,2025-05-07,2834.5
feed,2025-05-08,2843.83
feed,2025-05-09,2852.89
feed,2025-05-10,2853.24
feed,2025-05-11,2854.89
feed,2025-05-12,2839.48
feed,2025-05-13,2848.11
feed,2025-05-14,2844.87
feed,2025-05-15,2821.02
feed,2025-05-16,2829.38
feed,2025-05-17,2826.84
feed,2025-05-18,2837.83
feed,2025-05-19,2832.5
feed,2025-05-20,2834.89
feed,2025-05-21,2867.97
feed,2025-05-22,2877.31
feed,2025-05-23,2885.21
feed,2025-05-24,2870.78
feed,2025-05-25,2893.01
feed,2025-05-26,2901.84
feed,2025-05-27,2915.14
feed,2025-05-28,2900.87
feed,2025-05-29,2877.53
feed,2025-05-30,2867.71
feed,2025-05-31,2869.63
feed,2025-06-01,2884.4
feed,2025-06-02,2887.07
feed,2025-06-03,2888.76
feed,2025-06-04,2899.32
feed,2025-06-05,2892.44
feed,2025-06-06,2890.12
feed,2025-06-07,2882.87
feed,2025-06-08,2899.76
feed,2025-06-09,2897.1
feed,2025-06-10,2892.99
feed,2025-06-11,2896.04
feed,2025-06-12,2895.57
feed,2025-06-13,2889.4
feed,2025-06-14,2894.7
feed,2025-06-15,2882.89
feed,2025-06-16,2886.67
feed,2025-06-17,2876.79
feed,2025-06-18,2874.54
feed,2025-06-19,2875.14
feed,2025-06-20,2871.28
feed,2025-06-21,2863.92
feed,2025-06-22,2870.0
feed,2025-06-23,2862.91
feed,2025-06-24,2859.4
feed,2025-06-25,2864.36
feed,2025-06-26,2851.77
feed,2025-06-27,2858.61
feed,2025-06-28,2867.88
feed,2025-06-29,2839.5
feed,2025-06-30,2852.21
feed,2025-07-01,2840.18
feed,2025-07-02,2832.32
feed,2025-07-03,2835.42
feed,2025-07-04,2835.59
feed,2025-07-05,2848.22
feed,2025-07-06,2827.08
feed,2025-07-07,2842.49
feed,2025-07-08,2855.05
feed,2025-07-09,2835.85
feed,2025-07-10,2811.77
feed,2025-07-11,2813.84
feed,2025-07-12,2806.94
feed,2025-07-13,2796.23
feed,2025-07-14,2795.02
feed,2025-07-15,2793.91
feed,2025-07-16,2798.48
feed,2025-07-17,2800.6
feed,2025-07-18,2803.77
feed,2025-07-19,2817.1
feed,2025-07-20,2813.68
feed,2025-07-21,2809.34
feed,2025-07-22,2809.47
feed,2025-07-23,2788.5
feed,2025-07-24,2788.34
feed,2025-07-25,2780.45
feed,2025-07-26,2753.59
feed,2025-07-27,2754.69
feed,2025-07-28,2749.74
feed,2025-07-29,2742.23
feed,2025-07-30,2768.17
feed,2025-07-31,2778.97
feed,2025-08-01,2752.98
feed,2025-08-02,2724.66
feed,2025-08-03,2735.98
feed,2025-08-04,2726.71
feed,2025-08-05,2748.33
feed,2025-08-06,2765.52
feed,2025-08-07,2756.68
feed,2025-08-08,2751.11
feed,2025-08-09,2766.27
feed,2025-08-10,2761.96
feed,2025-08-11,2758.58
feed,2025-08-12,2756.35
feed,2025-08-13,2738.55
feed,2025-08-14,2750.75
feed,2025-08-15,2776.51
feed,2025-08-16,2753.9
feed,2025-08-17,2757.37
feed,2025-08-18,2759.33
feed,2025-08-19,2761.53
feed,2025-08-20,2747.8
feed,2025-08-21,2745.23
feed,2025-08-22,2737.86
feed,2025-08-23,2755.96
feed,2025-08-24,2738.61
feed,2025-08-25,2740.69
feed,2025-08-26,2759.06
feed,2025-08-27,2757.52
feed,2025-08-28,2764.41
feed,2025-08-29,2753.44
feed,2025-08-30,2733.39
feed,2025-08-31,2719.27
feed,2025-09-01,2714.31
feed,2025-09-02,2708.7
feed,2025-09-03,2700.43
feed,2025-09-04,2706.7
feed,2025-09-05,2707.76
feed,2025-09-06,2701.41
feed,2025-09-07,2693.98
feed,2025-09-08,2697.4
feed,2025-09-09,2679.02
feed,2025-09-10,2697.51
feed,2025-09-11,2703.15
feed,2025-09-12,2718.01
feed,2025-09-13,2710.95
feed,2025-09-14,2722.44
feed,2025-09-15,2697.39
feed,2025-09-16,2696.44
feed,2025-09-17,2699.25
feed,2025-09-18,2695.98
feed,2025-09-19,2697.98
feed,2025-09-20,2690.47
feed,2025-09-21,2700.61
feed,2025-09-22,2721.1
feed,2025-09-23,2706.93
feed,2025-09-24,2706.92
feed,2025-09-25,2700.79
feed,2025-09-26,2710.21
feed,2025-09-27,2712.47
feed,2025-09-28,2707.2
feed,2025-09-29,2710.35
feed,2025-09-30,2706.14
feed,2025-10-01,2718.35
feed,2025-10-02,2731.24
feed,2025-10-03,2731.62
feed,2025-10-04,2732.06
feed,2025-10-05,2737.64
feed,2025-10-06,2727.16
feed,2025-10-07,2752.44
feed,2025-10-08,2738.48
feed,2025-10-09,2732.42
feed,2025-10-10,2741.8
feed,2025-10-11,2731.25
feed,2025-10-12,2731.05
feed,2025-10-13,2728.24
feed,2025-10-14,2715.82
feed,2025-10-15,2709.68
feed,2025-10-16,2715.41
feed,2025-10-17,2718.83
feed,2025-10-18,2732.67
feed,2025-10-19,2730.23
feed,2025-10-20,2740.9
feed,2025-10-21,2738.57
feed,2025-10-22,2746.32
feed,2025-10-23,2734.69
feed,2025-10-24,2736.24
feed,2025-10-25,2739.57
feed,2025-10-26,2736.66
feed,2025-10-27,2722.73
feed,2025-10-28,2722.65
feed,2025-10-29,2710.54
feed,2025-10-30,2702.57
feed,2025-10-31,2720.16
feed,2025-11-01,2695.38
feed,2025-11-02,2695.56
feed,2025-11-03,2680.38
feed,2025-11-04,2679.63
feed,2025-11-05,2671.63
feed,2025-11-06,2662.16
feed,2025-11-07,2682.72
feed,2025-11-08,2710.31
feed,2025-11-09,2724.16
feed,2025-11-10,2714.81
feed,2025-11-11,2708.9
feed,2025-11-12,2731.24
feed,2025-11-13,2707.57
feed,2025-11-14,2718.13
feed,2025-11-15,2713.01
feed,2025-11-16,2703.36
feed,2025-11-17,2708.49
feed,2025-11-18,2734.69
feed,2025-11-19,2725.37
feed,2025-11-20,2732.31
feed,2025-11-21,2741.52
feed,2025-11-22,2729.61
feed,2025-11-23,2742.72
feed,2025-11-24,2732.55
feed,2025-11-25,2723.21
feed,2025-11-26,2742.56
feed,2025-11-27,2738.26
feed,2025-11-28,2727.22
feed,2025-11-29,2736.77
feed,2025-11-30,2747.81
feed,2025-12-01,2742.31
feed,2025-12-02,2759.73
feed,2025-12-03,2764.32
feed,2025-12-04,2787.93
feed,2025-12-05,2780.81
feed,2025-12-06,2787.28
feed,2025-12-07,2777.27
feed,2025-12-08,2781.23
feed,2025-12-09,2781.35
feed,2025-12-10,2797.85
feed,2025-12-11,2798.89
feed,2025-12-12,2789.7
feed,2025-12-13,2771.32
feed,2025-12-14,2765.94
feed,2025-12-15,2765.89
feed,2025-12-16,2760.13
feed,2025-12-17,2759.94
feed,2025-12-18,2773.73
feed,2025-12-19,2766.72
feed,2025-12-20,2779.98
feed,2025-12-21,2789.99
feed,2025-12-22,2803.91
feed,2025-12-23,2800.62
feed,2025-12-24,2787.23
feed,2025-12-25,2794.87
feed,2025-12-26,2817.24
feed,2025-12-27,2811.69
feed,2025-12-28,2826.97
feed,2025-12-29,2827.21
feed,2025-12-30,2840.9
feed,2025-12-31,2847.26
feed,2026-01-01,2844.09
feed,2026-01-02,2847.99
feed,2026-01-03,2830.01
feed,2026-01-04,2834.03
feed,2026-01-05,2830.77
feed,2026-01-06,2818.01
feed,2026-01-07,2820.7
feed,2026-01-08,2817.64
feed,2026-01-09,2805.85
feed,2026-01-10,2815.01
feed,2026-01-11,2802.89
feed,2026-01-12,2778.87
feed,2026-01-13,2789.65
feed,2026-01-14,2811.39
feed,2026-01-15,2825.72
feed,2026-01-16,2819.18
feed,2026-01-17,2801.34
feed,2026-01-18,2767.26
feed,2026-01-19,2773.13
feed,2026-01-20,2766.96
feed,2026-01-21,2765.93
feed,2026-01-22,2750.4
feed,2026-01-23,2743.49
feed,2026-01-24,2748.68
feed,2026-01-25,2752.02
feed,2026-01-26,2762.55
feed,2026-01-27,2760.04
feed,2026-01-28,2769.63
feed,2026-01-29,2775.09
feed,2026-01-30,2757.92
feed,2026-01-31,2748.08
feed,2026-02-01,2740.2
feed,2026-02-02,2743.16
feed,2026-02-03,2739.09
feed,2026-02-04,2750.91
feed,2026-02-05,2739.22
feed,2026-02-06,2741.88
feed,2026-02-07,2713.28
feed,2026-02-08,2711.23
feed,2026-02-09,2712.32
feed,2026-02-10,2729.6
feed,2026-02-11,2715.1
feed,2026-02-12,2740.67
feed,2026-02-13,2756.01
feed,2026-02-14,2755.01
feed,2026-02-15,2765.34
feed,2026-02-16,2769.47
feed,2026-02-17,2765.89
feed,2026-02-18,2766.55
feed,2026-02-19,2774.99
feed,2026-02-20,2774.93
feed,2026-02-21,2770.84
feed,2026-02-22,2767.34
feed,2026-02-23,2778.46
feed,2026-02-24,2783.99
feed,2026-02-25,2786.82
feed,2026-02-26,2781.43
feed,2026-02-27,2762.87
feed,2026-02-28,2759.77
feed,2026-03-01,2749.83
feed,2026-03-02,2744.93
feed,2026-03-03,2743.33
feed,2026-03-04,2736.67
feed,2026-03-05,2730.89
feed,2026-03-06,2726.04
feed,2026-03-07,2707.56
feed,2026-03-08,2713.97
feed,2026-03-09,2720.71
feed,2026-03-10,2724.72
feed,2026-03-11,2701.19
feed,2026-03-12,2707.75
feed,2026-03-13,2717.44
feed,2026-03-14,2724.15
feed,2026-03-15,2736.89
feed,2026-03-16,2753.08
feed,2026-03-17,2730.14
feed,2026-03-18,2719.05
feed,2026-03-19,2716.16
feed,2026-03-20,2714.68
feed,2026-03-21,2699.67
feed,2026-03-22,2695.45
feed,2026-03-23,2683.33
feed,2026-03-24,2670.49
feed,2026-03-25,2655.88
feed,2026-03-26,2659.8
feed,2026-03-27,2659.66
feed,2026-03-28,2670.84
feed,2026-03-29,2651.06
feed,2026-03-30,2649.18
feed,2026-03-31,2633.74
feed,2026-04-01,2635.1
feed,2026-04-02,2631.33
feed,2026-04-03,2624.38
feed,2026-04-04,2601.89
feed,2026-04-05,2594.42
feed,2026-04-06,2598.58
feed,2026-04-07,2594.92
feed,2026-04-08,2578.25
feed,2026-04-09,2578.18
feed,2026-04-10,2584.48
feed,2026-04-11,2589.71
feed,2026-04-12,2582.69
feed,2026-04-13,2577.84
feed,2026-04-14,2581.55
feed,2026-04-15,2569.03
feed,2026-04-16,2564.74
feed,2026-04-17,2584.56
feed,2026-04-18,2572.53
feed,2026-04-19,2587.39
feed,2026-04-20,2587.55
feed,2026-04-21,2587.99
feed,2026-04-22,2586.62
feed,2026-04-23,2581.75
feed,2026-04-24,2579.08
feed,2026-04-25,2589.9
feed,2026-04-26,2577.94
feed,2026-04-27,2572.45
feed,2026-04-28,2572.68
feed,2026-04-29,2560.66
feed,2026-04-30,2578.98
feed,2026-05-01,2598.61
feed,2026-05-02,2573.84
feed,2026-05-03,2568.1
feed,2026-05-04,2552.77
feed,2026-05-05,2567.39
feed,2026-05-06,2571.35
feed,2026-05-07,2559.04
feed,2026-05-08,2567.38
feed,2026-05-09,2567.72
feed,2026-05-10,2564.23
feed,2026-05-11,2587.28
feed,2026-05-12,2596.39
feed,2026-05-13,2592.99
feed,2026-05-14,2584.65
feed,2026-05-15,2573.09
feed,2026-05-16,2579.39
feed,2026-05-17,2576.54
feed,2026-05-18,2581.86
feed,2026-05-19,2585.83
feed,2026-05-20,2586.41
feed,2026-05-21,2588.25
feed,2026-05-22,2586.68
feed,2026-05-23,2595.83
feed,2026-05-24,2592.99
feed,2026-05-25,2597.41
feed,2026-05-26,2603.33
feed,2026-05-27,2601.43
feed,2026-05-28,2615.94
feed,2026-05-29,2612.99
feed,2026-05-30,2634.03
feed,2026-05-31,2651.83
feed,2026-06-01,2646.2
feed,2026-06-02,2637.94
feed,2026-06-03,2648.85
feed,2026-06-04,2643.69
feed,2026-06-05,2635.33
feed,2026-06-06,2634.44
feed,2026-06-07,2662.96
feed,2026-06-08,2682.12
feed,2026-06-09,2690.86
feed,2026-06-10,2700.98
feed,2026-06-11,2692.99
feed,2026-06-12,2711.51
feed,2026-06-13,2721.38
feed,2026-06-14,2731.67
feed,2026-06-15,2733.6
feed,2026-06-16,2737.64
feed,2026-06-17,2751.69
feed,2026-06-18,2773.32
feed,2026-06-19,2796.83
feed,2026-06-20,2792.75
feed,2026-06-21,2803.41
feed,2026-06-22,2800.18
feed,2026-06-23,2810.09
feed,2026-06-24,2806.3
feed,2026-06-25,2797.36
feed,2026-06-26,2808.55
feed,2026-06-27,2835.15
feed,2026-06-28,2851.11
feed,2026-06-29,2854.61
feed,2026-06-30,2859.88
feed,2026-07-01,2868.86
feed,2026-07-02,2884.98
feed,2026-07-03,2899.99
feed,2026-07-04,2932.24
feed,2026-07-05,2946.0
feed,2026-07-06,2962.99
feed,2026-07-07,2958.03
feed,2026-07-08,2984.7
feed,2026-07-09,2981.11
feed,2026-07-10,3016.34
feed,2026-07-11,3014.7
feed,2026-07-12,3031.67
feed,2026-07-13,3035.89
feed,2026-07-14,3033.17
feed,2026-07-15,3044.17
fodder,2024-01-01,898.14
fodder,2024-01-02,900.33
fodder,2024-01-03,900.76
fodder,2024-01-04,897.2
fodder,2024-01-05,902.6
fodder,2024-01-06,906.65
fodder,2024-01-07,912.53
fodder,2024-01-08,913.51
fodder,2024-01-09,913.49
fodder,2024-01-10,916.17
fodder,2024-01-11,914.17
fodder,2024-01-12,914.75
fodder,2024-01-13,914.22
fodder,2024-01-14,909.0
fodder,2024-01-15,909.57
fodder,2024-01-16,908.08
fodder,2024-01-17,907.31
fodder,2024-01-18,908.74
fodder,2024-01-19,913.49
fodder,2024-01-20,910.5
fodder,2024-01-21,909.38
fodder,2024-01-22,906.71
fodder,2024-01-23,903.82
fodder,2024-01-24,901.78
fodder,2024-01-25,901.18
fodder,2024-01-26,903.4
fodder,2024-01-27,904.67
fodder,2024-01-28,900.96
fodder,2024-01-29,905.74
fodder,2024-01-30,909.28
fodder,2024-01-31,906.12
fodder,2024-02-01,910.67
fodder,2024-02-02,911.98
fodder,2024-02-03,911.51
fodder,2024-02-04,912.93
fodder,2024-02-05,912.95
fodder,2024-02-06,915.05
fodder,2024-02-07,915.84
fodder,2024-02-08,914.72
fodder,2024-02-09,907.44
fodder,2024-02-10,909.47
fodder,2024-02-11,908.22
fodder,2024-02-12,911.16
fodder,2024-02-13,913.03
fodder,2024-02-14,911.87
fodder,2024-02-15,915.72
fodder,2024-02-16,916.58
fodder,2024-02-17,917.29
fodder,2024-02-18,916.89
fodder,2024-02-19,923.2
fodder,2024-02-20,920.68
fodder,2024-02-21,919.6
fodder,2024-02-22,915.17
fodder,2024-02-23,917.94
fodder,2024-02-24,915.92
fodder,2024-02-25,914.31
fodder,2024-02-26,912.53
fodder,2024-02-27,912.87
fodder,2024-02-28,908.42
fodder,2024-02-29,900.41
fodder,2024-03-01,902.17
fodder,2024-03-02,894.68
fodder,2024-03-03,897.85
fodder,2024-03-04,903.58
fodder,2024-03-05,903.09
fodder,2024-03-06,907.91
fodder,2024-03-07,907.93
fodder,2024-03-08,913.86
fodder,2024-03-09,912.31
fodder,2024-03-10,903.83
fodder,2024-03-11,903.65
fodder,2024-03-12,909.95
fodder,2024-03-13,912.01
fodder,2024-03-14,910.24
fodder,2024-03-15,911.55
fodder,2024-03-16,915.21
fodder,2024-03-17,915.0
fodder,2024-03-18,924.78
fodder,2024-03-19,922.98
fodder,2024-03-20,926.8
fodder,2024-03-21,929.74
fodder,2024-03-22,927.25
fodder,2024-03-23,925.79
fodder,2024-03-24,929.68
fodder,2024-03-25,930.33
fodder,2024-03-26,931.7
fodder,2024-03-27,925.73
fodder,2024-03-28,928.27
fodder,2024-03-29,929.45
fodder,2024-03-30,929.33
fodder,2024-03-31,930.78
fodder,2024-04-01,929.37
fodder,2024-04-02,927.28
fodder,2024-04-03,926.5
fodder,2024-04-04,924.89
fodder,2024-04-05,933.1
fodder,2024-04-06,936.63
fodder,2024-04-07,933.12
fodder,2024-04-08,940.86
fodder,2024-04-09,939.35
fodder,2024-04-10,939.57
fodder,2024-04-11,943.06
fodder,2024-04-12,935.77
fodder,2024-04-13,935.0
fodder,2024-04-14,932.97
fodder,2024-04-15,933.85
fodder,2024-04-16,935.34
fodder,2024-04-17,935.16
fodder,2024-04-18,934.81
fodder,2024-04-19,938.92
fodder,2024-04-20,940.16
fodder,2024-04-21,940.43
fodder,2024-04-22,941.1
fodder,2024-04-23,948.15
fodder,2024-04-24,948.92
fodder,2024-04-25,947.08
fodder,2024-04-26,939.99
fodder,2024-04-27,934.73
fodder,2024-04-28,933.1
fodder,2024-04-29,932.8
fodder,2024-04-30,930.84
fodder,2024-05-01,932.26
fodder,2024-05-02,930.26
fodder,2024-05-03,926.97
fodder,2024-05-04,929.36
fodder,2024-05-05,934.58
fodder,2024-05-06,930.56
fodder,2024-05-07,931.58
fodder,2024-05-08,924.62
fodder,2024-05-09,919.29
fodder,2024-05-10,917.24
fodder,2024-05-11,921.52
fodder,2024-05-12,918.77
fodder,2024-05-13,915.88
fodder,2024-05-14,916.12
fodder,2024-05-15,916.37
fodder,2024-05-16,913.61
fodder,2024-05-17,921.0
fodder,2024-05-18,920.14
fodder,2024-05-19,920.67
fodder,2024-05-20,919.3
fodder,2024-05-21,921.03
fodder,2024-05-22,925.7
fodder,2024-05-23,931.99
fodder,2024-05-24,929.27
fodder,2024-05-25,933.48
fodder,2024-05-26,935.65
fodder,2024-05-27,939.41
fodder,2024-05-28,939.18
fodder,2024-05-29,938.59
fodder,2024-05-30,942.22
fodder,2024-05-31,945.94
fodder,2024-06-01,952.0
fodder,2024-06-02,952.87
fodder,2024-06-03,952.58
fodder,2024-06-04,943.36
fodder,2024-06-05,937.41
fodder,2024-06-06,936.05
fodder,2024-06-07,932.05
fodder,2024-06-08,935.2
fodder,2024-06-09,930.42
fodder,2024-06-10,928.67
fodder,2024-06-11,927.07
fodder,2024-06-12,931.66
fodder,2024-06-13,929.51
fodder,2024-06-14,931.3
fodder,2024-06-15,932.14
fodder,2024-06-16,935.63
fodder,2024-06-17,938.93
fodder,2024-06-18,938.92
fodder,2024-06-19,932.68
fodder,2024-06-20,931.93
fodder,2024-06-21,931.96
fodder,2024-06-22,933.14
fodder,2024-06-23,930.51
fodder,2024-06-24,934.87
fodder,2024-06-25,935.04
fodder,2024-06-26,931.71
fodder,2024-06-27,930.12
fodder,2024-06-28,937.43
fodder,2024-06-29,940.04
fodder,2024-06-30,944.1
fodder,2024-07-01,940.29
fodder,2024-07-02,937.82
fodder,2024-07-03,935.38
fodder,2024-07-04,936.18
fodder,2024-07-05,935.64
fodder,2024-07-06,933.92
fodder,2024-07-07,932.67
fodder,2024-07-08,929.83
fodder,2024-07-09,929.27
fodder,2024-07-10,933.53
fodder,2024-07-11,928.01
fodder,2024-07-12,929.41
fodder,2024-07-13,934.66
fodder,2024-07-14,934.09
fodder,2024-07-15,932.23
fodder,2024-07-16,935.79
fodder,2024-07-17,932.23
fodder,2024-07-18,932.26
fodder,2024-07-19,928.5
fodder,2024-07-20,921.69
fodder,2024-07-21,921.24
fodder,2024-07-22,916.71
fodder,2024-07-23,916.77
fodder,2024-07-24,920.98
fodder,2024-07-25,927.95
fodder,2024-07-26,928.41
fodder,2024-07-27,932.31
fodder,2024-07-28,933.91
fodder,2024-07-29,932.6
fodder,2024-07-30,925.55
fodder,2024-07-31,931.71
fodder,2024-08-01,927.92
fodder,2024-08-02,933.18
fodder,2024-08-03,935.29
fodder,2024-08-04,931.76
fodder,2024-08-05,933.04
fodder,2024-08-06,941.14
fodder,2024-08-07,947.06
fodder,2024-08-08,945.23
fodder,2024-08-09,942.66
fodder,2024-08-10,943.15
fodder,2024-08-11,942.64
fodder,2024-08-12,947.28
fodder,2024-08-13,950.2
fodder,2024-08-14,943.91
fodder,2024-08-15,945.75
fodder,2024-08-16,945.19
fodder,2024-08-17,945.44
fodder,2024-08-18,946.5
fodder,2024-08-19,951.16
fodder,2024-08-20,955.0
fodder,2024-08-21,952.26
fodder,2024-08-22,952.15
fodder,2024-08-23,950.56
fodder,2024-08-24,944.3
fodder,2024-08-25,944.0
fodder,2024-08-26,951.1
fodder,2024-08-27,944.73
fodder,2024-08-28,944.75
fodder,2024-08-29,944.65
fodder,2024-08-30,945.85
fodder,2024-08-31,942.33
fodder,2024-09-01,937.08
fodder,2024-09-02,932.04
fodder,2024-09-03,937.13
fodder,2024-09-04,933.57
fodder,2024-09-05,931.81
fodder,2024-09-06,939.8
fodder,2024-09-07,937.16
fodder,2024-09-08,938.56
fodder,2024-09-09,942.67
fodder,2024-09-10,946.63
fodder,2024-09-11,941.71
fodder,2024-09-12,939.14
fodder,2024-09-13,940.39
fodder,2024-09-14,947.79
fodder,2024-09-15,945.02
fodder,2024-09-16,943.27
fodder,2024-09-17,944.96
fodder,2024-09-18,947.42
fodder,2024-09-19,950.12
fodder,2024-09-20,947.02
fodder,2024-09-21,945.12
fodder,2024-09-22,946.05
fodder,2024-09-23,950.95
fodder,2024-09-24,950.16
fodder,2024-09-25,950.19
fodder,2024-09-26,946.41
fodder,2024-09-27,953.61
fodder,2024-09-28,954.31
fodder,2024-09-29,958.55
fodder,2024-09-30,958.78
fodder,2024-10-01,959.22
fodder,2024-10-02,953.59
fodder,2024-10-03,945.54
fodder,2024-10-04,950.4
fodder,2024-10-05,950.81
fodder,2024-10-06,951.71
fodder,2024-10-07,947.08
fodder,2024-10-08,943.78
fodder,2024-10-09,947.91
fodder,2024-10-10,954.65
fodder,2024-10-11,952.39
fodder,2024-10-12,955.07
fodder,2024-10-13,955.91
fodder,2024-10-14,955.56
fodder,2024-10-15,962.78
fodder,2024-10-16,961.15
fodder,2024-10-17,966.05
fodder,2024-10-18,967.64
fodder,2024-10-19,967.69
fodder,2024-10-20,973.14
fodder,2024-10-21,974.38
fodder,2024-10-22,974.12
fodder,2024-10-23,979.63
fodder,2024-10-24,984.66
fodder,2024-10-25,989.52
fodder,2024-10-26,974.37
fodder,2024-10-27,976.2
fodder,2024-10-28,977.15
fodder,2024-10-29,977.13
fodder,2024-10-30,979.63
fodder,2024-10-31,980.77
fodder,2024-11-01,983.55
fodder,2024-11-02,982.62
fodder,2024-11-03,988.64
fodder,2024-11-04,991.85
fodder,2024-11-05,994.12
fodder,2024-11-06,996.21
fodder,2024-11-07,1000.95
fodder,2024-11-08,1005.17
fodder,2024-11-09,1004.84
fodder,2024-11-10,1008.94
fodder,2024-11-11,1009.77
fodder,2024-11-12,1017.66
fodder,2024-11-13,1022.26
fodder,2024-11-14,1019.83
fodder,2024-11-15,1029.51
fodder,2024-11-16,1021.01
fodder,2024-11-17,1023.74
fodder,2024-11-18,1021.01
fodder,2024-11-19,1028.85
fodder,2024-11-20,1030.02
fodder,2024-11-21,1026.88
fodder,2024-11-22,1025.91
fodder,2024-11-23,1023.1
fodder,2024-11-24,1021.97
fodder,2024-11-25,1020.75
fodder,2024-11-26,1017.81
fodder,2024-11-27,1019.04
fodder,2024-11-28,1020.76
fodder,2024-11-29,1016.82
fodder,2024-11-30,1010.22
fodder,2024-12-01,1011.59
fodder,2024-12-02,1013.87
fodder,2024-12-03,1016.96
fodder,2024-12-04,1019.33
fodder,2024-12-05,1025.88
fodder,2024-12-06,1030.1
fodder,2024-12-07,1041.33
fodder,2024-12-08,1054.45
fodder,2024-12-09,1047.19
fodder,2024-12-10,1038.15
fodder,2024-12-11,1038.25
fodder,2024-12-12,1040.47
fodder,2024-12-13,1040.28
fodder,2024-12-14,1043.33
fodder,2024-12-15,1042.33
fodder,2024-12-16,1039.57
fodder,2024-12-17,1037.43
fodder,2024-12-18,1036.73
fodder,2024-12-19,1040.36
fodder,2024-12-20,1038.46
fodder,2024-12-21,1037.38
fodder,2024-12-22,1039.88
fodder,2024-12-23,1039.18
fodder,2024-12-24,1043.95
fodder,2024-12-25,1040.25
fodder,2024-12-26,1035.65
fodder,2024-12-27,1037.04
fodder,2024-12-28,1038.84
fodder,2024-12-29,1035.38
fodder,2024-12-30,1041.08
fodder,2024-12-31,1049.26
fodder,2025-01-01,1046.75
fodder,2025-01-02,1053.12
fodder,2025-01-03,1043.26
fodder,2025-01-04,1047.89
fodder,2025-01-05,1044.42
fodder,2025-01-06,1048.63
fodder,2025-01-07,1044.73
fodder,2025-01-08,1044.57
fodder,2025-01-09,1041.32
fodder,2025-01-10,1040.55
fodder,2025-01-11,1048.32
fodder,2025-01-12,1048.0
fodder,2025-01-13,1057.01
fodder,2025-01-14,1055.5
fodder,2025-01-15,1061.95
fodder,2025-01-16,1055.19
fodder,2025-01-17,1054.11
fodder,2025-01-18,1051.98
fodder,2025-01-19,1058.6
fodder,2025-01-20,1059.51
fodder,2025-01-21,1050.82
fodder,2025-01-22,1045.45
fodder,2025-01-23,1041.35
fodder,2025-01-24,1045.38
fodder,2025-01-25,1048.87
fodder,2025-01-26,1047.74
fodder,2025-01-27,1045.57
fodder,2025-01-28,1048.7
fodder,2025-01-29,1044.09
fodder,2025-01-30,1046.13
fodder,2025-01-31,1047.82
fodder,2025-02-01,1046.79
fodder,2025-02-02,1048.59
fodder,2025-02-03,1049.14
fodder,2025-02-04,1051.36
fodder,2025-02-05,1045.89
fodder,2025-02-06,1048.58
fodder,2025-02-07,1053.03
fodder,2025-02-08,1054.51
fodder,2025-02-09,1057.17
fodder,2025-02-10,1056.83
fodder,2025-02-11,1060.74
fodder,2025-02-12,1061.14
fodder,2025-02-13,1056.4
fodder,2025-02-14,1060.0
fodder,2025-02-15,1053.22
fodder,2025-02-16,1054.54
fodder,2025-02-17,1053.05
fodder,2025-02-18,1051.29
fodder,2025-02-19,1052.14
fodder,2025-02-20,1049.28
fodder,2025-02-21,1051.56
fodder,2025-02-22,1051.93
fodder,2025-02-23,1049.46
fodder,2025-02-24,1055.22
fodder,2025-02-25,1056.21
fodder,2025-02-26,1059.01
fodder,2025-02-27,1065.15
fodder,2025-02-28,1071.26
fodder,2025-03-01,1073.88
fodder,2025-03-02,1072.71
fodder,2025-03-03,1066.72
fodder,2025-03-04,1067.73
fodder,2025-03-05,1072.54
fodder,2025-03-06,1074.19
fodder,2025-03-07,1059.62
fodder,2025-03-08,1063.44
fodder,2025-03-09,1067.54
fodder,2025-03-10,1066.38
fodder,2025-03-11,1070.74
fodder,2025-03-12,1073.56
fodder,2025-03-13,1070.75
fodder,2025-03-14,1076.33
fodder,2025-03-15,1071.02
fodder,2025-03-16,1070.9
fodder,2025-03-17,1070.36
fodder,2025-03-18,1066.96
fodder,2025-03-19,1068.38
fodder,2025-03-20,1074.13
fodder,2025-03-21,1079.63
fodder,2025-03-22,1082.89
fodder,2025-03-23,1075.7
fodder,2025-03-24,1070.09
fodder,2025-03-25,1070.93
fodder,2025-03-26,1070.92
fodder,2025-03-27,1068.91
fodder,2025-03-28,1077.22
fodder,2025-03-29,1077.81
fodder,2025-03-30,1080.28
fodder,2025-03-31,1084.68
fodder,2025-04-01,1085.05
fodder,2025-04-02,1096.49
fodder,2025-04-03,1092.5
fodder,2025-04-04,1089.99
fodder,2025-04-05,1086.02
fodder,2025-04-06,1092.96
fodder,2025-04-07,1096.6
fodder,2025-04-08,1094.35
fodder,2025-04-09,1090.7
fodder,2025-04-10,1096.89
fodder,2025-04-11,1098.61
fodder,2025-04-12,1104.96
fodder,2025-04-13,1104.83
fodder,2025-04-14,1107.22
fodder,2025-04-15,1108.69
fodder,2025-04-16,1106.06
fodder,2025-04-17,1105.55
fodder,2025-04-18,1100.46
fodder,2025-04-19,1102.77
fodder,2025-04-20,1106.26
fodder,2025-04-21,1110.79
fodder,2025-04-22,1113.89
fodder,2025-04-23,1113.45
fodder,2025-04-24,1120.52
fodder,2025-04-25,1124.66
fodder,2025-04-26,1131.06
fodder,2025-04-27,1137.78
fodder,2025-04-28,1137.34
fodder,2025-04-29,1139.25
fodder,2025-04-30,1142.92
fodder,2025-05-01,1137.81
fodder,2025-05-02,1132.83
fodder,2025-05-03,1127.1
fodder,2025-05-04,1126.74
fodder,2025-05-05,1125.38
fodder,2025-05-06,1119.07
fodder,2025-05-07,1119.87
fodder,2025-05-08,1119.58
fodder,2025-05-09,1125.02
fodder,2025-05-10,1134.25
fodder,2025-05-11,1136.46
fodder,2025-05-12,1133.43
fodder,2025-05-13,1136.5
fodder,2025-05-14,1136.68
fodder,2025-05-15,1135.73
fodder,2025-05-16,1131.96
fodder,2025-05-17,1129.99
fodder,2025-05-18,1129.32
fodder,2025-05-19,1133.1
fodder,2025-05-20,1135.55
fodder,2025-05-21,1144.01
fodder,2025-05-22,1147.24
fodder,2025-05-23,1149.33
fodder,2025-05-24,1148.06
fodder,2025-05-25,1143.44
fodder,2025-05-26,1140.97
fodder,2025-05-27,1137.92
fodder,2025-05-28,1126.46
fodder,2025-05-29,1122.06
fodder,2025-05-30,1129.41
fodder,2025-05-31,1131.21
fodder,2025-06-01,1129.64
fodder,2025-06-02,1131.58
fodder,2025-06-03,1122.91
fodder,2025-06-04,1124.31
fodder,2025-06-05,1130.21
fodder,2025-06-06,1129.8
fodder,2025-06-07,1121.95
fodder,2025-06-08,1120.23
fodder,2025-06-09,1126.11
fodder,2025-06-10,1127.41
fodder,2025-06-11,1121.17
fodder,2025-06-12,1131.97
fodder,2025-06-13,1126.44
fodder,2025-06-14,1125.49
fodder,2025-06-15,1120.96
fodder,2025-06-16,1116.46
fodder,2025-06-17,1114.57
fodder,2025-06-18,1117.55
fodder,2025-06-19,1123.47
fodder,2025-06-20,1121.87
fodder,2025-06-21,1117.48
fodder,2025-06-22,1119.75
fodder,2025-06-23,1122.17
fodder,2025-06-24,1123.38
fodder,2025-06-25,1124.75
fodder,2025-06-26,1124.38
fodder,2025-06-27,1124.96
fodder,2025-06-28,1124.28
fodder,2025-06-29,1129.24
fodder,2025-06-30,1139.48
fodder,2025-07-01,1140.44
fodder,2025-07-02,1140.55
fodder,2025-07-03,1141.85
fodder,2025-07-04,1138.99
fodder,2025-07-05,1142.62
fodder,2025-07-06,1144.77
fodder,2025-07-07,1142.98
fodder,2025-07-08,1147.25
fodder,2025-07-09,1147.48
fodder,2025-07-10,1143.17
fodder,2025-07-11,1144.92
fodder,2025-07-12,1146.14
fodder,2025-07-13,1150.69
fodder,2025-07-14,1154.66
fodder,2025-07-15,1154.3
fodder,2025-07-16,1152.26
fodder,2025-07-17,1152.4
fodder,2025-07-18,1154.22
fodder,2025-07-19,1156.59
fodder,2025-07-20,1158.13
fodder,2025-07-21,1157.85
fodder,2025-07-22,1162.61
fodder,2025-07-23,1159.62
fodder,2025-07-24,1171.32
fodder,2025-07-25,1175.04
fodder,2025-07-26,1169.89
fodder,2025-07-27,1170.9
fodder,2025-07-28,1174.66
fodder,2025-07-29,1173.17
fodder,2025-07-30,1166.31
fodder,2025-07-31,1161.61
fodder,2025-08-01,1164.27
fodder,2025-08-02,1156.27
fodder,2025-08-03,1149.72
fodder,2025-08-04,1152.33
fodder,2025-08-05,1151.45
fodder,2025-08-06,1148.38
fodder,2025-08-07,1146.25
fodder,2025-08-08,1139.66
fodder,2025-08-09,1142.01
fodder,2025-08-10,1138.47
fodder,2025-08-11,1136.17
fodder,2025-08-12,1137.88
fodder,2025-08-13,1136.85
fodder,2025-08-14,1133.79
fodder,2025-08-15,1124.94
fodder,2025-08-16,1126.73
fodder,2025-08-17,1127.22
fodder,2025-08-18,1125.02
fodder,2025-08-19,1120.5
fodder,2025-08-20,1120.69
fodder,2025-08-21,1122.98
fodder,2025-08-22,1123.55
fodder,2025-08-23,1131.08
fodder,2025-08-24,1134.4
fodder,2025-08-25,1134.05
fodder,2025-08-26,1137.54
fodder,2025-08-27,1137.9
fodder,2025-08-28,1138.24
fodder,2025-08-29,1144.3
fodder,2025-08-30,1140.33
fodder,2025-08-31,1140.58
fodder,2025-09-01,1146.15
fodder,2025-09-02,1147.71
fodder,2025-09-03,1146.15
fodder,2025-09-04,1138.5
fodder,2025-09-05,1128.34
fodder,2025-09-06,1137.88
fodder,2025-09-07,1139.43
fodder,2025-09-08,1136.9
fodder,2025-09-09,1138.63
fodder,2025-09-10,1134.46
fodder,2025-09-11,1133.09
fodder,2025-09-12,1128.97
fodder,2025-09-13,1122.74
fodder,2025-09-14,1113.46
fodder,2025-09-15,1106.5
fodder,2025-09-16,1111.16
fodder,2025-09-17,1106.92
fodder,2025-09-18,1109.42
fodder,2025-09-19,1113.81
fodder,2025-09-20,1114.02
fodder,2025-09-21,1112.82
fodder,2025-09-22,1113.55
fodder,2025-09-23,1111.83
fodder,2025-09-24,1117.33
fodder,2025-09-25,1125.88
fodder,2025-09-26,1132.57
fodder,2025-09-27,1123.0
fodder,2025-09-28,1121.17
fodder,2025-09-29,1121.32
fodder,2025-09-30,1123.54
fodder,2025-10-01,1115.93
fodder,2025-10-02,1108.31
fodder,2025-10-03,1114.25
fodder,2025-10-04,1111.9
fodder,2025-10-05,1105.43
fodder,2025-10-06,1100.7
fodder,2025-10-07,1102.55
fodder,2025-10-08,1099.06
fodder,2025-10-09,1100.26
fodder,2025-10-10,1096.09
fodder,2025-10-11,1088.6
fodder,2025-10-12,1094.95
fodder,2025-10-13,1096.83
fodder,2025-10-14,1095.49
fodder,2025-10-15,1093.34
fodder,2025-10-16,1099.9
fodder,2025-10-17,1102.64
fodder,2025-10-18,1107.84
fodder,2025-10-19,1105.39
fodder,2025-10-20,1105.75
fodder,2025-10-21,1107.66
fodder,2025-10-22,1105.36
fodder,2025-10-23,1105.07
fodder,2025-10-24,1102.62
fodder,2025-10-25,1104.52
fodder,2025-10-26,1098.83
fodder,2025-10-27,1101.48
fodder,2025-10-28,1102.98
fodder,2025-10-29,1102.21
fodder,2025-10-30,1104.33
fodder,2025-10-31,1102.85
fodder,2025-11-01,1100.03
fodder,2025-11-02,1102.56
fodder,2025-11-03,1105.28
fodder,2025-11-04,1103.18
fodder,2025-11-05,1100.69
fodder,2025-11-06,1100.02
fodder,2025-11-07,1097.73
fodder,2025-11-08,1104.58
fodder,2025-11-09,1106.11
fodder,2025-11-10,1106.3
fodder,2025-11-11,1102.32
fodder,2025-11-12,1105.71
fodder,2025-11-13,1103.14
fodder,2025-11-14,1100.4
fodder,2025-11-15,1103.94
fodder,2025-11-16,1105.78
fodder,2025-11-17,1094.9
fodder,2025-11-18,1094.34
fodder,2025-11-19,1095.02
fodder,2025-11-20,1093.66
fodder,2025-11-21,1094.5
fodder,2025-11-22,1086.73
fodder,2025-11-23,1074.62
fodder,2025-11-24,1070.57
fodder,2025-11-25,1071.91
fodder,2025-11-26,1058.29
fodder,2025-11-27,1054.86
fodder,2025-11-28,1046.9
fodder,2025-11-29,1046.01
fodder,2025-11-30,1054.36
fodder,2025-12-01,1053.57
fodder,2025-12-02,1053.24
fodder,2025-12-03,1056.91
fodder,2025-12-04,1057.13
fodder,2025-12-05,1056.35
fodder,2025-12-06,1060.4
fodder,2025-12-07,1062.53
fodder,2025-12-08,1063.88
fodder,2025-12-09,1063.42
fodder,2025-12-10,1062.08
fodder,2025-12-11,1066.11
fodder,2025-12-12,1064.8
fodder,2025-12-13,1070.19
fodder,2025-12-14,1065.84
fodder,2025-12-15,1072.1
fodder,2025-12-16,1074.26
fodder,2025-12-17,1070.23
fodder,2025-12-18,1072.54
fodder,2025-12-19,1069.88
fodder,2025-12-20,1070.15
fodder,2025-12-21,1068.2
fodder,2025-12-22,1067.76
fodder,2025-12-23,1071.92
fodder,2025-12-24,1074.27
fodder,2025-12-25,1069.58
fodder,2025-12-26,1065.14
fodder,2025-12-27,1066.43
fodder,2025-12-28,1068.02
fodder,2025-12-29,1065.27
fodder,2025-12-30,1072.2
fodder,2025-12-31,1075.83
fodder,2026-01-01,1073.27
fodder,2026-01-02,1070.3
fodder,2026-01-03,1069.45
fodder,2026-01-04,1068.16
fodder,2026-01-05,1073.67
fodder,2026-01-06,1078.04
fodder,2026-01-07,1078.32
fodder,2026-01-08,1081.37
fodder,2026-01-09,1085.07
fodder,2026-01-10,1085.45
fodder,2026-01-11,1087.33
fodder,2026-01-12,1090.05
fodder,2026-01-13,1092.31
fodder,2026-01-14,1089.04
fodder,2026-01-15,1086.23
fodder,2026-01-16,1085.1
fodder,2026-01-17,1082.17
fodder,2026-01-18,1075.94
fodder,2026-01-19,1078.98
fodder,2026-01-20,1080.61
fodder,2026-01-21,1074.96
fodder,2026-01-22,1074.06
fodder,2026-01-23,1073.4
fodder,2026-01-24,1074.31
fodder,2026-01-25,1069.8
fodder,2026-01-26,1064.14
fodder,2026-01-27,1066.49
fodder,2026-01-28,1060.09
fodder,2026-01-29,1059.23
fodder,2026-01-30,1057.98
fodder,2026-01-31,1057.58
fodder,2026-02-01,1058.78
fodder,2026-02-02,1065.7
fodder,2026-02-03,1059.03
fodder,2026-02-04,1062.88
fodder,2026-02-05,1052.38
fodder,2026-02-06,1058.39
fodder,2026-02-07,1049.9
fodder,2026-02-08,1060.31
fodder,2026-02-09,1058.78
fodder,2026-02-10,1064.39
fodder,2026-02-11,1069.14
fodder,2026-02-12,1067.41
fodder,2026-02-13,1066.0
fodder,2026-02-14,1062.56
fodder,2026-02-15,1066.04
fodder,2026-02-16,1064.37
fodder,2026-02-17,1061.01
fodder,2026-02-18,1063.42
fodder,2026-02-19,1059.74
fodder,2026-02-20,1058.48
fodder,2026-02-21,1059.06
fodder,2026-02-22,1056.46
fodder,2026-02-23,1054.52
fodder,2026-02-24,1061.14
fodder,2026-02-25,1060.4
fodder,2026-02-26,1059.0
fodder,2026-02-27,1058.39
fodder,2026-02-28,1060.44
fodder,2026-03-01,1056.19
fodder,2026-03-02,1058.12
fodder,2026-03-03,1059.33
fodder,2026-03-04,1051.91
fodder,2026-03-05,1059.61
fodder,2026-03-06,1065.95
fodder,2026-03-07,1062.67
fodder,2026-03-08,1058.04
fodder,2026-03-09,1059.13
fodder,2026-03-10,1053.23
fodder,2026-03-11,1059.12
fodder,2026-03-12,1057.27
fodder,2026-03-13,1064.27
fodder,2026-03-14,1060.9
fodder,2026-03-15,1060.55
fodder,2026-03-16,1066.07
fodder,2026-03-17,1064.82
fodder,2026-03-18,1066.1
fodder,2026-03-19,1070.9
fodder,2026-03-20,1068.65
fodder,2026-03-21,1063.4
fodder,2026-03-22,1057.34
fodder,2026-03-23,1059.94
fodder,2026-03-24,1061.71
fodder,2026-03-25,1066.36
fodder,2026-03-26,1065.32
fodder,2026-03-27,1059.37
fodder,2026-03-28,1049.57
fodder,2026-03-29,1061.81
fodder,2026-03-30,1064.18
fodder,2026-03-31,1064.89
fodder,2026-04-01,1066.2
fodder,2026-04-02,1060.24
fodder,2026-04-03,1057.0
fodder,2026-04-04,1064.53
fodder,2026-04-05,1067.46
fodder,2026-04-06,1064.33
fodder,2026-04-07,1059.25
fodder,2026-04-08,1057.2
fodder,2026-04-09,1055.99
fodder,2026-04-10,1064.81
fodder,2026-04-11,1064.13
fodder,2026-04-12,1059.21
fodder,2026-04-13,1059.09
fodder,2026-04-14,1060.34
fodder,2026-04-15,1055.05
fodder,2026-04-16,1056.87
fodder,2026-04-17,1062.12
fodder,2026-04-18,1062.84
fodder,2026-04-19,1059.58
fodder,2026-04-20,1057.47
fodder,2026-04-21,1050.6
fodder,2026-04-22,1050.17
fodder,2026-04-23,1051.6
fodder,2026-04-24,1047.96
fodder,2026-04-25,1056.25
fodder,2026-04-26,1059.73
fodder,2026-04-27,1052.28
fodder,2026-04-28,1044.98
fodder,2026-04-29,1041.0
fodder,2026-04-30,1047.69
fodder,2026-05-01,1051.56
fodder,2026-05-02,1058.54
fodder,2026-05-03,1058.71
fodder,2026-05-04,1057.95
fodder,2026-05-05,1052.81
fodder,2026-05-06,1054.41
fodder,2026-05-07,1053.71
fodder,2026-05-08,1052.85
fodder,2026-05-09,1059.81
fodder,2026-05-10,1059.4
fodder,2026-05-11,1065.18
fodder,2026-05-12,1058.57
fodder,2026-05-13,1070.14
fodder,2026-05-14,1068.67
fodder,2026-05-15,1071.83
fodder,2026-05-16,1075.68
fodder,2026-05-17,1073.67
fodder,2026-05-18,1077.32
fodder,2026-05-19,1081.21
fodder,2026-05-20,1078.26
fodder,2026-05-21,1075.37
fodder,2026-05-22,1075.69
fodder,2026-05-23,1075.32
fodder,2026-05-24,1081.46
fodder,2026-05-25,1084.64
fodder,2026-05-26,1084.46
fodder,2026-05-27,1087.22
fodder,2026-05-28,1078.49
fodder,2026-05-29,1075.97
fodder,2026-05-30,1077.33
fodder,2026-05-31,1082.28
fodder,2026-06-01,1083.28
fodder,2026-06-02,1092.72
fodder,2026-06-03,1099.63
fodder,2026-06-04,1100.59
fodder,2026-06-05,1103.09
fodder,2026-06-06,1108.0
fodder,2026-06-07,1109.13
fodder,2026-06-08,1119.07
fodder,2026-06-09,1117.23
fodder,2026-06-10,1121.77
fodder,2026-06-11,1128.2
fodder,2026-06-12,1129.91
fodder,2026-06-13,1130.6
fodder,2026-06-14,1133.38
fodder,2026-06-15,1140.2
fodder,2026-06-16,1141.05
fodder,2026-06-17,1139.29
fodder,2026-06-18,1147.68
fodder,2026-06-19,1152.65
fodder,2026-06-20,1160.45
fodder,2026-06-21,1167.14
fodder,2026-06-22,1180.55
fodder,2026-06-23,1189.02
fodder,2026-06-24,1188.78
fodder,2026-06-25,1194.22
fodder,2026-06-26,1194.75
fodder,2026-06-27,1195.77
fodder,2026-06-28,1192.2
fodder,2026-06-29,1194.01
fodder,2026-06-30,1199.79
fodder,2026-07-01,1202.65
fodder,2026-07-02,1200.54
fodder,2026-07-03,1196.39
fodder,2026-07-04,1209.71
fodder,2026-07-05,1214.46
fodder,2026-07-06,1213.63
fodder,2026-07-07,1219.05
fodder,2026-07-08,1232.97
fodder,2026-07-09,1239.25
fodder,2026-07-10,1228.68
fodder,2026-07-11,1245.0
fodder,2026-07-12,1239.01
fodder,2026-07-13,1241.18
fodder,2026-07-14,1238.73
fodder,2026-07-15,1238.24
milk,2024-01-01,38.0
milk,2024-01-02,37.9
milk,2024-01-03,37.9
milk,2024-01-04,38.0
milk,2024-01-05,37.9
milk,2024-01-06,37.8
milk,2024-01-07,37.8
milk,2024-01-08,37.8
milk,2024-01-09,37.7
milk,2024-01-10,37.6
milk,2024-01-11,37.7
milk,2024-01-12,37.7
milk,2024-01-13,37.7
milk,2024-01-14,37.6
milk,2024-01-15,37.6
milk,2024-01-16,37.5
milk,2024-01-17,37.6
milk,2024-01-18,37.7
milk,2024-01-19,37.7
milk,2024-01-20,37.6
milk,2024-01-21,37.6
milk,2024-01-22,37.6
milk,2024-01-23,37.6
milk,2024-01-24,37.6
milk,2024-01-25,37.7
milk,2024-01-26,37.7
milk,2024-01-27,37.7
milk,2024-01-28,37.9
milk,2024-01-29,38.0
milk,2024-01-30,38.0
milk,2024-01-31,38.0
milk,2024-02-01,38.0
milk,2024-02-02,38.0
milk,2024-02-03,38.1
milk,2024-02-04,38.0
milk,2024-02-05,38.0
milk,2024-02-06,37.9
milk,2024-02-07,38.0
milk,2024-02-08,38.1
milk,2024-02-09,38.1
milk,2024-02-10,38.1
milk,2024-02-11,38.0
milk,2024-02-12,37.9
milk,2024-02-13,37.8
milk,2024-02-14,37.7
milk,2024-02-15,37.7
milk,2024-02-16,37.7
milk,2024-02-17,37.8
milk,2024-02-18,37.8
milk,2024-02-19,37.9
milk,2024-02-20,37.8
milk,2024-02-21,37.8
milk,2024-02-22,37.8
milk,2024-02-23,37.9
milk,2024-02-24,37.9
milk,2024-02-25,37.9
milk,2024-02-26,37.8
milk,2024-02-27,37.7
milk,2024-02-28,37.8
milk,2024-02-29,37.7
milk,2024-03-01,37.8
milk,2024-03-02,37.8
milk,2024-03-03,37.8
milk,2024-03-04,37.7
milk,2024-03-05,37.8
milk,2024-03-06,38.0
milk,2024-03-07,38.0
milk,2024-03-08,38.0
milk,2024-03-09,37.9
milk,2024-03-10,37.9
milk,2024-03-11,37.9
milk,2024-03-12,37.9
milk,2024-03-13,38.0
milk,2024-03-14,38.0
milk,2024-03-15,37.9
milk,2024-03-16,37.8
milk,2024-03-17,37.9
milk,2024-03-18,37.8
milk,2024-03-19,37.8
milk,2024-03-20,37.7
milk,2024-03-21,37.8
milk,2024-03-22,37.7
milk,2024-03-23,37.7
milk,2024-03-24,37.7
milk,2024-03-25,37.8
milk,2024-03-26,37.8
milk,2024-03-27,38.0
milk,2024-03-28,38.0
milk,2024-03-29,38.1
milk,2024-03-30,38.1
milk,2024-03-31,38.2
milk,2024-04-01,38.3
milk,2024-04-02,38.3
milk,2024-04-03,38.4
milk,2024-04-04,38.3
milk,2024-04-05,38.3
milk,2024-04-06,38.4
milk,2024-04-07,38.5
milk,2024-04-08,38.5
milk,2024-04-09,38.4
milk,2024-04-10,38.4
milk,2024-04-11,38.4
milk,2024-04-12,38.4
milk,2024-04-13,38.4
milk,2024-04-14,38.5
milk,2024-04-15,38.5
milk,2024-04-16,38.6
milk,2024-04-17,38.5
milk,2024-04-18,38.6
milk,2024-04-19,38.6
milk,2024-04-20,38.5
milk,2024-04-21,38.6
milk,2024-04-22,38.7
milk,2024-04-23,38.6
milk,2024-04-24,38.6
milk,2024-04-25,38.5
milk,2024-04-26,38.7
milk,2024-04-27,38.6
milk,2024-04-28,38.5
milk,2024-04-29,38.5
milk,2024-04-30,38.4
milk,2024-05-01,38.3
milk,2024-05-02,38.4
milk,2024-05-03,38.4
milk,2024-05-04,38.4
milk,2024-05-05,38.4
milk,2024-05-06,38.4
milk,2024-05-07,38.4
milk,2024-05-08,38.3
milk,2024-05-09,38.3
milk,2024-05-10,38.3
milk,2024-05-11,38.2
milk,2024-05-12,38.3
milk,2024-05-13,38.3
milk,2024-05-14,38.3
milk,2024-05-15,38.2
milk,2024-05-16,38.2
milk,2024-05-17,38.4
milk,2024-05-18,38.3
milk,2024-05-19,38.3
milk,2024-05-20,38.3
milk,2024-05-21,38.3
milk,2024-05-22,38.2
milk,2024-05-23,38.3
milk,2024-05-24,38.4
milk,2024-05-25,38.4
milk,2024-05-26,38.5
milk,2024-05-27,38.6
milk,2024-05-28,38.7
milk,2024-05-29,38.8
milk,2024-05-30,39.0
milk,2024-05-31,39.1
milk,2024-06-01,39.0
milk,2024-06-02,39.1
milk,2024-06-03,39.2
milk,2024-06-04,39.3
milk,2024-06-05,39.2
milk,2024-06-06,39.3
milk,2024-06-07,39.2
milk,2024-06-08,39.3
milk,2024-06-09,39.3
milk,2024-06-10,39.3
milk,2024-06-11,39.2
milk,2024-06-12,39.3
milk,2024-06-13,39.3
milk,2024-06-14,39.3
milk,2024-06-15,39.5
milk,2024-06-16,39.4
milk,2024-06-17,39.5
milk,2024-06-18,39.5
milk,2024-06-19,39.5
milk,2024-06-20,39.7
milk,2024-06-21,39.7
milk,2024-06-22,39.7
milk,2024-06-23,39.8
milk,2024-06-24,39.8
milk,2024-06-25,39.7
milk,2024-06-26,39.6
milk,2024-06-27,39.5
milk,2024-06-28,39.4
milk,2024-06-29,39.4
milk,2024-06-30,39.3
milk,2024-07-01,39.4
milk,2024-07-02,39.5
milk,2024-07-03,39.5
milk,2024-07-04,39.5
milk,2024-07-05,39.6
milk,2024-07-06,39.7
milk,2024-07-07,39.7
milk,2024-07-08,39.7
milk,2024-07-09,39.6
milk,2024-07-10,39.7
milk,2024-07-11,39.9
milk,2024-07-12,39.9
milk,2024-07-13,39.9
milk,2024-07-14,39.9
milk,2024-07-15,39.8
milk,2024-07-16,39.8
milk,2024-07-17,39.9
milk,2024-07-18,39.9
milk,2024-07-19,40.0
milk,2024-07-20,40.0
milk,2024-07-21,39.9
milk,2024-07-22,39.9
milk,2024-07-23,39.9
milk,2024-07-24,39.9
milk,2024-07-25,40.0
milk,2024-07-26,40.2
milk,2024-07-27,40.2
milk,2024-07-28,40.2
milk,2024-07-29,40.1
milk,2024-07-30,40.2
milk,2024-07-31,40.1
milk,2024-08-01,40.2
milk,2024-08-02,40.1
milk,2024-08-03,40.1
milk,2024-08-04,40.1
milk,2024-08-05,40.1
milk,2024-08-06,40.1
milk,2024-08-07,40.2
milk,2024-08-08,40.2
milk,2024-08-09,40.3
milk,2024-08-10,40.2
milk,2024-08-11,40.3
milk,2024-08-12,40.3
milk,2024-08-13,40.4
milk,2024-08-14,40.3
milk,2024-08-15,40.3
milk,2024-08-16,40.4
milk,2024-08-17,40.3
milk,2024-08-18,40.3
milk,2024-08-19,40.3
milk,2024-08-20,40.3
milk,2024-08-21,40.2
milk,2024-08-22,40.3
milk,2024-08-23,40.2
milk,2024-08-24,40.2
milk,2024-08-25,40.1
milk,2024-08-26,40.1
milk,2024-08-27,40.0
milk,2024-08-28,40.1
milk,2024-08-29,40.1
milk,2024-08-30,40.2
milk,2024-08-31,40.2
milk,2024-09-01,40.3
milk,2024-09-02,40.2
milk,2024-09-03,40.1
milk,2024-09-04,40.2
milk,2024-09-05,40.2
milk,2024-09-06,40.3
milk,2024-09-07,40.3
milk,2024-09-08,40.4
milk,2024-09-09,40.4
milk,2024-09-10,40.3
milk,2024-09-11,40.4
milk,2024-09-12,40.4
milk,2024-09-13,40.6
milk,2024-09-14,40.7
milk,2024-09-15,40.7
milk,2024-09-16,40.7
milk,2024-09-17,40.8
milk,2024-09-18,40.7
milk,2024-09-19,40.8
milk,2024-09-20,40.7
milk,2024-09-21,40.7
milk,2024-09-22,40.8
milk,2024-09-23,40.8
milk,2024-09-24,40.8
milk,2024-09-25,40.8
milk,2024-09-26,40.8
milk,2024-09-27,40.7
milk,2024-09-28,40.7
milk,2024-09-29,40.7
milk,2024-09-30,40.8
milk,2024-10-01,40.8
milk,2024-10-02,40.7
milk,2024-10-03,40.8
milk,2024-10-04,40.8
milk,2024-10-05,40.8
milk,2024-10-06,40.8
milk,2024-10-07,40.7
milk,2024-10-08,40.9
milk,2024-10-09,40.9
milk,2024-10-10,40.7
milk,2024-10-11,40.8
milk,2024-10-12,40.9
milk,2024-10-13,40.9
milk,2024-10-14,40.8
milk,2024-10-15,40.7
milk,2024-10-16,40.7
milk,2024-10-17,40.8
milk,2024-10-18,40.8
milk,2024-10-19,40.7
milk,2024-10-20,40.7
milk,2024-10-21,40.7
milk,2024-10-22,40.7
milk,2024-10-23,40.6
milk,2024-10-24,40.5
milk,2024-10-25,40.6
milk,2024-10-26,40.6
milk,2024-10-27,40.7
milk,2024-10-28,40.7
milk,2024-10-29,40.7
milk,2024-10-30,40.7
milk,2024-10-31,40.7
milk,2024-11-01,40.8
milk,2024-11-02,40.9
milk,2024-11-03,40.8
milk,2024-11-04,40.8
milk,2024-11-05,40.9
milk,2024-11-06,41.0
milk,2024-11-07,41.2
milk,2024-11-08,41.1
milk,2024-11-09,41.2
milk,2024-11-10,41.2
milk,2024-11-11,41.3
milk,2024-11-12,41.4
milk,2024-11-13,41.3
milk,2024-11-14,41.3
milk,2024-11-15,41.4
milk,2024-11-16,41.4
milk,2024-11-17,41.4
milk,2024-11-18,41.3
milk,2024-11-19,41.4
milk,2024-11-20,41.4
milk,2024-11-21,41.3
milk,2024-11-22,41.3
milk,2024-11-23,41.3
milk,2024-11-24,41.3
milk,2024-11-25,41.3
milk,2024-11-26,41.1
milk,2024-11-27,41.2
milk,2024-11-28,41.2
milk,2024-11-29,41.2
milk,2024-11-30,41.0
milk,2024-12-01,41.0
milk,2024-12-02,41.1
milk,2024-12-03,41.1
milk,2024-12-04,41.2
milk,2024-12-05,41.3
milk,2024-12-06,41.3
milk,2024-12-07,41.3
milk,2024-12-08,41.2
milk,2024-12-09,41.3
milk,2024-12-10,41.4
milk,2024-12-11,41.4
milk,2024-12-12,41.5
milk,2024-12-13,41.6
milk,2024-12-14,41.6
milk,2024-12-15,41.8
milk,2024-12-16,41.9
milk,2024-12-17,42.1
milk,2024-12-18,42.0
milk,2024-12-19,42.2
milk,2024-12-20,42.2
milk,2024-12-21,42.2
milk,2024-12-22,42.0
milk,2024-12-23,42.0
milk,2024-12-24,42.0
milk,2024-12-25,42.0
milk,2024-12-26,41.9
milk,2024-12-27,42.1
milk,2024-12-28,42.1
milk,2024-12-29,42.3
milk,2024-12-30,42.2
milk,2024-12-31,42.4
milk,2025-01-01,42.2
milk,2025-01-02,42.2
milk,2025-01-03,42.2
milk,2025-01-04,42.2
milk,2025-01-05,42.1
milk,2025-01-06,42.0
milk,2025-01-07,41.9
milk,2025-01-08,41.9
milk,2025-01-09,41.9
milk,2025-01-10,42.0
milk,2025-01-11,42.1
milk,2025-01-12,42.2
milk,2025-01-13,42.0
milk,2025-01-14,42.0
milk,2025-01-15,42.1
milk,2025-01-16,42.1
milk,2025-01-17,42.0
milk,2025-01-18,42.1
milk,2025-01-19,42.1
milk,2025-01-20,42.0
milk,2025-01-21,42.1
milk,2025-01-22,42.1
milk,2025-01-23,42.0
milk,2025-01-24,42.0
milk,2025-01-25,41.9
milk,2025-01-26,41.9
milk,2025-01-27,42.0
milk,2025-01-28,42.0
milk,2025-01-29,42.1
milk,2025-01-30,42.1
milk,2025-01-31,42.1
milk,2025-02-01,41.9
milk,2025-02-02,41.9
milk,2025-02-03,41.8
milk,2025-02-04,41.8
milk,2025-02-05,41.8
milk,2025-02-06,41.9
milk,2025-02-07,42.1
milk,2025-02-08,42.1
milk,2025-02-09,42.2
milk,2025-02-10,42.3
milk,2025-02-11,42.3
milk,2025-02-12,42.4
milk,2025-02-13,42.5
milk,2025-02-14,42.5
milk,2025-02-15,42.5
milk,2025-02-16,42.4
milk,2025-02-17,42.2
milk,2025-02-18,42.2
milk,2025-02-19,42.2
milk,2025-02-20,42.1
milk,2025-02-21,42.1
milk,2025-02-22,42.0
milk,2025-02-23,42.1
milk,2025-02-24,42.1
milk,2025-02-25,42.1
milk,2025-02-26,42.1
milk,2025-02-27,42.0
milk,2025-02-28,42.1
milk,2025-03-01,42.1
milk,2025-03-02,42.1
milk,2025-03-03,42.2
milk,2025-03-04,42.1
milk,2025-03-05,42.0
milk,2025-03-06,42.1
milk,2025-03-07,42.1
milk,2025-03-08,42.1
milk,2025-03-09,42.1
milk,2025-03-10,42.2
milk,2025-03-11,42.3
milk,2025-03-12,42.3
milk,2025-03-13,42.2
milk,2025-03-14,42.1
milk,2025-03-15,42.0
milk,2025-03-16,42.2
milk,2025-03-17,42.1
milk,2025-03-18,42.1
milk,2025-03-19,42.0
milk,2025-03-20,42.0
milk,2025-03-21,42.0
milk,2025-03-22,41.9
milk,2025-03-23,42.0
milk,2025-03-24,42.0
milk,2025-03-25,42.2
milk,2025-03-26,42.1
milk,2025-03-27,42.2
milk,2025-03-28,42.3
milk,2025-03-29,42.3
milk,2025-03-30,42.3
milk,2025-03-31,42.2
milk,2025-04-01,42.1
milk,2025-04-02,42.1
milk,2025-04-03,42.2
milk,2025-04-04,42.0
milk,2025-04-05,42.2
milk,2025-04-06,42.2
milk,2025-04-07,42.2
milk,2025-04-08,42.2
milk,2025-04-09,42.1
milk,2025-04-10,42.1
milk,2025-04-11,42.1
milk,2025-04-12,42.1
milk,2025-04-13,42.2
milk,2025-04-14,42.2
milk,2025-04-15,42.3
milk,2025-04-16,42.3
milk,2025-04-17,42.3
milk,2025-04-18,42.3
milk,2025-04-19,42.4
milk,2025-04-20,42.4
milk,2025-04-21,42.4
milk,2025-04-22,42.4
milk,2025-04-23,42.4
milk,2025-04-24,42.4
milk,2025-04-25,42.4
milk,2025-04-26,42.4
milk,2025-04-27,42.4
milk,2025-04-28,42.5
milk,2025-04-29,42.7
milk,2025-04-30,42.6
milk,2025-05-01,42.7
milk,2025-05-02,42.5
milk,2025-05-03,42.6
milk,2025-05-04,42.5
milk,2025-05-05,42.4
milk,2025-05-06,42.4
milk,2025-05-07,42.4
milk,2025-05-08,42.3
milk,2025-05-09,42.3
milk,2025-05-10,42.3
milk,2025-05-11,42.3
milk,2025-05-12,42.3
milk,2025-05-13,42.2
milk,2025-05-14,42.3
milk,2025-05-15,42.4
milk,2025-05-16,42.2
milk,2025-05-17,42.3
milk,2025-05-18,42.3
milk,2025-05-19,42.3
milk,2025-05-20,42.2
milk,2025-05-21,42.3
milk,2025-05-22,42.5
milk,2025-05-23,42.5
milk,2025-05-24,42.5
milk,2025-05-25,42.4
milk,2025-05-26,42.3
milk,2025-05-27,42.5
milk,2025-05-28,42.5
milk,2025-05-29,42.4
milk,2025-05-30,42.3
milk,2025-05-31,42.3
milk,2025-06-01,42.4
milk,2025-06-02,42.3
milk,2025-06-03,42.4
milk,2025-06-04,42.4
milk,2025-06-05,42.3
milk,2025-06-06,42.3
milk,2025-06-07,42.5
milk,2025-06-08,42.3
milk,2025-06-09,42.3
milk,2025-06-10,42.4
milk,2025-06-11,42.4
milk,2025-06-12,42.3
milk,2025-06-13,42.4
milk,2025-06-14,42.5
milk,2025-06-15,42.5
milk,2025-06-16,42.5
milk,2025-06-17,42.5
milk,2025-06-18,42.5
milk,2025-06-19,42.4
milk,2025-06-20,42.5
milk,2025-06-21,42.6
milk,2025-06-22,42.6
milk,2025-06-23,42.7
milk,2025-06-24,42.8
milk,2025-06-25,42.9
milk,2025-06-26,43.1
milk,2025-06-27,42.9
milk,2025-06-28,42.9
milk,2025-06-29,43.0
milk,2025-06-30,42.9
milk,2025-07-01,43.1
milk,2025-07-02,43.2
milk,2025-07-03,43.2
milk,2025-07-04,43.1
milk,2025-07-05,43.1
milk,2025-07-06,43.1
milk,2025-07-07,43.1
milk,2025-07-08,43.1
milk,2025-07-09,43.1
milk,2025-07-10,42.8
milk,2025-07-11,42.7
milk,2025-07-12,42.6
milk,2025-07-13,42.6
milk,2025-07-14,42.6
milk,2025-07-15,42.5
milk,2025-07-16,42.4
milk,2025-07-17,42.3
milk,2025-07-18,42.2
milk,2025-07-19,42.2
milk,2025-07-20,42.2
milk,2025-07-21,42.2
milk,2025-07-22,42.1
milk,2025-07-23,42.1
milk,2025-07-24,42.1
milk,2025-07-25,42.1
milk,2025-07-26,42.1
milk,2025-07-27,42.2
milk,2025-07-28,42.1
milk,2025-07-29,42.1
milk,2025-07-30,42.1
milk,2025-07-31,42.0
milk,2025-08-01,42.0
milk,2025-08-02,42.1
milk,2025-08-03,42.1
milk,2025-08-04,42.1
milk,2025-08-05,42.0
milk,2025-08-06,41.8
milk,2025-08-07,41.8
milk,2025-08-08,41.8
milk,2025-08-09,41.7
milk,2025-08-10,41.7
milk,2025-08-11,41.6
milk,2025-08-12,41.5
milk,2025-08-13,41.6
milk,2025-08-14,41.5
milk,2025-08-15,41.4
milk,2025-08-16,41.5
milk,2025-08-17,41.4
milk,2025-08-18,41.4
milk,2025-08-19,41.3
milk,2025-08-20,41.4
milk,2025-08-21,41.4
milk,2025-08-22,41.4
milk,2025-08-23,41.5
milk,2025-08-24,41.5
milk,2025-08-25,41.5
milk,2025-08-26,41.6
milk,2025-08-27,41.7
milk,2025-08-28,41.7
milk,2025-08-29,41.7
milk,2025-08-30,41.8
milk,2025-08-31,41.8
milk,2025-09-01,41.8
milk,2025-09-02,41.9
milk,2025-09-03,41.9
milk,2025-09-04,41.9
milk,2025-09-05,41.9
milk,2025-09-06,41.8
milk,2025-09-07,41.7
milk,2025-09-08,41.7
milk,2025-09-09,41.7
milk,2025-09-10,41.8
milk,2025-09-11,41.9
milk,2025-09-12,41.9
milk,2025-09-13,42.0
milk,2025-09-14,42.0
milk,2025-09-15,42.0
milk,2025-09-16,42.1
milk,2025-09-17,42.0
milk,2025-09-18,41.9
milk,2025-09-19,41.8
milk,2025-09-20,41.9
milk,2025-09-21,42.1
milk,2025-09-22,41.9
milk,2025-09-23,42.0
milk,2025-09-24,42.0
milk,2025-09-25,42.1
milk,2025-09-26,42.2
milk,2025-09-27,42.3
milk,2025-09-28,42.3
milk,2025-09-29,42.2
milk,2025-09-30,42.2
milk,2025-10-01,42.3
milk,2025-10-02,42.2
milk,2025-10-03,42.3
milk,2025-10-04,42.3
milk,2025-10-05,42.3
milk,2025-10-06,42.2
milk,2025-10-07,42.1
milk,2025-10-08,42.2
milk,2025-10-09,42.0
milk,2025-10-10,41.9
milk,2025-10-11,41.8
milk,2025-10-12,41.7
milk,2025-10-13,41.8
milk,2025-10-14,41.7
milk,2025-10-15,41.8
milk,2025-10-16,42.0
milk,2025-10-17,42.2
milk,2025-10-18,42.2
milk,2025-10-19,42.3
milk,2025-10-20,42.2
milk,2025-10-21,42.0
milk,2025-10-22,42.0
milk,2025-10-23,42.1
milk,2025-10-24,42.2
milk,2025-10-25,42.1
milk,2025-10-26,42.1
milk,2025-10-27,42.2
milk,2025-10-28,42.2
milk,2025-10-29,42.2
milk,2025-10-30,42.1
milk,2025-10-31,42.1
milk,2025-11-01,42.1
milk,2025-11-02,42.1
milk,2025-11-03,42.2
milk,2025-11-04,42.2
milk,2025-11-05,42.3
milk,2025-11-06,42.2
milk,2025-11-07,42.2
milk,2025-11-08,42.2
milk,2025-11-09,42.2
milk,2025-11-10,42.1
milk,2025-11-11,42.2
milk,2025-11-12,42.3
milk,2025-11-13,42.4
milk,2025-11-14,42.5
milk,2025-11-15,42.5
milk,2025-11-16,42.4
milk,2025-11-17,42.6
milk,2025-11-18,42.6
milk,2025-11-19,42.5
milk,2025-11-20,42.6
milk,2025-11-21,42.6
milk,2025-11-22,42.7
milk,2025-11-23,42.7
milk,2025-11-24,42.7
milk,2025-11-25,42.9
milk,2025-11-26,42.7
milk,2025-11-27,42.7
milk,2025-11-28,42.6
milk,2025-11-29,42.4
milk,2025-11-30,42.5
milk,2025-12-01,42.5
milk,2025-12-02,42.6
milk,2025-12-03,42.6
milk,2025-12-04,42.7
milk,2025-12-05,42.6
milk,2025-12-06,42.6
milk,2025-12-07,42.6
milk,2025-12-08,42.6
milk,2025-12-09,42.6
milk,2025-12-10,42.6
milk,2025-12-11,42.5
milk,2025-12-12,42.5
milk,2025-12-13,42.5
milk,2025-12-14,42.5
milk,2025-12-15,42.5
milk,2025-12-16,42.4
milk,2025-12-17,42.5
milk,2025-12-18,42.5
milk,2025-12-19,42.7
milk,2025-12-20,42.7
milk,2025-12-21,42.9
milk,2025-12-22,42.8
milk,2025-12-23,42.7
milk,2025-12-24,42.7
milk,2025-12-25,42.8
milk,2025-12-26,42.8
milk,2025-12-27,42.9
milk,2025-12-28,42.7
milk,2025-12-29,42.8
milk,2025-12-30,42.9
milk,2025-12-31,42.7
milk,2026-01-01,42.8
milk,2026-01-02,42.8
milk,2026-01-03,42.9
milk,2026-01-04,43.0
milk,2026-01-05,43.0
milk,2026-01-06,42.9
milk,2026-01-07,42.9
milk,2026-01-08,42.7
milk,2026-01-09,42.8
milk,2026-01-10,42.9
milk,2026-01-11,42.8
milk,2026-01-12,42.8
milk,2026-01-13,42.7
milk,2026-01-14,42.7
milk,2026-01-15,42.7
milk,2026-01-16,42.7
milk,2026-01-17,42.7
milk,2026-01-18,42.8
milk,2026-01-19,42.9
milk,2026-01-20,42.8
milk,2026-01-21,42.9
milk,2026-01-22,43.1
milk,2026-01-23,43.2
milk,2026-01-24,43.2
milk,2026-01-25,43.1
milk,2026-01-26,43.1
milk,2026-01-27,43.0
milk,2026-01-28,43.0
milk,2026-01-29,43.1
milk,2026-01-30,43.2
milk,2026-01-31,43.1
milk,2026-02-01,43.1
milk,2026-02-02,43.1
milk,2026-02-03,43.1
milk,2026-02-04,43.2
milk,2026-02-05,43.2
milk,2026-02-06,43.2
milk,2026-02-07,43.2
milk,2026-02-08,43.3
milk,2026-02-09,43.4
milk,2026-02-10,43.3
milk,2026-02-11,43.4
milk,2026-02-12,43.4
milk,2026-02-13,43.4
milk,2026-02-14,43.4
milk,2026-02-15,43.4
milk,2026-02-16,43.5
milk,2026-02-17,43.4
milk,2026-02-18,43.5
milk,2026-02-19,43.6
milk,2026-02-20,43.5
milk,2026-02-21,43.5
milk,2026-02-22,43.4
milk,2026-02-23,43.2
milk,2026-02-24,43.3
milk,2026-02-25,43.5
milk,2026-02-26,43.3
milk,2026-02-27,43.3
milk,2026-02-28,43.3
milk,2026-03-01,43.3
milk,2026-03-02,43.4
milk,2026-03-03,43.4
milk,2026-03-04,43.4
milk,2026-03-05,43.4
milk,2026-03-06,43.1
milk,2026-03-07,43.1
milk,2026-03-08,43.1
milk,2026-03-09,43.2
milk,2026-03-10,43.4
milk,2026-03-11,43.4
milk,2026-03-12,43.2
milk,2026-03-13,43.2
milk,2026-03-14,43.3
milk,2026-03-15,43.4
milk,2026-03-16,43.6
milk,2026-03-17,43.5
milk,2026-03-18,43.4
milk,2026-03-19,43.4
milk,2026-03-20,43.4
milk,2026-03-21,43.6
milk,2026-03-22,43.6
milk,2026-03-23,43.6
milk,2026-03-24,43.6
milk,2026-03-25,43.7
milk,2026-03-26,43.7
milk,2026-03-27,43.7
milk,2026-03-28,43.6
milk,2026-03-29,43.7
milk,2026-03-30,43.6
milk,2026-03-31,43.7
milk,2026-04-01,43.5
milk,2026-04-02,43.5
milk,2026-04-03,43.6
milk,2026-04-04,43.6
milk,2026-04-05,43.5
milk,2026-04-06,43.5
milk,2026-04-07,43.5
milk,2026-04-08,43.5
milk,2026-04-09,43.5
milk,2026-04-10,43.5
milk,2026-04-11,43.4
milk,2026-04-12,43.6
milk,2026-04-13,43.6
milk,2026-04-14,43.6
milk,2026-04-15,43.6
milk,2026-04-16,43.7
milk,2026-04-17,43.6
milk,2026-04-18,43.6
milk,2026-04-19,43.6
milk,2026-04-20,43.5
milk,2026-04-21,43.4
milk,2026-04-22,43.4
milk,2026-04-23,43.4
milk,2026-04-24,43.4
milk,2026-04-25,43.5
milk,2026-04-26,43.6
milk,2026-04-27,43.4
milk,2026-04-28,43.4
milk,2026-04-29,43.4
milk,2026-04-30,43.3
milk,2026-05-01,43.3
milk,2026-05-02,43.4
milk,2026-05-03,43.5
milk,2026-05-04,43.5
milk,2026-05-05,43.4
milk,2026-05-06,43.5
milk,2026-05-07,43.7
milk,2026-05-08,43.7
milk,2026-05-09,43.7
milk,2026-05-10,43.7
milk,2026-05-11,43.7
milk,2026-05-12,43.5
milk,2026-05-13,43.6
milk,2026-05-14,43.7
milk,2026-05-15,43.8
milk,2026-05-16,43.7
milk,2026-05-17,43.8
milk,2026-05-18,43.8
milk,2026-05-19,43.8
milk,2026-05-20,43.8
milk,2026-05-21,43.8
milk,2026-05-22,43.9
milk,2026-05-23,43.9
milk,2026-05-24,44.0
milk,2026-05-25,44.0
milk,2026-05-26,44.0
milk,2026-05-27,43.9
milk,2026-05-28,43.9
milk,2026-05-29,43.7
milk,2026-05-30,43.8
milk,2026-05-31,43.8
milk,2026-06-01,43.8
milk,2026-06-02,43.8
milk,2026-06-03,43.8
milk,2026-06-04,44.0
milk,2026-06-05,43.9
milk,2026-06-06,43.8
milk,2026-06-07,43.8
milk,2026-06-08,44.0
milk,2026-06-09,43.9
milk,2026-06-10,44.0
milk,2026-06-11,44.1
milk,2026-06-12,43.9
milk,2026-06-13,43.9
milk,2026-06-14,44.0
milk,2026-06-15,43.9
milk,2026-06-16,43.9
milk,2026-06-17,43.8
milk,2026-06-18,43.8
milk,2026-06-19,43.8
milk,2026-06-20,43.8
milk,2026-06-21,43.7
milk,2026-06-22,43.8
milk,2026-06-23,43.7
milk,2026-06-24,43.6
milk,2026-06-25,43.7
milk,2026-06-26,43.7
milk,2026-06-27,43.7
milk,2026-06-28,43.7
milk,2026-06-29,43.7
milk,2026-06-30,43.6
milk,2026-07-01,43.7
milk,2026-07-02,43.6
milk,2026-07-03,43.6
milk,2026-07-04,43.4
milk,2026-07-05,43.5
milk,2026-07-06,43.5
milk,2026-07-07,43.6
milk,2026-07-08,43.6
milk,2026-07-09,43.6
milk,2026-07-10,43.7
milk,2026-07-11,43.7
milk,2026-07-12,43.6
milk,2026-07-13,43.5
milk,2026-07-14,43.5
milk,2026-07-15,43.5
veg_index,2024-01-01,1812.23
veg_index,2024-01-02,1817.84
veg_index,2024-01-03,1807.61
veg_index,2024-01-04,1803.85
veg_index,2024-01-05,1805.94
veg_index,2024-01-06,1805.12
veg_index,2024-01-07,1809.21
veg_index,2024-01-08,1810.36
veg_index,2024-01-09,1790.5
veg_index,2024-01-10,1760.11
veg_index,2024-01-11,1755.01
veg_index,2024-01-12,1763.06
veg_index,2024-01-13,1758.11
veg_index,2024-01-14,1775.75
veg_index,2024-01-15,1775.25
veg_index,2024-01-16,1794.79
veg_index,2024-01-17,1811.57
veg_index,2024-01-18,1827.03
veg_index,2024-01-19,1809.69
veg_index,2024-01-20,1810.1
veg_index,2024-01-21,1828.06
veg_index,2024-01-22,1832.21
veg_index,2024-01-23,1840.52
veg_index,2024-01-24,1820.36
veg_index,2024-01-25,1848.68
veg_index,2024-01-26,1837.18
veg_index,2024-01-27,1808.26
veg_index,2024-01-28,1803.35
veg_index,2024-01-29,1768.55
veg_index,2024-01-30,1753.42
veg_index,2024-01-31,1789.84
veg_index,2024-02-01,1765.77
veg_index,2024-02-02,1745.87
veg_index,2024-02-03,1746.39
veg_index,2024-02-04,1734.04
veg_index,2024-02-05,1746.23
veg_index,2024-02-06,1734.01
veg_index,2024-02-07,1737.92
veg_index,2024-02-08,1722.2
veg_index,2024-02-09,1758.55
veg_index,2024-02-10,1765.8
veg_index,2024-02-11,1763.91
veg_index,2024-02-12,1759.94
veg_index,2024-02-13,1752.32
veg_index,2024-02-14,1741.84
veg_index,2024-02-15,1731.04
veg_index,2024-02-16,1754.6
veg_index,2024-02-17,1747.02
veg_index,2024-02-18,1717.66
veg_index,2024-02-19,1701.87
veg_index,2024-02-20,1714.7
veg_index,2024-02-21,1711.4
veg_index,2024-02-22,1709.72
veg_index,2024-02-23,1725.95
veg_index,2024-02-24,1715.41
veg_index,2024-02-25,1724.26
veg_index,2024-02-26,1715.23
veg_index,2024-02-27,1723.3
veg_index,2024-02-28,1718.07
veg_index,2024-02-29,1714.91
veg_index,2024-03-01,1662.93
veg_index,2024-03-02,1673.06
veg_index,2024-03-03,1671.0
veg_index,2024-03-04,1664.85
veg_index,2024-03-05,1686.44
veg_index,2024-03-06,1694.56
veg_index,2024-03-07,1689.42
veg_index,2024-03-08,1680.77
veg_index,2024-03-09,1694.76
veg_index,2024-03-10,1696.48
veg_index,2024-03-11,1694.41
veg_index,2024-03-12,1696.12
veg_index,2024-03-13,1700.86
veg_index,2024-03-14,1700.25
veg_index,2024-03-15,1716.85
veg_index,2024-03-16,1734.39
veg_index,2024-03-17,1741.95
veg_index,2024-03-18,1761.37
veg_index,2024-03-19,1761.65
veg_index,2024-03-20,1771.56
veg_index,2024-03-21,1786.01
veg_index,2024-03-22,1800.8
veg_index,2024-03-23,1814.2
veg_index,2024-03-24,1823.55
veg_index,2024-03-25,1852.5
veg_index,2024-03-26,1844.68
veg_index,2024-03-27,1842.56
veg_index,2024-03-28,1839.56
veg_index,2024-03-29,1834.32
veg_index,2024-03-30,1805.53
veg_index,2024-03-31,1825.66
veg_index,2024-04-01,1711.27
veg_index,2024-04-02,1713.75
veg_index,2024-04-03,1694.52
veg_index,2024-04-04,1703.11
veg_index,2024-04-05,1692.6
veg_index,2024-04-06,1677.43
veg_index,2024-04-07,1680.2
veg_index,2024-04-08,1670.95
veg_index,2024-04-09,1663.45
veg_index,2024-04-10,1665.88
veg_index,2024-04-11,1676.73
veg_index,2024-04-12,1665.94
veg_index,2024-04-13,1652.93
veg_index,2024-04-14,1653.39
veg_index,2024-04-15,1660.69
veg_index,2024-04-16,1680.38
veg_index,2024-04-17,1666.19
veg_index,2024-04-18,1662.11
veg_index,2024-04-19,1677.97
veg_index,2024-04-20,1704.82
veg_index,2024-04-21,1691.48
veg_index,2024-04-22,1681.66
veg_index,2024-04-23,1686.95
veg_index,2024-04-24,1679.32
veg_index,2024-04-25,1669.3
veg_index,2024-04-26,1672.72
veg_index,2024-04-27,1693.74
veg_index,2024-04-28,1676.24
veg_index,2024-04-29,1696.6
veg_index,2024-04-30,1688.97
veg_index,2024-05-01,1591.37
veg_index,2024-05-02,1611.9
veg_index,2024-05-03,1616.25
veg_index,2024-05-04,1612.55
veg_index,2024-05-05,1621.99
veg_index,2024-05-06,1619.89
veg_index,2024-05-07,1626.81
veg_index,2024-05-08,1624.29
veg_index,2024-05-09,1635.67
veg_index,2024-05-10,1617.67
veg_index,2024-05-11,1604.75
veg_index,2024-05-12,1586.91
veg_index,2024-05-13,1586.33
veg_index,2024-05-14,1567.18
veg_index,2024-05-15,1558.67
veg_index,2024-05-16,1545.06
veg_index,2024-05-17,1563.6
veg_index,2024-05-18,1551.4
veg_index,2024-05-19,1535.65
veg_index,2024-05-20,1538.84
veg_index,2024-05-21,1559.89
veg_index,2024-05-22,1558.58
veg_index,2024-05-23,1558.24
veg_index,2024-05-24,1574.56
veg_index,2024-05-25,1585.8
veg_index,2024-05-26,1591.35
veg_index,2024-05-27,1584.1
veg_index,2024-05-28,1590.03
veg_index,2024-05-29,1572.95
veg_index,2024-05-30,1565.27
veg_index,2024-05-31,1583.44
veg_index,2024-06-01,1520.92
veg_index,2024-06-02,1526.39
veg_index,2024-06-03,1503.15
veg_index,2024-06-04,1488.82
veg_index,2024-06-05,1480.88
veg_index,2024-06-06,1478.98
veg_index,2024-06-07,1464.39
veg_index,2024-06-08,1461.64
veg_index,2024-06-09,1482.59
veg_index,2024-06-10,1487.48
veg_index,2024-06-11,1490.22
veg_index,2024-06-12,1478.28
veg_index,2024-06-13,1459.15
veg_index,2024-06-14,1445.01
veg_index,2024-06-15,1425.86
veg_index,2024-06-16,1426.84
veg_index,2024-06-17,1431.36
veg_index,2024-06-18,1420.48
veg_index,2024-06-19,1422.29
veg_index,2024-06-20,1439.23
veg_index,2024-06-21,1462.08
veg_index,2024-06-22,1471.25
veg_index,2024-06-23,1469.33
veg_index,2024-06-24,1478.16
veg_index,2024-06-25,1494.37
veg_index,2024-06-26,1470.7
veg_index,2024-06-27,1488.37
veg_index,2024-06-28,1482.03
veg_index,2024-06-29,1475.84
veg_index,2024-06-30,1471.79
veg_index,2024-07-01,1442.46
veg_index,2024-07-02,1429.82
veg_index,2024-07-03,1426.7
veg_index,2024-07-04,1432.83
veg_index,2024-07-05,1435.47
veg_index,2024-07-06,1439.98
veg_index,2024-07-07,1436.38
veg_index,2024-07-08,1444.5
veg_index,2024-07-09,1456.9
veg_index,2024-07-10,1468.69
veg_index,2024-07-11,1473.85
veg_index,2024-07-12,1485.1
veg_index,2024-07-13,1495.62
veg_index,2024-07-14,1528.13
veg_index,2024-07-15,1543.23
veg_index,2024-07-16,1542.27
veg_index,2024-07-17,1531.2
veg_index,2024-07-18,1528.14
veg_index,2024-07-19,1524.23
veg_index,2024-07-20,1530.62
veg_index,2024-07-21,1522.2
veg_index,2024-07-22,1536.93
veg_index,2024-07-23,1520.08
veg_index,2024-07-24,1500.49
veg_index,2024-07-25,1499.0
veg_index,2024-07-26,1489.07
veg_index,2024-07-27,1474.28
veg_index,2024-07-28,1466.92
veg_index,2024-07-29,1458.14
veg_index,2024-07-30,1458.39
veg_index,2024-07-31,1451.3
veg_index,2024-08-01,1464.55
veg_index,2024-08-02,1464.62
veg_index,2024-08-03,1476.69
veg_index,2024-08-04,1494.3
veg_index,2024-08-05,1496.2
veg_index,2024-08-06,1499.04
veg_index,2024-08-07,1496.98
veg_index,2024-08-08,1502.89
veg_index,2024-08-09,1507.72
veg_index,2024-08-10,1523.94
veg_index,2024-08-11,1501.22
veg_index,2024-08-12,1498.54
veg_index,2024-08-13,1502.75
veg_index,2024-08-14,1502.56
veg_index,2024-08-15,1491.45
veg_index,2024-08-16,1476.16
veg_index,2024-08-17,1485.85
veg_index,2024-08-18,1477.01
veg_index,2024-08-19,1456.55
veg_index,2024-08-20,1466.7
veg_index,2024-08-21,1472.23
veg_index,2024-08-22,1470.99
veg_index,2024-08-23,1460.4
veg_index,2024-08-24,1459.21
veg_index,2024-08-25,1473.6
veg_index,2024-08-26,1454.82
veg_index,2024-08-27,1436.86
veg_index,2024-08-28,1429.79
veg_index,2024-08-29,1429.61
veg_index,2024-08-30,1424.08
veg_index,2024-08-31,1431.55
veg_index,2024-09-01,1510.1
veg_index,2024-09-02,1513.61
veg_index,2024-09-03,1520.55
veg_index,2024-09-04,1524.0
veg_index,2024-09-05,1524.25
veg_index,2024-09-06,1508.69
veg_index,2024-09-07,1496.47
veg_index,2024-09-08,1480.52
veg_index,2024-09-09,1478.9
veg_index,2024-09-10,1481.78
veg_index,2024-09-11,1464.83
veg_index,2024-09-12,1465.81
veg_index,2024-09-13,1455.72
veg_index,2024-09-14,1443.45
veg_index,2024-09-15,1436.37
veg_index,2024-09-16,1423.68
veg_index,2024-09-17,1430.74
veg_index,2024-09-18,1428.95
veg_index,2024-09-19,1438.43
veg_index,2024-09-20,1433.46
veg_index,2024-09-21,1428.94
veg_index,2024-09-22,1450.65
veg_index,2024-09-23,1432.07
veg_index,2024-09-24,1446.99
veg_index,2024-09-25,1466.4
veg_index,2024-09-26,1475.54
veg_index,2024-09-27,1471.78
veg_index,2024-09-28,1488.81
veg_index,2024-09-29,1485.12
veg_index,2024-09-30,1476.89
veg_index,2024-10-01,1565.12
veg_index,2024-10-02,1558.14
veg_index,2024-10-03,1546.52
veg_index,2024-10-04,1560.46
veg_index,2024-10-05,1550.97
veg_index,2024-10-06,1550.74
veg_index,2024-10-07,1533.07
veg_index,2024-10-08,1533.59
veg_index,2024-10-09,1519.61
veg_index,2024-10-10,1505.46
veg_index,2024-10-11,1504.28
veg_index,2024-10-12,1517.19
veg_index,2024-10-13,1522.68
veg_index,2024-10-14,1529.03
veg_index,2024-10-15,1527.58
veg_index,2024-10-16,1523.62
veg_index,2024-10-17,1533.44
veg_index,2024-10-18,1526.68
veg_index,2024-10-19,1537.04
veg_index,2024-10-20,1552.46
veg_index,2024-10-21,1542.18
veg_index,2024-10-22,1533.78
veg_index,2024-10-23,1527.23
veg_index,2024-10-24,1509.55
veg_index,2024-10-25,1504.03
veg_index,2024-10-26,1519.9
veg_index,2024-10-27,1507.38
veg_index,2024-10-28,1523.58
veg_index,2024-10-29,1518.44
veg_index,2024-10-30,1544.48
veg_index,2024-10-31,1536.22
veg_index,2024-11-01,1628.98
veg_index,2024-11-02,1617.31
veg_index,2024-11-03,1608.58
veg_index,2024-11-04,1626.04
veg_index,2024-11-05,1632.37
veg_index,2024-11-06,1646.01
veg_index,2024-11-07,1628.92
veg_index,2024-11-08,1637.63
veg_index,2024-11-09,1625.09
veg_index,2024-11-10,1607.95
veg_index,2024-11-11,1611.16
veg_index,2024-11-12,1614.26
veg_index,2024-11-13,1615.09
veg_index,2024-11-14,1624.54
veg_index,2024-11-15,1636.08
veg_index,2024-11-16,1655.58
veg_index,2024-11-17,1640.03
veg_index,2024-11-18,1660.01
veg_index,2024-11-19,1685.35
veg_index,2024-11-20,1680.57
veg_index,2024-11-21,1658.43
veg_index,2024-11-22,1640.33
veg_index,2024-11-23,1634.42
veg_index,2024-11-24,1661.12
veg_index,2024-11-25,1661.5
veg_index,2024-11-26,1653.46
veg_index,2024-11-27,1644.57
veg_index,2024-11-28,1627.41
veg_index,2024-11-29,1638.98
veg_index,2024-11-30,1637.92
veg_index,2024-12-01,1740.08
veg_index,2024-12-02,1749.0
veg_index,2024-12-03,1760.81
veg_index,2024-12-04,1757.56
veg_index,2024-12-05,1742.45
veg_index,2024-12-06,1730.47
veg_index,2024-12-07,1711.77
veg_index,2024-12-08,1724.44
veg_index,2024-12-09,1719.29
veg_index,2024-12-10,1732.6
veg_index,2024-12-11,1734.64
veg_index,2024-12-12,1730.74
veg_index,2024-12-13,1714.77
veg_index,2024-12-14,1719.07
veg_index,2024-12-15,1716.22
veg_index,2024-12-16,1728.81
veg_index,2024-12-17,1719.1
veg_index,2024-12-18,1727.75
veg_index,2024-12-19,1750.73
veg_index,2024-12-20,1754.71
veg_index,2024-12-21,1765.93
veg_index,2024-12-22,1774.19
veg_index,2024-12-23,1801.49
veg_index,2024-12-24,1807.02
veg_index,2024-12-25,1817.33
veg_index,2024-12-26,1816.97
veg_index,2024-12-27,1805.91
veg_index,2024-12-28,1788.7
veg_index,2024-12-29,1807.08
veg_index,2024-12-30,1792.72
veg_index,2024-12-31,1803.62
veg_index,2025-01-01,1843.18
veg_index,2025-01-02,1856.93
veg_index,2025-01-03,1849.46
veg_index,2025-01-04,1837.97
veg_index,2025-01-05,1843.7
veg_index,2025-01-06,1839.56
veg_index,2025-01-07,1821.7
veg_index,2025-01-08,1850.34
veg_index,2025-01-09,1838.82
veg_index,2025-01-10,1824.43
veg_index,2025-01-11,1821.06
veg_index,2025-01-12,1839.57
veg_index,2025-01-13,1808.12
veg_index,2025-01-14,1825.29
veg_index,2025-01-15,1812.19
veg_index,2025-01-16,1816.19
veg_index,2025-01-17,1806.56
veg_index,2025-01-18,1835.74
veg_index,2025-01-19,1837.74
veg_index,2025-01-20,1827.52
veg_index,2025-01-21,1823.29
veg_index,2025-01-22,1824.76
veg_index,2025-01-23,1827.52
veg_index,2025-01-24,1834.11
veg_index,2025-01-25,1834.26
veg_index,2025-01-26,1814.32
veg_index,2025-01-27,1809.56
veg_index,2025-01-28,1818.52
veg_index,2025-01-29,1808.97
veg_index,2025-01-30,1818.89
veg_index,2025-01-31,1819.52
veg_index,2025-02-01,1797.38
veg_index,2025-02-02,1814.8
veg_index,2025-02-03,1789.9
veg_index,2025-02-04,1780.42
veg_index,2025-02-05,1798.22
veg_index,2025-02-06,1824.9
veg_index,2025-02-07,1858.75
veg_index,2025-02-08,1859.67
veg_index,2025-02-09,1866.66
veg_index,2025-02-10,1879.08
veg_index,2025-02-11,1898.51
veg_index,2025-02-12,1903.45
veg_index,2025-02-13,1917.77
veg_index,2025-02-14,1925.01
veg_index,2025-02-15,1933.25
veg_index,2025-02-16,1919.27
veg_index,2025-02-17,1914.39
veg_index,2025-02-18,1906.57
veg_index,2025-02-19,1888.7
veg_index,2025-02-20,1864.07
veg_index,2025-02-21,1857.93
veg_index,2025-02-22,1854.18
veg_index,2025-02-23,1855.91
veg_index,2025-02-24,1864.35
veg_index,2025-02-25,1867.32
veg_index,2025-02-26,1863.66
veg_index,2025-02-27,1850.23
veg_index,2025-02-28,1863.42
veg_index,2025-03-01,1793.66
veg_index,2025-03-02,1787.61
veg_index,2025-03-03,1785.1
veg_index,2025-03-04,1774.83
veg_index,2025-03-05,1767.47
veg_index,2025-03-06,1759.69
veg_index,2025-03-07,1755.81
veg_index,2025-03-08,1765.2
veg_index,2025-03-09,1771.12
veg_index,2025-03-10,1793.33
veg_index,2025-03-11,1810.97
veg_index,2025-03-12,1839.7
veg_index,2025-03-13,1848.11
veg_index,2025-03-14,1856.33
veg_index,2025-03-15,1849.27
veg_index,2025-03-16,1861.7
veg_index,2025-03-17,1852.12
veg_index,2025-03-18,1830.62
veg_index,2025-03-19,1853.28
veg_index,2025-03-20,1835.02
veg_index,2025-03-21,1841.64
veg_index,2025-03-22,1828.88
veg_index,2025-03-23,1845.6
veg_index,2025-03-24,1864.51
veg_index,2025-03-25,1872.59
veg_index,2025-03-26,1891.52
veg_index,2025-03-27,1891.81
veg_index,2025-03-28,1926.1
veg_index,2025-03-29,1937.8
veg_index,2025-03-30,1924.06
veg_index,2025-03-31,1925.31
veg_index,2025-04-01,1817.33
veg_index,2025-04-02,1813.86
veg_index,2025-04-03,1790.13
veg_index,2025-04-04,1795.84
veg_index,2025-04-05,1776.2
veg_index,2025-04-06,1740.84
veg_index,2025-04-07,1736.21
veg_index,2025-04-08,1725.9
veg_index,2025-04-09,1714.2
veg_index,2025-04-10,1672.32
veg_index,2025-04-11,1661.12
veg_index,2025-04-12,1658.96
veg_index,2025-04-13,1650.72
veg_index,2025-04-14,1655.99
veg_index,2025-04-15,1674.69
veg_index,2025-04-16,1681.78
veg_index,2025-04-17,1695.8
veg_index,2025-04-18,1711.06
veg_index,2025-04-19,1697.33
veg_index,2025-04-20,1703.45
veg_index,2025-04-21,1717.22
veg_index,2025-04-22,1711.4
veg_index,2025-04-23,1700.76
veg_index,2025-04-24,1708.15
veg_index,2025-04-25,1688.17
veg_index,2025-04-26,1673.69
veg_index,2025-04-27,1664.94
veg_index,2025-04-28,1671.1
veg_index,2025-04-29,1674.18
veg_index,2025-04-30,1688.22
veg_index,2025-05-01,1574.61
veg_index,2025-05-02,1562.51
veg_index,2025-05-03,1569.21
veg_index,2025-05-04,1559.36
veg_index,2025-05-05,1551.99
veg_index,2025-05-06,1529.24
veg_index,2025-05-07,1532.94
veg_index,2025-05-08,1552.1
veg_index,2025-05-09,1539.51
veg_index,2025-05-10,1552.29
veg_index,2025-05-11,1551.69
veg_index,2025-05-12,1530.07
veg_index,2025-05-13,1519.29
veg_index,2025-05-14,1507.85
veg_index,2025-05-15,1504.17
veg_index,2025-05-16,1509.36
veg_index,2025-05-17,1531.99
veg_index,2025-05-18,1514.69
veg_index,2025-05-19,1508.96
veg_index,2025-05-20,1498.32
veg_index,2025-05-21,1483.33
veg_index,2025-05-22,1484.59
veg_index,2025-05-23,1484.75
veg_index,2025-05-24,1463.49
veg_index,2025-05-25,1463.83
veg_index,2025-05-26,1449.92
veg_index,2025-05-27,1450.18
veg_index,2025-05-28,1465.12
veg_index,2025-05-29,1470.69
veg_index,2025-05-30,1472.91
veg_index,2025-05-31,1466.83
veg_index,2025-06-01,1395.06
veg_index,2025-06-02,1401.49
veg_index,2025-06-03,1406.83
veg_index,2025-06-04,1405.84
veg_index,2025-06-05,1408.41
veg_index,2025-06-06,1393.78
veg_index,2025-06-07,1385.74
veg_index,2025-06-08,1393.73
veg_index,2025-06-09,1403.28
veg_index,2025-06-10,1404.46
veg_index,2025-06-11,1421.3
veg_index,2025-06-12,1427.22
veg_index,2025-06-13,1424.69
veg_index,2025-06-14,1410.98
veg_index,2025-06-15,1427.44
veg_index,2025-06-16,1436.39
veg_index,2025-06-17,1457.34
veg_index,2025-06-18,1482.96
veg_index,2025-06-19,1467.9
veg_index,2025-06-20,1453.02
veg_index,2025-06-21,1420.25
veg_index,2025-06-22,1430.85
veg_index,2025-06-23,1438.51
veg_index,2025-06-24,1439.77
veg_index,2025-06-25,1425.84
veg_index,2025-06-26,1424.96
veg_index,2025-06-27,1427.19
veg_index,2025-06-28,1436.29
veg_index,2025-06-29,1439.56
veg_index,2025-06-30,1447.35
veg_index,2025-07-01,1413.48
veg_index,2025-07-02,1427.03
veg_index,2025-07-03,1434.39
veg_index,2025-07-04,1420.96
veg_index,2025-07-05,1436.97
veg_index,2025-07-06,1451.26
veg_index,2025-07-07,1456.81
veg_index,2025-07-08,1460.21
veg_index,2025-07-09,1479.85
veg_index,2025-07-10,1460.77
veg_index,2025-07-11,1475.48
veg_index,2025-07-12,1470.0
veg_index,2025-07-13,1483.07
veg_index,2025-07-14,1484.64
veg_index,2025-07-15,1470.08
veg_index,2025-07-16,1464.38
veg_index,2025-07-17,1476.53
veg_index,2025-07-18,1474.19
veg_index,2025-07-19,1467.01
veg_index,2025-07-20,1459.78
veg_index,2025-07-21,1467.44
veg_index,2025-07-22,1488.27
veg_index,2025-07-23,1463.13
veg_index,2025-07-24,1496.41
veg_index,2025-07-25,1498.99
veg_index,2025-07-26,1506.1
veg_index,2025-07-27,1500.99
veg_index,2025-07-28,1501.08
veg_index,2025-07-29,1503.53
veg_index,2025-07-30,1491.1
veg_index,2025-07-31,1481.65
veg_index,2025-08-01,1515.93
veg_index,2025-08-02,1497.36
veg_index,2025-08-03,1502.78
veg_index,2025-08-04,1498.47
veg_index,2025-08-05,1487.13
veg_index,2025-08-06,1510.91
veg_index,2025-08-07,1499.56
veg_index,2025-08-08,1486.19
veg_index,2025-08-09,1484.11
veg_index,2025-08-10,1475.14
veg_index,2025-08-11,1475.35
veg_index,2025-08-12,1477.32
veg_index,2025-08-13,1480.23
veg_index,2025-08-14,1478.89
veg_index,2025-08-15,1470.74
veg_index,2025-08-16,1478.46
veg_index,2025-08-17,1477.28
veg_index,2025-08-18,1471.56
veg_index,2025-08-19,1489.22
veg_index,2025-08-20,1487.91
veg_index,2025-08-21,1501.1
veg_index,2025-08-22,1516.05
veg_index,2025-08-23,1531.88
veg_index,2025-08-24,1540.51
veg_index,2025-08-25,1540.64
veg_index,2025-08-26,1539.99
veg_index,2025-08-27,1537.13
veg_index,2025-08-28,1510.85
veg_index,2025-08-29,1519.7
veg_index,2025-08-30,1522.81
veg_index,2025-08-31,1533.04
veg_index,2025-09-01,1601.63
veg_index,2025-09-02,1610.32
veg_index,2025-09-03,1592.81
veg_index,2025-09-04,1578.13
veg_index,2025-09-05,1547.31
veg_index,2025-09-06,1545.79
veg_index,2025-09-07,1536.4
veg_index,2025-09-08,1525.48
veg_index,2025-09-09,1529.7
veg_index,2025-09-10,1524.64
veg_index,2025-09-11,1507.4
veg_index,2025-09-12,1538.54
veg_index,2025-09-13,1538.22
veg_index,2025-09-14,1525.09
veg_index,2025-09-15,1517.07
veg_index,2025-09-16,1515.11
veg_index,2025-09-17,1513.12
veg_index,2025-09-18,1529.11
veg_index,2025-09-19,1528.27
veg_index,2025-09-20,1551.26
veg_index,2025-09-21,1546.05
veg_index,2025-09-22,1551.47
veg_index,2025-09-23,1564.35
veg_index,2025-09-24,1579.52
veg_index,2025-09-25,1596.32
veg_index,2025-09-26,1593.0
veg_index,2025-09-27,1593.07
veg_index,2025-09-28,1561.92
veg_index,2025-09-29,1559.62
veg_index,2025-09-30,1573.43
veg_index,2025-10-01,1684.66
veg_index,2025-10-02,1683.65
veg_index,2025-10-03,1706.85
veg_index,2025-10-04,1701.76
veg_index,2025-10-05,1692.19
veg_index,2025-10-06,1686.02
veg_index,2025-10-07,1671.1
veg_index,2025-10-08,1679.59
veg_index,2025-10-09,1683.62
veg_index,2025-10-10,1692.01
veg_index,2025-10-11,1686.56
veg_index,2025-10-12,1685.93
veg_index,2025-10-13,1656.95
veg_index,2025-10-14,1662.1
veg_index,2025-10-15,1663.56
veg_index,2025-10-16,1649.13
veg_index,2025-10-17,1647.9
veg_index,2025-10-18,1644.65
veg_index,2025-10-19,1668.18
veg_index,2025-10-20,1654.23
veg_index,2025-10-21,1658.77
veg_index,2025-10-22,1644.5
veg_index,2025-10-23,1637.33
veg_index,2025-10-24,1641.1
veg_index,2025-10-25,1638.48
veg_index,2025-10-26,1638.55
veg_index,2025-10-27,1643.06
veg_index,2025-10-28,1636.73
veg_index,2025-10-29,1648.5
veg_index,2025-10-30,1644.62
veg_index,2025-10-31,1643.49
veg_index,2025-11-01,1749.79
veg_index,2025-11-02,1753.12
veg_index,2025-11-03,1762.34
veg_index,2025-11-04,1766.98
veg_index,2025-11-05,1773.78
veg_index,2025-11-06,1769.33
veg_index,2025-11-07,1754.42
veg_index,2025-11-08,1734.65
veg_index,2025-11-09,1711.78
veg_index,2025-11-10,1736.24
veg_index,2025-11-11,1705.93
veg_index,2025-11-12,1722.46
veg_index,2025-11-13,1711.34
veg_index,2025-11-14,1727.81
veg_index,2025-11-15,1697.79
veg_index,2025-11-16,1694.75
veg_index,2025-11-17,1714.73
veg_index,2025-11-18,1724.7
veg_index,2025-11-19,1720.21
veg_index,2025-11-20,1693.83
veg_index,2025-11-21,1676.15
veg_index,2025-11-22,1695.04
veg_index,2025-11-23,1690.47
veg_index,2025-11-24,1689.65
veg_index,2025-11-25,1693.64
veg_index,2025-11-26,1676.23
veg_index,2025-11-27,1681.85
veg_index,2025-11-28,1676.37
veg_index,2025-11-29,1680.46
veg_index,2025-11-30,1672.86
veg_index,2025-12-01,1725.74
veg_index,2025-12-02,1720.0
veg_index,2025-12-03,1729.0
veg_index,2025-12-04,1734.61
veg_index,2025-12-05,1735.2
veg_index,2025-12-06,1747.87
veg_index,2025-12-07,1745.18
veg_index,2025-12-08,1746.12
veg_index,2025-12-09,1739.59
veg_index,2025-12-10,1753.11
veg_index,2025-12-11,1757.37
veg_index,2025-12-12,1749.71
veg_index,2025-12-13,1729.15
veg_index,2025-12-14,1744.66
veg_index,2025-12-15,1734.46
veg_index,2025-12-16,1735.61
veg_index,2025-12-17,1768.75
veg_index,2025-12-18,1780.29
veg_index,2025-12-19,1803.54
veg_index,2025-12-20,1795.96
veg_index,2025-12-21,1811.57
veg_index,2025-12-22,1812.12
veg_index,2025-12-23,1817.6
veg_index,2025-12-24,1847.39
veg_index,2025-12-25,1843.44
veg_index,2025-12-26,1843.89
veg_index,2025-12-27,1830.78
veg_index,2025-12-28,1844.01
veg_index,2025-12-29,1835.92
veg_index,2025-12-30,1851.17
veg_index,2025-12-31,1827.06
veg_index,2026-01-01,1869.12
veg_index,2026-01-02,1859.69
veg_index,2026-01-03,1870.75
veg_index,2026-01-04,1870.72
veg_index,2026-01-05,1862.89
veg_index,2026-01-06,1857.31
veg_index,2026-01-07,1844.88
veg_index,2026-01-08,1857.45
veg_index,2026-01-09,1842.1
veg_index,2026-01-10,1838.34
veg_index,2026-01-11,1843.59
veg_index,2026-01-12,1867.71
veg_index,2026-01-13,1867.74
veg_index,2026-01-14,1864.28
veg_index,2026-01-15,1868.54
veg_index,2026-01-16,1837.96
veg_index,2026-01-17,1820.59
veg_index,2026-01-18,1815.29
veg_index,2026-01-19,1805.13
veg_index,2026-01-20,1782.32
veg_index,2026-01-21,1794.75
veg_index,2026-01-22,1798.65
veg_index,2026-01-23,1800.83
veg_index,2026-01-24,1791.02
veg_index,2026-01-25,1792.32
veg_index,2026-01-26,1799.87
veg_index,2026-01-27,1796.23
veg_index,2026-01-28,1802.79
veg_index,2026-01-29,1791.5
veg_index,2026-01-30,1793.06
veg_index,2026-01-31,1809.69
veg_index,2026-02-01,1808.53
veg_index,2026-02-02,1828.0
veg_index,2026-02-03,1832.35
veg_index,2026-02-04,1832.98
veg_index,2026-02-05,1826.57
veg_index,2026-02-06,1800.51
veg_index,2026-02-07,1781.41
veg_index,2026-02-08,1779.17
veg_index,2026-02-09,1777.79
veg_index,2026-02-10,1798.15
veg_index,2026-02-11,1817.33
veg_index,2026-02-12,1807.54
veg_index,2026-02-13,1819.58
veg_index,2026-02-14,1812.81
veg_index,2026-02-15,1822.9
veg_index,2026-02-16,1834.86
veg_index,2026-02-17,1853.35
veg_index,2026-02-18,1846.22
veg_index,2026-02-19,1861.43
veg_index,2026-02-20,1833.92
veg_index,2026-02-21,1853.2
veg_index,2026-02-22,1852.99
veg_index,2026-02-23,1853.11
veg_index,2026-02-24,1823.31
veg_index,2026-02-25,1817.81
veg_index,2026-02-26,1837.8
veg_index,2026-02-27,1831.7
veg_index,2026-02-28,1842.35
veg_index,2026-03-01,1775.31
veg_index,2026-03-02,1790.63
veg_index,2026-03-03,1793.53
veg_index,2026-03-04,1780.37
veg_index,2026-03-05,1781.34
veg_index,2026-03-06,1804.47
veg_index,2026-03-07,1811.83
veg_index,2026-03-08,1810.3
veg_index,2026-03-09,1843.44
veg_index,2026-03-10,1860.78
veg_index,2026-03-11,1873.14
veg_index,2026-03-12,1878.07
veg_index,2026-03-13,1889.25
veg_index,2026-03-14,1900.98
veg_index,2026-03-15,1868.24
veg_index,2026-03-16,1874.32
veg_index,2026-03-17,1872.08
veg_index,2026-03-18,1864.78
veg_index,2026-03-19,1862.03
veg_index,2026-03-20,1839.17
veg_index,2026-03-21,1812.97
veg_index,2026-03-22,1831.3
veg_index,2026-03-23,1838.25
veg_index,2026-03-24,1803.27
veg_index,2026-03-25,1795.14
veg_index,2026-03-26,1807.99
veg_index,2026-03-27,1804.11
veg_index,2026-03-28,1822.33
veg_index,2026-03-29,1837.86
veg_index,2026-03-30,1818.19
veg_index,2026-03-31,1816.27
veg_index,2026-04-01,1710.36
veg_index,2026-04-02,1691.6
veg_index,2026-04-03,1672.19
veg_index,2026-04-04,1661.59
veg_index,2026-04-05,1653.24
veg_index,2026-04-06,1657.14
veg_index,2026-04-07,1671.19
veg_index,2026-04-08,1678.22
veg_index,2026-04-09,1688.48
veg_index,2026-04-10,1685.03
veg_index,2026-04-11,1693.34
veg_index,2026-04-12,1691.48
veg_index,2026-04-13,1685.67
veg_index,2026-04-14,1711.6
veg_index,2026-04-15,1680.14
veg_index,2026-04-16,1655.29
veg_index,2026-04-17,1660.52
veg_index,2026-04-18,1657.15
veg_index,2026-04-19,1638.36
veg_index,2026-04-20,1624.74
veg_index,2026-04-21,1612.91
veg_index,2026-04-22,1624.61
veg_index,2026-04-23,1640.6
veg_index,2026-04-24,1662.41
veg_index,2026-04-25,1641.56
veg_index,2026-04-26,1623.85
veg_index,2026-04-27,1605.45
veg_index,2026-04-28,1622.23
veg_index,2026-04-29,1627.8
veg_index,2026-04-30,1628.99
veg_index,2026-05-01,1533.43
veg_index,2026-05-02,1532.88
veg_index,2026-05-03,1519.33
veg_index,2026-05-04,1525.71
veg_index,2026-05-05,1523.58
veg_index,2026-05-06,1509.16
veg_index,2026-05-07,1516.24
veg_index,2026-05-08,1511.22
veg_index,2026-05-09,1514.11
veg_index,2026-05-10,1512.73
veg_index,2026-05-11,1523.7
veg_index,2026-05-12,1526.52
veg_index,2026-05-13,1515.9
veg_index,2026-05-14,1519.95
veg_index,2026-05-15,1524.41
veg_index,2026-05-16,1530.79
veg_index,2026-05-17,1543.67
veg_index,2026-05-18,1536.22
veg_index,2026-05-19,1544.59
veg_index,2026-05-20,1523.56
veg_index,2026-05-21,1522.23
veg_index,2026-05-22,1519.03
veg_index,2026-05-23,1536.87
veg_index,2026-05-24,1535.08
veg_index,2026-05-25,1542.71
veg_index,2026-05-26,1521.25
veg_index,2026-05-27,1517.11
veg_index,2026-05-28,1507.01
veg_index,2026-05-29,1537.29
veg_index,2026-05-30,1529.25
veg_index,2026-05-31,1530.29
veg_index,2026-06-01,1456.11
veg_index,2026-06-02,1437.84
veg_index,2026-06-03,1431.93
veg_index,2026-06-04,1436.71
veg_index,2026-06-05,1437.82
veg_index,2026-06-06,1411.73
veg_index,2026-06-07,1405.47
veg_index,2026-06-08,1417.12
veg_index,2026-06-09,1423.93
veg_index,2026-06-10,1438.01
veg_index,2026-06-11,1426.84
veg_index,2026-06-12,1441.67
veg_index,2026-06-13,1441.28
veg_index,2026-06-14,1459.89
veg_index,2026-06-15,1460.06
veg_index,2026-06-16,1436.47
veg_index,2026-06-17,1446.39
veg_index,2026-06-18,1441.4
veg_index,2026-06-19,1437.2
veg_index,2026-06-20,1420.71
veg_index,2026-06-21,1439.4
veg_index,2026-06-22,1433.54
veg_index,2026-06-23,1451.85
veg_index,2026-06-24,1446.98
veg_index,2026-06-25,1436.41
veg_index,2026-06-26,1451.78
veg_index,2026-06-27,1451.06
veg_index,2026-06-28,1450.46
veg_index,2026-06-29,1435.79
veg_index,2026-06-30,1430.67
veg_index,2026-07-01,1403.38
veg_index,2026-07-02,1389.0
veg_index,2026-07-03,1383.15
veg_index,2026-07-04,1378.62
veg_index,2026-07-05,1379.48
veg_index,2026-07-06,1396.03
veg_index,2026-07-07,1392.81
veg_index,2026-07-08,1385.26
veg_index,2026-07-09,1416.16
veg_index,2026-07-10,1411.39
veg_index,2026-07-11,1409.37
veg_index,2026-07-12,1405.47
veg_index,2026-07-13,1402.48
veg_index,2026-07-14,1403.48
veg_index,2026-07-15,1413.99
broiler,2024-01-01,118.39
broiler,2024-01-02,119.42
broiler,2024-01-03,120.43
broiler,2024-01-04,120.64
broiler,2024-01-05,121.01
broiler,2024-01-06,122.09
broiler,2024-01-07,121.02
broiler,2024-01-08,123.47
broiler,2024-01-09,122.97
broiler,2024-01-10,122.64
broiler,2024-01-11,121.46
broiler,2024-01-12,120.32
broiler,2024-01-13,121.27
broiler,2024-01-14,123.5
broiler,2024-01-15,122.95
broiler,2024-01-16,123.3
broiler,2024-01-17,123.53
broiler,2024-01-18,124.53
broiler,2024-01-19,126.76
broiler,2024-01-20,128.32
broiler,2024-01-21,128.09
broiler,2024-01-22,128.64
broiler,2024-01-23,129.29
broiler,2024-01-24,129.28
broiler,2024-01-25,128.16
broiler,2024-01-26,127.35
broiler,2024-01-27,128.53
broiler,2024-01-28,129.83
broiler,2024-01-29,129.63
broiler,2024-01-30,129.9
broiler,2024-01-31,131.16
broiler,2024-02-01,129.39
broiler,2024-02-02,128.94
broiler,2024-02-03,131.05
broiler,2024-02-04,131.37
broiler,2024-02-05,130.19
broiler,2024-02-06,130.32
broiler,2024-02-07,131.4
broiler,2024-02-08,128.76
broiler,2024-02-09,128.95
broiler,2024-02-10,128.57
broiler,2024-02-11,126.9
broiler,2024-02-12,126.99
broiler,2024-02-13,126.86
broiler,2024-02-14,126.85
broiler,2024-02-15,126.5
broiler,2024-02-16,125.48
broiler,2024-02-17,124.03
broiler,2024-02-18,123.36
broiler,2024-02-19,124.22
broiler,2024-02-20,124.46
broiler,2024-02-21,124.39
broiler,2024-02-22,123.37
broiler,2024-02-23,123.01
broiler,2024-02-24,123.75
broiler,2024-02-25,124.25
broiler,2024-02-26,123.79
broiler,2024-02-27,121.24
broiler,2024-02-28,120.59
broiler,2024-02-29,120.13
broiler,2024-03-01,119.27
broiler,2024-03-02,118.88
broiler,2024-03-03,119.67
broiler,2024-03-04,119.64
broiler,2024-03-05,120.6
broiler,2024-03-06,119.16
broiler,2024-03-07,118.88
broiler,2024-03-08,117.06
broiler,2024-03-09,116.66
broiler,2024-03-10,115.7
broiler,2024-03-11,116.9
broiler,2024-03-12,117.29
broiler,2024-03-13,118.25
broiler,2024-03-14,117.85
broiler,2024-03-15,116.9
broiler,2024-03-16,115.93
broiler,2024-03-17,116.18
broiler,2024-03-18,117.89
broiler,2024-03-19,118.28
broiler,2024-03-20,117.94
broiler,2024-03-21,117.76
broiler,2024-03-22,117.74
broiler,2024-03-23,119.67
broiler,2024-03-24,120.87
broiler,2024-03-25,121.13
broiler,2024-03-26,121.24
broiler,2024-03-27,121.54
broiler,2024-03-28,122.03
broiler,2024-03-29,121.63
broiler,2024-03-30,120.82
broiler,2024-03-31,121.83
broiler,2024-04-01,121.86
broiler,2024-04-02,122.79
broiler,2024-04-03,124.43
broiler,2024-04-04,124.96
broiler,2024-04-05,125.32
broiler,2024-04-06,128.58
broiler,2024-04-07,128.8
broiler,2024-04-08,127.69
broiler,2024-04-09,127.41
broiler,2024-04-10,129.01
broiler,2024-04-11,127.69
broiler,2024-04-12,126.93
broiler,2024-04-13,128.07
broiler,2024-04-14,127.8
broiler,2024-04-15,127.69
broiler,2024-04-16,128.8
broiler,2024-04-17,128.07
broiler,2024-04-18,126.58
broiler,2024-04-19,125.19
broiler,2024-04-20,125.78
broiler,2024-04-21,126.05
broiler,2024-04-22,125.36
broiler,2024-04-23,124.21
broiler,2024-04-24,123.95
broiler,2024-04-25,125.07
broiler,2024-04-26,124.25
broiler,2024-04-27,123.6
broiler,2024-04-28,122.43
broiler,2024-04-29,122.08
broiler,2024-04-30,122.42
broiler,2024-05-01,124.51
broiler,2024-05-02,124.74
broiler,2024-05-03,124.69
broiler,2024-05-04,125.56
broiler,2024-05-05,126.27
broiler,2024-05-06,125.7
broiler,2024-05-07,128.04
broiler,2024-05-08,128.03
broiler,2024-05-09,128.28
broiler,2024-05-10,128.85
broiler,2024-05-11,129.22
broiler,2024-05-12,130.81
broiler,2024-05-13,130.2
broiler,2024-05-14,131.03
broiler,2024-05-15,131.21
broiler,2024-05-16,132.25
broiler,2024-05-17,132.03
broiler,2024-05-18,131.67
broiler,2024-05-19,132.45
broiler,2024-05-20,132.84
broiler,2024-05-21,131.98
broiler,2024-05-22,133.42
broiler,2024-05-23,134.21
broiler,2024-05-24,134.14
broiler,2024-05-25,133.64
broiler,2024-05-26,134.04
broiler,2024-05-27,134.76
broiler,2024-05-28,133.06
broiler,2024-05-29,133.47
broiler,2024-05-30,134.17
broiler,2024-05-31,131.68
broiler,2024-06-01,131.9
broiler,2024-06-02,132.64
broiler,2024-06-03,133.26
broiler,2024-06-04,134.13
broiler,2024-06-05,133.79
broiler,2024-06-06,132.69
broiler,2024-06-07,130.8
broiler,2024-06-08,131.95
broiler,2024-06-09,132.71
broiler,2024-06-10,133.96
broiler,2024-06-11,133.19
broiler,2024-06-12,134.06
broiler,2024-06-13,132.47
broiler,2024-06-14,131.56
broiler,2024-06-15,131.7
broiler,2024-06-16,132.41
broiler,2024-06-17,134.2
broiler,2024-06-18,133.95
broiler,2024-06-19,133.04
broiler,2024-06-20,132.07
broiler,2024-06-21,131.36
broiler,2024-06-22,133.72
broiler,2024-06-23,134.54
broiler,2024-06-24,135.75
broiler,2024-06-25,135.5
broiler,2024-06-26,135.51
broiler,2024-06-27,136.27
broiler,2024-06-28,135.73
broiler,2024-06-29,135.42
broiler,2024-06-30,134.7
broiler,2024-07-01,134.23
broiler,2024-07-02,134.29
broiler,2024-07-03,133.42
broiler,2024-07-04,133.73
broiler,2024-07-05,134.05
broiler,2024-07-06,133.86
broiler,2024-07-07,132.99
broiler,2024-07-08,133.11
broiler,2024-07-09,132.58
broiler,2024-07-10,132.63
broiler,2024-07-11,133.81
broiler,2024-07-12,132.49
broiler,2024-07-13,134.82
broiler,2024-07-14,134.75
broiler,2024-07-15,135.2
broiler,2024-07-16,134.4
broiler,2024-07-17,135.64
broiler,2024-07-18,135.51
broiler,2024-07-19,135.09
broiler,2024-07-20,134.48
broiler,2024-07-21,134.2
broiler,2024-07-22,134.66
broiler,2024-07-23,134.85
broiler,2024-07-24,134.82
broiler,2024-07-25,134.06
broiler,2024-07-26,133.25
broiler,2024-07-27,132.76
broiler,2024-07-28,133.26
broiler,2024-07-29,133.98
broiler,2024-07-30,134.84
broiler,2024-07-31,134.85
broiler,2024-08-01,135.27
broiler,2024-08-02,135.1
broiler,2024-08-03,133.23
broiler,2024-08-04,133.01
broiler,2024-08-05,132.62
broiler,2024-08-06,131.53
broiler,2024-08-07,130.94
broiler,2024-08-08,131.09
broiler,2024-08-09,129.92
broiler,2024-08-10,129.19
broiler,2024-08-11,130.81
broiler,2024-08-12,129.15
broiler,2024-08-13,128.97
broiler,2024-08-14,127.78
broiler,2024-08-15,127.02
broiler,2024-08-16,126.83
broiler,2024-08-17,125.83
broiler,2024-08-18,126.42
broiler,2024-08-19,127.8
broiler,2024-08-20,128.67
broiler,2024-08-21,129.74
broiler,2024-08-22,128.32
broiler,2024-08-23,128.08
broiler,2024-08-24,128.57
broiler,2024-08-25,129.48
broiler,2024-08-26,131.31
broiler,2024-08-27,132.45
broiler,2024-08-28,133.41
broiler,2024-08-29,136.26
broiler,2024-08-30,136.37
broiler,2024-08-31,136.07
broiler,2024-09-01,136.27
broiler,2024-09-02,135.28
broiler,2024-09-03,135.36
broiler,2024-09-04,133.51
broiler,2024-09-05,132.96
broiler,2024-09-06,132.84
broiler,2024-09-07,133.86
broiler,2024-09-08,135.07
broiler,2024-09-09,134.04
broiler,2024-09-10,136.29
broiler,2024-09-11,136.46
broiler,2024-09-12,136.73
broiler,2024-09-13,134.98
broiler,2024-09-14,134.32
broiler,2024-09-15,135.46
broiler,2024-09-16,135.66
broiler,2024-09-17,135.78
broiler,2024-09-18,136.04
broiler,2024-09-19,134.48
broiler,2024-09-20,134.39
broiler,2024-09-21,135.92
broiler,2024-09-22,137.11
broiler,2024-09-23,136.98
broiler,2024-09-24,138.72
broiler,2024-09-25,137.33
broiler,2024-09-26,136.28
broiler,2024-09-27,138.33
broiler,2024-09-28,138.98
broiler,2024-09-29,138.67
broiler,2024-09-30,138.62
broiler,2024-10-01,137.73
broiler,2024-10-02,138.05
broiler,2024-10-03,138.27
broiler,2024-10-04,138.3
broiler,2024-10-05,137.04
broiler,2024-10-06,137.33
broiler,2024-10-07,136.76
broiler,2024-10-08,135.7
broiler,2024-10-09,137.09
broiler,2024-10-10,139.49
broiler,2024-10-11,141.69
broiler,2024-10-12,142.44
broiler,2024-10-13,142.14
broiler,2024-10-14,142.07
broiler,2024-10-15,142.54
broiler,2024-10-16,142.07
broiler,2024-10-17,143.59
broiler,2024-10-18,141.27
broiler,2024-10-19,140.95
broiler,2024-10-20,141.86
broiler,2024-10-21,140.92
broiler,2024-10-22,140.65
broiler,2024-10-23,141.33
broiler,2024-10-24,143.07
broiler,2024-10-25,141.6
broiler,2024-10-26,140.07
broiler,2024-10-27,139.02
broiler,2024-10-28,137.33
broiler,2024-10-29,135.74
broiler,2024-10-30,134.69
broiler,2024-10-31,136.04
broiler,2024-11-01,135.71
broiler,2024-11-02,135.75
broiler,2024-11-03,134.72
broiler,2024-11-04,135.42
broiler,2024-11-05,137.47
broiler,2024-11-06,136.51
broiler,2024-11-07,138.41
broiler,2024-11-08,138.82
broiler,2024-11-09,138.85
broiler,2024-11-10,139.31
broiler,2024-11-11,139.75
broiler,2024-11-12,141.85
broiler,2024-11-13,142.45
broiler,2024-11-14,143.08
broiler,2024-11-15,142.6
broiler,2024-11-16,143.57
broiler,2024-11-17,142.49
broiler,2024-11-18,142.62
broiler,2024-11-19,145.96
broiler,2024-11-20,143.07
broiler,2024-11-21,143.34
broiler,2024-11-22,143.67
broiler,2024-11-23,143.41
broiler,2024-11-24,143.19
broiler,2024-11-25,143.3
broiler,2024-11-26,143.02
broiler,2024-11-27,143.28
broiler,2024-11-28,142.73
broiler,2024-11-29,145.07
broiler,2024-11-30,144.79
broiler,2024-12-01,145.46
broiler,2024-12-02,144.69
broiler,2024-12-03,145.78
broiler,2024-12-04,146.65
broiler,2024-12-05,147.15
broiler,2024-12-06,145.95
broiler,2024-12-07,145.09
broiler,2024-12-08,147.07
broiler,2024-12-09,146.18
broiler,2024-12-10,146.94
broiler,2024-12-11,145.84
broiler,2024-12-12,147.03
broiler,2024-12-13,146.24
broiler,2024-12-14,145.12
broiler,2024-12-15,144.31
broiler,2024-12-16,143.68
broiler,2024-12-17,144.15
broiler,2024-12-18,144.24
broiler,2024-12-19,142.99
broiler,2024-12-20,142.97
broiler,2024-12-21,141.67
broiler,2024-12-22,142.41
broiler,2024-12-23,143.37
broiler,2024-12-24,143.35
broiler,2024-12-25,143.67
broiler,2024-12-26,145.71
broiler,2024-12-27,145.53
broiler,2024-12-28,144.44
broiler,2024-12-29,145.12
broiler,2024-12-30,143.82
broiler,2024-12-31,143.59
broiler,2025-01-01,142.91
broiler,2025-01-02,142.12
broiler,2025-01-03,141.84
broiler,2025-01-04,142.88
broiler,2025-01-05,144.16
broiler,2025-01-06,145.24
broiler,2025-01-07,145.64
broiler,2025-01-08,145.35
broiler,2025-01-09,142.64
broiler,2025-01-10,143.07
broiler,2025-01-11,140.49
broiler,2025-01-12,138.35
broiler,2025-01-13,138.18
broiler,2025-01-14,138.48
broiler,2025-01-15,137.99
broiler,2025-01-16,139.71
broiler,2025-01-17,140.23
broiler,2025-01-18,139.96
broiler,2025-01-19,141.53
broiler,2025-01-20,143.32
broiler,2025-01-21,143.92
broiler,2025-01-22,143.04
broiler,2025-01-23,142.42
broiler,2025-01-24,140.79
broiler,2025-01-25,140.75
broiler,2025-01-26,139.58
broiler,2025-01-27,139.22
broiler,2025-01-28,139.52
broiler,2025-01-29,137.33
broiler,2025-01-30,135.96
broiler,2025-01-31,135.42
broiler,2025-02-01,135.37
broiler,2025-02-02,134.84
broiler,2025-02-03,134.56
broiler,2025-02-04,133.81
broiler,2025-02-05,132.28
broiler,2025-02-06,131.72
broiler,2025-02-07,131.5
broiler,2025-02-08,131.18
broiler,2025-02-09,131.31
broiler,2025-02-10,131.76
broiler,2025-02-11,132.49
broiler,2025-02-12,131.82
broiler,2025-02-13,130.18
broiler,2025-02-14,131.52
broiler,2025-02-15,131.93
broiler,2025-02-16,130.94
broiler,2025-02-17,131.24
broiler,2025-02-18,132.37
broiler,2025-02-19,134.22
broiler,2025-02-20,134.5
broiler,2025-02-21,135.65
broiler,2025-02-22,134.36
broiler,2025-02-23,134.32
broiler,2025-02-24,133.97
broiler,2025-02-25,134.35
broiler,2025-02-26,136.1
broiler,2025-02-27,136.38
broiler,2025-02-28,135.37
broiler,2025-03-01,134.02
broiler,2025-03-02,135.8
broiler,2025-03-03,136.37
broiler,2025-03-04,136.87
broiler,2025-03-05,136.5
broiler,2025-03-06,136.8
broiler,2025-03-07,135.73
broiler,2025-03-08,136.16
broiler,2025-03-09,134.9
broiler,2025-03-10,134.52
broiler,2025-03-11,133.83
broiler,2025-03-12,130.4
broiler,2025-03-13,130.05
broiler,2025-03-14,129.12
broiler,2025-03-15,128.91
broiler,2025-03-16,128.92
broiler,2025-03-17,130.77
broiler,2025-03-18,131.09
broiler,2025-03-19,131.45
broiler,2025-03-20,131.98
broiler,2025-03-21,132.91
broiler,2025-03-22,133.41
broiler,2025-03-23,133.71
broiler,2025-03-24,134.49
broiler,2025-03-25,131.91
broiler,2025-03-26,134.14
broiler,2025-03-27,135.86
broiler,2025-03-28,136.11
broiler,2025-03-29,134.59
broiler,2025-03-30,135.9
broiler,2025-03-31,135.16
broiler,2025-04-01,135.75
broiler,2025-04-02,134.37
broiler,2025-04-03,136.79
broiler,2025-04-04,135.23
broiler,2025-04-05,135.31
broiler,2025-04-06,133.04
broiler,2025-04-07,133.01
broiler,2025-04-08,132.56
broiler,2025-04-09,133.78
broiler,2025-04-10,133.34
broiler,2025-04-11,134.56
broiler,2025-04-12,133.47
broiler,2025-04-13,133.18
broiler,2025-04-14,132.91
broiler,2025-04-15,133.45
broiler,2025-04-16,133.85
broiler,2025-04-17,134.63
broiler,2025-04-18,134.93
broiler,2025-04-19,135.65
broiler,2025-04-20,134.69
broiler,2025-04-21,135.12
broiler,2025-04-22,136.88
broiler,2025-04-23,135.06
broiler,2025-04-24,135.59
broiler,2025-04-25,136.34
broiler,2025-04-26,137.95
broiler,2025-04-27,138.76
broiler,2025-04-28,138.88
broiler,2025-04-29,139.37
broiler,2025-04-30,138.56
broiler,2025-05-01,138.14
broiler,2025-05-02,136.68
broiler,2025-05-03,138.32
broiler,2025-05-04,138.83
broiler,2025-05-05,137.82
broiler,2025-05-06,138.13
broiler,2025-05-07,139.43
broiler,2025-05-08,140.55
broiler,2025-05-09,139.52
broiler,2025-05-10,136.07
broiler,2025-05-11,136.51
broiler,2025-05-12,135.55
broiler,2025-05-13,136.24
broiler,2025-05-14,137.29
broiler,2025-05-15,138.52
broiler,2025-05-16,140.48
broiler,2025-05-17,141.88
broiler,2025-05-18,143.89
broiler,2025-05-19,145.5
broiler,2025-05-20,147.22
broiler,2025-05-21,147.18
broiler,2025-05-22,145.68
broiler,2025-05-23,148.61
broiler,2025-05-24,148.7
broiler,2025-05-25,150.17
broiler,2025-05-26,149.52
broiler,2025-05-27,150.69
broiler,2025-05-28,147.78
broiler,2025-05-29,147.3
broiler,2025-05-30,147.2
broiler,2025-05-31,147.75
broiler,2025-06-01,149.03
broiler,2025-06-02,147.74
broiler,2025-06-03,148.53
broiler,2025-06-04,150.01
broiler,2025-06-05,152.86
broiler,2025-06-06,153.73
broiler,2025-06-07,153.18
broiler,2025-06-08,151.64
broiler,2025-06-09,153.88
broiler,2025-06-10,154.8
broiler,2025-06-11,154.78
broiler,2025-06-12,152.8
broiler,2025-06-13,151.68
broiler,2025-06-14,152.45
broiler,2025-06-15,152.89
broiler,2025-06-16,150.54
broiler,2025-06-17,151.31
broiler,2025-06-18,149.44
broiler,2025-06-19,151.07
broiler,2025-06-20,151.33
broiler,2025-06-21,150.78
broiler,2025-06-22,151.99
broiler,2025-06-23,152.43
broiler,2025-06-24,154.06
broiler,2025-06-25,154.17
broiler,2025-06-26,154.35
broiler,2025-06-27,154.01
broiler,2025-06-28,154.34
broiler,2025-06-29,156.46
broiler,2025-06-30,155.85
broiler,2025-07-01,156.66
broiler,2025-07-02,155.57
broiler,2025-07-03,153.03
broiler,2025-07-04,153.3
broiler,2025-07-05,153.76
broiler,2025-07-06,153.63
broiler,2025-07-07,151.82
broiler,2025-07-08,152.19
broiler,2025-07-09,152.53
broiler,2025-07-10,151.46
broiler,2025-07-11,149.83
broiler,2025-07-12,149.54
broiler,2025-07-13,150.33
broiler,2025-07-14,150.84
broiler,2025-07-15,149.79
broiler,2025-07-16,149.97
broiler,2025-07-17,151.04
broiler,2025-07-18,149.64
broiler,2025-07-19,149.73
broiler,2025-07-20,151.35
broiler,2025-07-21,149.82
broiler,2025-07-22,151.22
broiler,2025-07-23,153.2
broiler,2025-07-24,152.94
broiler,2025-07-25,152.53
broiler,2025-07-26,153.81
broiler,2025-07-27,153.59
broiler,2025-07-28,150.73
broiler,2025-07-29,150.62
broiler,2025-07-30,151.2
broiler,2025-07-31,152.11
broiler,2025-08-01,151.05
broiler,2025-08-02,150.73
broiler,2025-08-03,151.92
broiler,2025-08-04,151.86
broiler,2025-08-05,150.02
broiler,2025-08-06,151.52
broiler,2025-08-07,151.27
broiler,2025-08-08,152.61
broiler,2025-08-09,150.92
broiler,2025-08-10,150.79
broiler,2025-08-11,151.41
broiler,2025-08-12,151.32
broiler,2025-08-13,149.9
broiler,2025-08-14,147.07
broiler,2025-08-15,148.89
broiler,2025-08-16,149.19
broiler,2025-08-17,150.6
broiler,2025-08-18,151.73
broiler,2025-08-19,152.47
broiler,2025-08-20,152.08
broiler,2025-08-21,152.69
broiler,2025-08-22,154.46
broiler,2025-08-23,154.57
broiler,2025-08-24,156.95
broiler,2025-08-25,155.09
broiler,2025-08-26,153.12
broiler,2025-08-27,154.34
broiler,2025-08-28,153.34
broiler,2025-08-29,155.88
broiler,2025-08-30,157.56
broiler,2025-08-31,159.59
broiler,2025-09-01,160.73
broiler,2025-09-02,159.56
broiler,2025-09-03,157.46
broiler,2025-09-04,159.37
broiler,2025-09-05,157.48
broiler,2025-09-06,159.5
broiler,2025-09-07,160.36
broiler,2025-09-08,160.28
broiler,2025-09-09,160.85
broiler,2025-09-10,161.46
broiler,2025-09-11,161.21
broiler,2025-09-12,163.07
broiler,2025-09-13,164.9
broiler,2025-09-14,165.12
broiler,2025-09-15,164.34
broiler,2025-09-16,166.08
broiler,2025-09-17,163.42
broiler,2025-09-18,164.01
broiler,2025-09-19,164.99
broiler,2025-09-20,163.91
broiler,2025-09-21,165.21
broiler,2025-09-22,165.18
broiler,2025-09-23,164.47
broiler,2025-09-24,165.75
broiler,2025-09-25,164.33
broiler,2025-09-26,165.49
broiler,2025-09-27,162.89
broiler,2025-09-28,163.28
broiler,2025-09-29,163.34
broiler,2025-09-30,162.65
broiler,2025-10-01,163.17
broiler,2025-10-02,163.07
broiler,2025-10-03,164.46
broiler,2025-10-04,165.21
broiler,2025-10-05,165.82
broiler,2025-10-06,166.22
broiler,2025-10-07,165.6
broiler,2025-10-08,165.21
broiler,2025-10-09,165.55
broiler,2025-10-10,165.33
broiler,2025-10-11,166.82
broiler,2025-10-12,166.95
broiler,2025-10-13,167.47
broiler,2025-10-14,165.61
broiler,2025-10-15,166.87
broiler,2025-10-16,166.11
broiler,2025-10-17,164.74
broiler,2025-10-18,166.93
broiler,2025-10-19,167.88
broiler,2025-10-20,169.2
broiler,2025-10-21,169.83
broiler,2025-10-22,169.71
broiler,2025-10-23,169.34
broiler,2025-10-24,170.41
broiler,2025-10-25,171.97
broiler,2025-10-26,171.89
broiler,2025-10-27,174.78
broiler,2025-10-28,174.51
broiler,2025-10-29,172.59
broiler,2025-10-30,170.24
broiler,2025-10-31,167.96
broiler,2025-11-01,167.42
broiler,2025-11-02,167.12
broiler,2025-11-03,168.04
broiler,2025-11-04,168.01
broiler,2025-11-05,169.16
broiler,2025-11-06,169.23
broiler,2025-11-07,169.26
broiler,2025-11-08,168.49
broiler,2025-11-09,170.43
broiler,2025-11-10,168.36
broiler,2025-11-11,168.78
broiler,2025-11-12,168.55
broiler,2025-11-13,169.61
broiler,2025-11-14,169.59
broiler,2025-11-15,169.62
broiler,2025-11-16,169.27
broiler,2025-11-17,171.17
broiler,2025-11-18,171.19
broiler,2025-11-19,173.92
broiler,2025-11-20,174.31
broiler,2025-11-21,174.35
broiler,2025-11-22,174.15
broiler,2025-11-23,174.95
broiler,2025-11-24,174.14
broiler,2025-11-25,174.35
broiler,2025-11-26,174.38
broiler,2025-11-27,174.84
broiler,2025-11-28,175.34
broiler,2025-11-29,175.92
broiler,2025-11-30,176.06
broiler,2025-12-01,178.3
broiler,2025-12-02,178.91
broiler,2025-12-03,182.69
broiler,2025-12-04,182.77
broiler,2025-12-05,184.19
broiler,2025-12-06,183.14
broiler,2025-12-07,185.21
broiler,2025-12-08,184.18
broiler,2025-12-09,184.87
broiler,2025-12-10,184.49
broiler,2025-12-11,185.17
broiler,2025-12-12,184.83
broiler,2025-12-13,183.68
broiler,2025-12-14,183.29
broiler,2025-12-15,185.58
broiler,2025-12-16,186.28
broiler,2025-12-17,184.38
broiler,2025-12-18,186.02
broiler,2025-12-19,184.71
broiler,2025-12-20,185.82
broiler,2025-12-21,186.65
broiler,2025-12-22,187.59
broiler,2025-12-23,190.4
broiler,2025-12-24,189.15
broiler,2025-12-25,190.09
broiler,2025-12-26,192.03
broiler,2025-12-27,191.05
broiler,2025-12-28,189.93
broiler,2025-12-29,189.5
broiler,2025-12-30,190.01
broiler,2025-12-31,187.89
broiler,2026-01-01,188.73
broiler,2026-01-02,186.63
broiler,2026-01-03,188.58
broiler,2026-01-04,189.37
broiler,2026-01-05,192.3
broiler,2026-01-06,193.34
broiler,2026-01-07,192.88
broiler,2026-01-08,191.67
broiler,2026-01-09,192.04
broiler,2026-01-10,192.01
broiler,2026-01-11,193.85
broiler,2026-01-12,192.43
broiler,2026-01-13,195.58
broiler,2026-01-14,197.59
broiler,2026-01-15,197.28
broiler,2026-01-16,200.15
broiler,2026-01-17,198.92
broiler,2026-01-18,199.25
broiler,2026-01-19,197.24
broiler,2026-01-20,200.19
broiler,2026-01-21,197.58
broiler,2026-01-22,195.33
broiler,2026-01-23,194.35
broiler,2026-01-24,196.43
broiler,2026-01-25,197.95
broiler,2026-01-26,198.15
broiler,2026-01-27,199.79
broiler,2026-01-28,199.61
broiler,2026-01-29,200.3
broiler,2026-01-30,202.98
broiler,2026-01-31,202.59
broiler,2026-02-01,201.36
broiler,2026-02-02,202.14
broiler,2026-02-03,203.35
broiler,2026-02-04,203.54
broiler,2026-02-05,205.19
broiler,2026-02-06,204.88
broiler,2026-02-07,205.1
broiler,2026-02-08,205.72
broiler,2026-02-09,206.21
broiler,2026-02-10,208.9
broiler,2026-02-11,209.53
broiler,2026-02-12,209.04
broiler,2026-02-13,209.93
broiler,2026-02-14,211.65
broiler,2026-02-15,212.98
broiler,2026-02-16,214.22
broiler,2026-02-17,211.68
broiler,2026-02-18,207.51
broiler,2026-02-19,209.65
broiler,2026-02-20,210.4
broiler,2026-02-21,210.38
broiler,2026-02-22,211.56
broiler,2026-02-23,214.86
broiler,2026-02-24,217.32
broiler,2026-02-25,219.01
broiler,2026-02-26,217.48
broiler,2026-02-27,216.18
broiler,2026-02-28,212.1
broiler,2026-03-01,213.19
broiler,2026-03-02,215.1
broiler,2026-03-03,217.17
broiler,2026-03-04,218.36
broiler,2026-03-05,218.11
broiler,2026-03-06,217.14
broiler,2026-03-07,215.72
broiler,2026-03-08,215.45
broiler,2026-03-09,213.79
broiler,2026-03-10,216.83
broiler,2026-03-11,214.59
broiler,2026-03-12,214.27
broiler,2026-03-13,210.99
broiler,2026-03-14,211.5
broiler,2026-03-15,211.51
broiler,2026-03-16,210.92
broiler,2026-03-17,209.36
broiler,2026-03-18,209.38
broiler,2026-03-19,208.48
broiler,2026-03-20,208.27
broiler,2026-03-21,211.57
broiler,2026-03-22,211.87
broiler,2026-03-23,212.79
broiler,2026-03-24,212.01
broiler,2026-03-25,210.7
broiler,2026-03-26,210.67
broiler,2026-03-27,214.95
broiler,2026-03-28,214.47
broiler,2026-03-29,215.1
broiler,2026-03-30,213.69
broiler,2026-03-31,209.05
broiler,2026-04-01,207.74
broiler,2026-04-02,211.75
broiler,2026-04-03,212.77
broiler,2026-04-04,215.6
broiler,2026-04-05,215.01
broiler,2026-04-06,211.01
broiler,2026-04-07,209.16
broiler,2026-04-08,209.83
broiler,2026-04-09,210.25
broiler,2026-04-10,210.24
broiler,2026-04-11,209.36
broiler,2026-04-12,210.96
broiler,2026-04-13,210.13
broiler,2026-04-14,210.66
broiler,2026-04-15,211.0
broiler,2026-04-16,210.39
broiler,2026-04-17,208.92
broiler,2026-04-18,208.22
broiler,2026-04-19,211.38
broiler,2026-04-20,213.28
broiler,2026-04-21,215.04
broiler,2026-04-22,213.71
broiler,2026-04-23,211.28
broiler,2026-04-24,213.15
broiler,2026-04-25,214.71
broiler,2026-04-26,214.96
broiler,2026-04-27,214.34
broiler,2026-04-28,211.86
broiler,2026-04-29,213.34
broiler,2026-04-30,215.39
broiler,2026-05-01,214.24
broiler,2026-05-02,212.95
broiler,2026-05-03,215.08
broiler,2026-05-04,213.99
broiler,2026-05-05,217.08
broiler,2026-05-06,216.9
broiler,2026-05-07,216.24
broiler,2026-05-08,216.33
broiler,2026-05-09,215.68
broiler,2026-05-10,217.64
broiler,2026-05-11,219.2
broiler,2026-05-12,221.13
broiler,2026-05-13,221.47
broiler,2026-05-14,220.68
broiler,2026-05-15,220.68
broiler,2026-05-16,219.94
broiler,2026-05-17,222.55
broiler,2026-05-18,224.35
broiler,2026-05-19,224.2
broiler,2026-05-20,222.56
broiler,2026-05-21,225.34
broiler,2026-05-22,225.6
broiler,2026-05-23,225.37
broiler,2026-05-24,228.2
broiler,2026-05-25,227.28
broiler,2026-05-26,226.72
broiler,2026-05-27,226.31
broiler,2026-05-28,223.96
broiler,2026-05-29,224.54
broiler,2026-05-30,223.18
broiler,2026-05-31,222.18
broiler,2026-06-01,220.95
broiler,2026-06-02,219.92
broiler,2026-06-03,218.47
broiler,2026-06-04,218.91
broiler,2026-06-05,218.65
broiler,2026-06-06,218.75
broiler,2026-06-07,222.92
broiler,2026-06-08,222.66
broiler,2026-06-09,223.75
broiler,2026-06-10,225.05
broiler,2026-06-11,224.95
broiler,2026-06-12,225.46
broiler,2026-06-13,225.51
broiler,2026-06-14,225.89
broiler,2026-06-15,224.85
broiler,2026-06-16,223.97
broiler,2026-06-17,224.02
broiler,2026-06-18,220.52
broiler,2026-06-19,223.19
broiler,2026-06-20,227.1
broiler,2026-06-21,227.42
broiler,2026-06-22,228.65
broiler,2026-06-23,230.65
broiler,2026-06-24,228.23
broiler,2026-06-25,229.95
broiler,2026-06-26,229.18
broiler,2026-06-27,233.43
broiler,2026-06-28,233.09
broiler,2026-06-29,234.81
broiler,2026-06-30,234.49
broiler,2026-07-01,238.66
broiler,2026-07-02,237.69
broiler,2026-07-03,239.93
broiler,2026-07-04,241.16
broiler,2026-07-05,241.95
broiler,2026-07-06,242.41
broiler,2026-07-07,241.13
broiler,2026-07-08,236.21
broiler,2026-07-09,238.26
broiler,2026-07-10,237.35
broiler,2026-07-11,239.59
broiler,2026-07-12,240.28
broiler,2026-07-13,242.62
broiler,2026-07-14,244.19
broiler,2026-07-15,239.44
raw_craft,2024-01-01,751.44
raw_craft,2024-01-02,750.72
raw_craft,2024-01-03,753.4
raw_craft,2024-01-04,754.79
raw_craft,2024-01-05,756.21
raw_craft,2024-01-06,755.64
raw_craft,2024-01-07,753.63
raw_craft,2024-01-08,752.7
raw_craft,2024-01-09,748.7
raw_craft,2024-01-10,747.43
raw_craft,2024-01-11,744.21
raw_craft,2024-01-12,741.05
raw_craft,2024-01-13,741.37
raw_craft,2024-01-14,742.61
raw_craft,2024-01-15,742.59
raw_craft,2024-01-16,741.53
raw_craft,2024-01-17,739.48
raw_craft,2024-01-18,738.82
raw_craft,2024-01-19,737.06
raw_craft,2024-01-20,736.97
raw_craft,2024-01-21,733.66
raw_craft,2024-01-22,735.26
raw_craft,2024-01-23,734.06
raw_craft,2024-01-24,734.94
raw_craft,2024-01-25,736.95
raw_craft,2024-01-26,737.73
raw_craft,2024-01-27,739.55
raw_craft,2024-01-28,735.03
raw_craft,2024-01-29,734.0
raw_craft,2024-01-30,736.48
raw_craft,2024-01-31,737.66
raw_craft,2024-02-01,741.81
raw_craft,2024-02-02,745.67
raw_craft,2024-02-03,746.39
raw_craft,2024-02-04,745.88
raw_craft,2024-02-05,743.79
raw_craft,2024-02-06,742.78
raw_craft,2024-02-07,741.92
raw_craft,2024-02-08,740.66
raw_craft,2024-02-09,738.67
raw_craft,2024-02-10,739.61
raw_craft,2024-02-11,743.44
raw_craft,2024-02-12,745.58
raw_craft,2024-02-13,744.91
raw_craft,2024-02-14,747.23
raw_craft,2024-02-15,748.06
raw_craft,2024-02-16,748.02
raw_craft,2024-02-17,747.84
raw_craft,2024-02-18,747.45
raw_craft,2024-02-19,748.96
raw_craft,2024-02-20,749.33
raw_craft,2024-02-21,747.74
raw_craft,2024-02-22,746.05
raw_craft,2024-02-23,746.79
raw_craft,2024-02-24,747.8
raw_craft,2024-02-25,747.15
raw_craft,2024-02-26,744.67
raw_craft,2024-02-27,747.53
raw_craft,2024-02-28,749.91
raw_craft,2024-02-29,745.51
raw_craft,2024-03-01,748.56
raw_craft,2024-03-02,748.14
raw_craft,2024-03-03,748.62
raw_craft,2024-03-04,751.23
raw_craft,2024-03-05,755.02
raw_craft,2024-03-06,757.35
raw_craft,2024-03-07,757.95
raw_craft,2024-03-08,754.88
raw_craft,2024-03-09,750.36
raw_craft,2024-03-10,752.39
raw_craft,2024-03-11,755.48
raw_craft,2024-03-12,753.69
raw_craft,2024-03-13,753.13
raw_craft,2024-03-14,751.93
raw_craft,2024-03-15,750.66
raw_craft,2024-03-16,753.14
raw_craft,2024-03-17,753.69
raw_craft,2024-03-18,753.22
raw_craft,2024-03-19,759.3
raw_craft,2024-03-20,756.1
raw_craft,2024-03-21,757.39
raw_craft,2024-03-22,755.07
raw_craft,2024-03-23,754.76
raw_craft,2024-03-24,755.15
raw_craft,2024-03-25,757.12
raw_craft,2024-03-26,756.58
raw_craft,2024-03-27,755.8
raw_craft,2024-03-28,755.22
raw_craft,2024-03-29,752.83
raw_craft,2024-03-30,754.31
raw_craft,2024-03-31,755.0
raw_craft,2024-04-01,756.04
raw_craft,2024-04-02,755.94
raw_craft,2024-04-03,755.55
raw_craft,2024-04-04,758.28
raw_craft,2024-04-05,760.66
raw_craft,2024-04-06,763.95
raw_craft,2024-04-07,764.85
raw_craft,2024-04-08,768.02
raw_craft,2024-04-09,767.11
raw_craft,2024-04-10,766.7
raw_craft,2024-04-11,769.51
raw_craft,2024-04-12,771.52
raw_craft,2024-04-13,770.9
raw_craft,2024-04-14,768.54
raw_craft,2024-04-15,768.12
raw_craft,2024-04-16,766.6
raw_craft,2024-04-17,770.63
raw_craft,2024-04-18,772.44
raw_craft,2024-04-19,770.72
raw_craft,2024-04-20,768.36
raw_craft,2024-04-21,766.62
raw_craft,2024-04-22,765.39
raw_craft,2024-04-23,765.06
raw_craft,2024-04-24,767.68
raw_craft,2024-04-25,765.51
raw_craft,2024-04-26,770.84
raw_craft,2024-04-27,768.72
raw_craft,2024-04-28,765.53
raw_craft,2024-04-29,769.47
raw_craft,2024-04-30,772.58
raw_craft,2024-05-01,772.21
raw_craft,2024-05-02,773.15
raw_craft,2024-05-03,774.15
raw_craft,2024-05-04,774.52
raw_craft,2024-05-05,771.57
raw_craft,2024-05-06,765.9
raw_craft,2024-05-07,764.01
raw_craft,2024-05-08,768.24
raw_craft,2024-05-09,772.58
raw_craft,2024-05-10,772.03
raw_craft,2024-05-11,769.87
raw_craft,2024-05-12,770.56
raw_craft,2024-05-13,771.63
raw_craft,2024-05-14,773.08
raw_craft,2024-05-15,767.29
raw_craft,2024-05-16,774.65
raw_craft,2024-05-17,777.34
raw_craft,2024-05-18,776.93
raw_craft,2024-05-19,775.32
raw_craft,2024-05-20,777.67
raw_craft,2024-05-21,778.88
raw_craft,2024-05-22,779.15
raw_craft,2024-05-23,780.28
raw_craft,2024-05-24,780.07
raw_craft,2024-05-25,781.06
raw_craft,2024-05-26,782.82
raw_craft,2024-05-27,783.68
raw_craft,2024-05-28,784.42
raw_craft,2024-05-29,787.76
raw_craft,2024-05-30,784.05
raw_craft,2024-05-31,782.23
raw_craft,2024-06-01,782.35
raw_craft,2024-06-02,780.69
raw_craft,2024-06-03,779.82
raw_craft,2024-06-04,782.89
raw_craft,2024-06-05,782.6
raw_craft,2024-06-06,778.37
raw_craft,2024-06-07,777.44
raw_craft,2024-06-08,777.63
raw_craft,2024-06-09,777.77
raw_craft,2024-06-10,779.13
raw_craft,2024-06-11,780.29
raw_craft,2024-06-12,780.02
raw_craft,2024-06-13,777.29
raw_craft,2024-06-14,776.32
raw_craft,2024-06-15,774.92
raw_craft,2024-06-16,774.31
raw_craft,2024-06-17,775.97
raw_craft,2024-06-18,776.97
raw_craft,2024-06-19,778.95
raw_craft,2024-06-20,778.1
raw_craft,2024-06-21,781.69
raw_craft,2024-06-22,783.32
raw_craft,2024-06-23,783.64
raw_craft,2024-06-24,785.12
raw_craft,2024-06-25,783.58
raw_craft,2024-06-26,778.69
raw_craft,2024-06-27,777.33
raw_craft,2024-06-28,779.13
raw_craft,2024-06-29,779.37
raw_craft,2024-06-30,779.11
raw_craft,2024-07-01,777.18
raw_craft,2024-07-02,772.69
raw_craft,2024-07-03,776.06
raw_craft,2024-07-04,775.63
raw_craft,2024-07-05,774.68
raw_craft,2024-07-06,773.18
raw_craft,2024-07-07,776.15
raw_craft,2024-07-08,778.25
raw_craft,2024-07-09,776.05
raw_craft,2024-07-10,778.82
raw_craft,2024-07-11,778.54
raw_craft,2024-07-12,777.17
raw_craft,2024-07-13,776.54
raw_craft,2024-07-14,774.77
raw_craft,2024-07-15,771.76
raw_craft,2024-07-16,773.61
raw_craft,2024-07-17,773.16
raw_craft,2024-07-18,774.64
raw_craft,2024-07-19,775.37
raw_craft,2024-07-20,776.7
raw_craft,2024-07-21,772.0
raw_craft,2024-07-22,770.05
raw_craft,2024-07-23,771.42
raw_craft,2024-07-24,768.53
raw_craft,2024-07-25,769.44
raw_craft,2024-07-26,766.29
raw_craft,2024-07-27,766.38
raw_craft,2024-07-28,770.15
raw_craft,2024-07-29,771.99
raw_craft,2024-07-30,767.77
raw_craft,2024-07-31,769.78
raw_craft,2024-08-01,774.06
raw_craft,2024-08-02,780.63
raw_craft,2024-08-03,781.8
raw_craft,2024-08-04,778.66
raw_craft,2024-08-05,779.73
raw_craft,2024-08-06,783.53
raw_craft,2024-08-07,783.15
raw_craft,2024-08-08,785.66
raw_craft,2024-08-09,783.73
raw_craft,2024-08-10,784.67
raw_craft,2024-08-11,778.88
raw_craft,2024-08-12,776.72
raw_craft,2024-08-13,776.76
raw_craft,2024-08-14,775.97
raw_craft,2024-08-15,773.0
raw_craft,2024-08-16,771.9
raw_craft,2024-08-17,772.71
raw_craft,2024-08-18,772.57
raw_craft,2024-08-19,772.76
raw_craft,2024-08-20,774.52
raw_craft,2024-08-21,773.77
raw_craft,2024-08-22,776.99
raw_craft,2024-08-23,774.74
raw_craft,2024-08-24,779.29
raw_craft,2024-08-25,781.95
raw_craft,2024-08-26,781.17
raw_craft,2024-08-27,780.55
raw_craft,2024-08-28,781.09
raw_craft,2024-08-29,782.54
raw_craft,2024-08-30,785.17
raw_craft,2024-08-31,782.08
raw_craft,2024-09-01,783.16
raw_craft,2024-09-02,778.26
raw_craft,2024-09-03,777.9
raw_craft,2024-09-04,781.35
raw_craft,2024-09-05,778.09
raw_craft,2024-09-06,774.42
raw_craft,2024-09-07,774.99
raw_craft,2024-09-08,778.28
raw_craft,2024-09-09,779.09
raw_craft,2024-09-10,774.7
raw_craft,2024-09-11,770.86
raw_craft,2024-09-12,771.14
raw_craft,2024-09-13,768.47
raw_craft,2024-09-14,768.84
raw_craft,2024-09-15,769.34
raw_craft,2024-09-16,768.27
raw_craft,2024-09-17,772.52
raw_craft,2024-09-18,773.94
raw_craft,2024-09-19,776.81
raw_craft,2024-09-20,779.01
raw_craft,2024-09-21,778.72
raw_craft,2024-09-22,778.32
raw_craft,2024-09-23,777.68
raw_craft,2024-09-24,779.32
raw_craft,2024-09-25,777.86
raw_craft,2024-09-26,781.95
raw_craft,2024-09-27,780.26
raw_craft,2024-09-28,780.81
raw_craft,2024-09-29,780.33
raw_craft,2024-09-30,779.33
raw_craft,2024-10-01,784.48
raw_craft,2024-10-02,783.5
raw_craft,2024-10-03,782.84
raw_craft,2024-10-04,781.34
raw_craft,2024-10-05,781.49
raw_craft,2024-10-06,781.31
raw_craft,2024-10-07,778.74
raw_craft,2024-10-08,777.81
raw_craft,2024-10-09,779.29
raw_craft,2024-10-10,781.74
raw_craft,2024-10-11,781.86
raw_craft,2024-10-12,782.05
raw_craft,2024-10-13,781.26
raw_craft,2024-10-14,780.13
raw_craft,2024-10-15,778.04
raw_craft,2024-10-16,774.47
raw_craft,2024-10-17,772.89
raw_craft,2024-10-18,775.05
raw_craft,2024-10-19,774.11
raw_craft,2024-10-20,773.37
raw_craft,2024-10-21,772.57
raw_craft,2024-10-22,775.52
raw_craft,2024-10-23,773.41
raw_craft,2024-10-24,774.11
raw_craft,2024-10-25,774.01
raw_craft,2024-10-26,774.22
raw_craft,2024-10-27,774.84
raw_craft,2024-10-28,775.03
raw_craft,2024-10-29,776.93
raw_craft,2024-10-30,776.91
raw_craft,2024-10-31,781.04
raw_craft,2024-11-01,781.2
raw_craft,2024-11-02,777.28
raw_craft,2024-11-03,778.82
raw_craft,2024-11-04,779.79
raw_craft,2024-11-05,779.92
raw_craft,2024-11-06,779.37
raw_craft,2024-11-07,774.5
raw_craft,2024-11-08,770.04
raw_craft,2024-11-09,773.91
raw_craft,2024-11-10,772.6
raw_craft,2024-11-11,774.9
raw_craft,2024-11-12,771.24
raw_craft,2024-11-13,768.87
raw_craft,2024-11-14,770.49
raw_craft,2024-11-15,770.31
raw_craft,2024-11-16,771.61
raw_craft,2024-11-17,771.63
raw_craft,2024-11-18,771.2
raw_craft,2024-11-19,769.69
raw_craft,2024-11-20,766.99
raw_craft,2024-11-21,770.28
raw_craft,2024-11-22,773.96
raw_craft,2024-11-23,771.61
raw_craft,2024-11-24,769.11
raw_craft,2024-11-25,768.36
raw_craft,2024-11-26,769.2
raw_craft,2024-11-27,768.83
raw_craft,2024-11-28,770.04
raw_craft,2024-11-29,769.98
raw_craft,2024-11-30,769.77
raw_craft,2024-12-01,775.42
raw_craft,2024-12-02,774.25
raw_craft,2024-12-03,778.12
raw_craft,2024-12-04,781.56
raw_craft,2024-12-05,782.8
raw_craft,2024-12-06,778.34
raw_craft,2024-12-07,778.47
raw_craft,2024-12-08,777.32
raw_craft,2024-12-09,777.43
raw_craft,2024-12-10,775.01
raw_craft,2024-12-11,776.82
raw_craft,2024-12-12,779.17
raw_craft,2024-12-13,781.97
raw_craft,2024-12-14,781.13
raw_craft,2024-12-15,778.7
raw_craft,2024-12-16,779.58
raw_craft,2024-12-17,783.75
raw_craft,2024-12-18,783.97
raw_craft,2024-12-19,785.09
raw_craft,2024-12-20,784.59
raw_craft,2024-12-21,783.46
raw_craft,2024-12-22,785.07
raw_craft,2024-12-23,784.87
raw_craft,2024-12-24,785.88
raw_craft,2024-12-25,787.13
raw_craft,2024-12-26,788.0
raw_craft,2024-12-27,789.38
raw_craft,2024-12-28,787.42
raw_craft,2024-12-29,785.32
raw_craft,2024-12-30,785.27
raw_craft,2024-12-31,785.28
raw_craft,2025-01-01,784.11
raw_craft,2025-01-02,784.73
raw_craft,2025-01-03,786.93
raw_craft,2025-01-04,789.79
raw_craft,2025-01-05,793.2
raw_craft,2025-01-06,790.13
raw_craft,2025-01-07,787.43
raw_craft,2025-01-08,786.81
raw_craft,2025-01-09,787.05
raw_craft,2025-01-10,786.54
raw_craft,2025-01-11,785.29
raw_craft,2025-01-12,784.63
raw_craft,2025-01-13,785.83
raw_craft,2025-01-14,782.75
raw_craft,2025-01-15,788.33
raw_craft,2025-01-16,788.43
raw_craft,2025-01-17,790.98
raw_craft,2025-01-18,789.66
raw_craft,2025-01-19,791.08
raw_craft,2025-01-20,791.37
raw_craft,2025-01-21,793.46
raw_craft,2025-01-22,793.04
raw_craft,2025-01-23,796.8
raw_craft,2025-01-24,793.3
raw_craft,2025-01-25,795.62
raw_craft,2025-01-26,795.95
raw_craft,2025-01-27,793.58
raw_craft,2025-01-28,798.3
raw_craft,2025-01-29,802.8
raw_craft,2025-01-30,797.87
raw_craft,2025-01-31,798.35
raw_craft,2025-02-01,800.1
raw_craft,2025-02-02,801.22
raw_craft,2025-02-03,804.92
raw_craft,2025-02-04,808.14
raw_craft,2025-02-05,808.84
raw_craft,2025-02-06,814.44
raw_craft,2025-02-07,816.79
raw_craft,2025-02-08,815.99
raw_craft,2025-02-09,814.7
raw_craft,2025-02-10,817.8
raw_craft,2025-02-11,815.91
raw_craft,2025-02-12,814.97
raw_craft,2025-02-13,814.44
raw_craft,2025-02-14,815.37
raw_craft,2025-02-15,814.95
raw_craft,2025-02-16,811.79
raw_craft,2025-02-17,814.68
raw_craft,2025-02-18,813.75
raw_craft,2025-02-19,818.76
raw_craft,2025-02-20,819.56
raw_craft,2025-02-21,822.74
raw_craft,2025-02-22,824.36
raw_craft,2025-02-23,827.67
raw_craft,2025-02-24,829.15
raw_craft,2025-02-25,829.79
raw_craft,2025-02-26,832.58
raw_craft,2025-02-27,838.87
raw_craft,2025-02-28,838.25
raw_craft,2025-03-01,840.31
raw_craft,2025-03-02,840.35
raw_craft,2025-03-03,841.69
raw_craft,2025-03-04,841.85
raw_craft,2025-03-05,836.48
raw_craft,2025-03-06,836.04
raw_craft,2025-03-07,838.61
raw_craft,2025-03-08,836.74
raw_craft,2025-03-09,839.12
raw_craft,2025-03-10,839.64
raw_craft,2025-03-11,839.21
raw_craft,2025-03-12,841.56
raw_craft,2025-03-13,843.34
raw_craft,2025-03-14,844.46
raw_craft,2025-03-15,847.1
raw_craft,2025-03-16,847.67
raw_craft,2025-03-17,843.56
raw_craft,2025-03-18,842.66
raw_craft,2025-03-19,838.17
raw_craft,2025-03-20,839.89
raw_craft,2025-03-21,842.21
raw_craft,2025-03-22,844.65
raw_craft,2025-03-23,845.95
raw_craft,2025-03-24,848.47
raw_craft,2025-03-25,844.52
raw_craft,2025-03-26,844.31
raw_craft,2025-03-27,840.79
raw_craft,2025-03-28,839.95
raw_craft,2025-03-29,844.09
raw_craft,2025-03-30,846.92
raw_craft,2025-03-31,848.66
raw_craft,2025-04-01,848.26
raw_craft,2025-04-02,845.8
raw_craft,2025-04-03,846.33
raw_craft,2025-04-04,849.21
raw_craft,2025-04-05,850.32
raw_craft,2025-04-06,846.34
raw_craft,2025-04-07,846.67
raw_craft,2025-04-08,841.88
raw_craft,2025-04-09,843.97
raw_craft,2025-04-10,842.28
raw_craft,2025-04-11,839.25
raw_craft,2025-04-12,841.37
raw_craft,2025-04-13,842.85
raw_craft,2025-04-14,843.49
raw_craft,2025-04-15,849.12
raw_craft,2025-04-16,850.79
raw_craft,2025-04-17,849.21
raw_craft,2025-04-18,850.59
raw_craft,2025-04-19,849.92
raw_craft,2025-04-20,853.22
raw_craft,2025-04-21,854.0
raw_craft,2025-04-22,855.03
raw_craft,2025-04-23,851.4
raw_craft,2025-04-24,851.62
raw_craft,2025-04-25,851.53
raw_craft,2025-04-26,848.98
raw_craft,2025-04-27,848.47
raw_craft,2025-04-28,849.64
raw_craft,2025-04-29,849.69
raw_craft,2025-04-30,846.16
raw_craft,2025-05-01,845.52
raw_craft,2025-05-02,844.4
raw_craft,2025-05-03,844.95
raw_craft,2025-05-04,845.22
raw_craft,2025-05-05,844.24
raw_craft,2025-05-06,843.16
raw_craft,2025-05-07,843.39
raw_craft,2025-05-08,845.89
raw_craft,2025-05-09,846.65
raw_craft,2025-05-10,850.33
raw_craft,2025-05-11,853.29
raw_craft,2025-05-12,857.19
raw_craft,2025-05-13,860.78
raw_craft,2025-05-14,864.88
raw_craft,2025-05-15,861.96
raw_craft,2025-05-16,863.69
raw_craft,2025-05-17,866.92
raw_craft,2025-05-18,870.62
raw_craft,2025-05-19,868.67
raw_craft,2025-05-20,870.45
raw_craft,2025-05-21,870.71
raw_craft,2025-05-22,875.61
raw_craft,2025-05-23,872.03
raw_craft,2025-05-24,870.08
raw_craft,2025-05-25,865.43
raw_craft,2025-05-26,865.86
raw_craft,2025-05-27,871.83
raw_craft,2025-05-28,871.77
raw_craft,2025-05-29,872.1
raw_craft,2025-05-30,873.6
raw_craft,2025-05-31,873.35
raw_craft,2025-06-01,874.37
raw_craft,2025-06-02,875.47
raw_craft,2025-06-03,873.31
raw_craft,2025-06-04,873.12
raw_craft,2025-06-05,875.13
raw_craft,2025-06-06,877.63
raw_craft,2025-06-07,881.12
raw_craft,2025-06-08,882.07
raw_craft,2025-06-09,883.07
raw_craft,2025-06-10,885.12
raw_craft,2025-06-11,883.61
raw_craft,2025-06-12,881.99
raw_craft,2025-06-13,881.72
raw_craft,2025-06-14,878.41
raw_craft,2025-06-15,879.55
raw_craft,2025-06-16,882.38
raw_craft,2025-06-17,880.57
raw_craft,2025-06-18,881.78
raw_craft,2025-06-19,880.18
raw_craft,2025-06-20,877.56
raw_craft,2025-06-21,883.05
raw_craft,2025-06-22,880.46
raw_craft,2025-06-23,877.15
raw_craft,2025-06-24,877.77
raw_craft,2025-06-25,878.54
raw_craft,2025-06-26,880.37
raw_craft,2025-06-27,885.73
raw_craft,2025-06-28,883.73
raw_craft,2025-06-29,882.26
raw_craft,2025-06-30,886.59
raw_craft,2025-07-01,889.15
raw_craft,2025-07-02,891.35
raw_craft,2025-07-03,889.84
raw_craft,2025-07-04,892.91
raw_craft,2025-07-05,895.13
raw_craft,2025-07-06,895.7
raw_craft,2025-07-07,894.19
raw_craft,2025-07-08,894.54
raw_craft,2025-07-09,899.04
raw_craft,2025-07-10,896.15
raw_craft,2025-07-11,894.07
raw_craft,2025-07-12,892.45
raw_craft,2025-07-13,891.41
raw_craft,2025-07-14,891.43
raw_craft,2025-07-15,894.06
raw_craft,2025-07-16,895.36
raw_craft,2025-07-17,895.59
raw_craft,2025-07-18,896.4
raw_craft,2025-07-19,898.14
raw_craft,2025-07-20,893.68
raw_craft,2025-07-21,896.62
raw_craft,2025-07-22,894.47
raw_craft,2025-07-23,893.34
raw_craft,2025-07-24,894.31
raw_craft,2025-07-25,894.17
raw_craft,2025-07-26,895.54
raw_craft,2025-07-27,895.99
raw_craft,2025-07-28,895.27
raw_craft,2025-07-29,899.45
raw_craft,2025-07-30,901.43
raw_craft,2025-07-31,902.31
raw_craft,2025-08-01,904.25
raw_craft,2025-08-02,902.4
raw_craft,2025-08-03,908.37
raw_craft,2025-08-04,905.47
raw_craft,2025-08-05,905.85
raw_craft,2025-08-06,905.13
raw_craft,2025-08-07,904.31
raw_craft,2025-08-08,903.15
raw_craft,2025-08-09,901.12
raw_craft,2025-08-10,904.4
raw_craft,2025-08-11,901.2
raw_craft,2025-08-12,903.93
raw_craft,2025-08-13,905.75
raw_craft,2025-08-14,904.78
raw_craft,2025-08-15,906.29
raw_craft,2025-08-16,905.93
raw_craft,2025-08-17,903.0
raw_craft,2025-08-18,900.11
raw_craft,2025-08-19,901.95
raw_craft,2025-08-20,903.65
raw_craft,2025-08-21,904.37
raw_craft,2025-08-22,903.37
raw_craft,2025-08-23,902.92
raw_craft,2025-08-24,902.1
raw_craft,2025-08-25,897.45
raw_craft,2025-08-26,897.67
raw_craft,2025-08-27,899.14
raw_craft,2025-08-28,899.39
raw_craft,2025-08-29,904.24
raw_craft,2025-08-30,901.58
raw_craft,2025-08-31,899.86
raw_craft,2025-09-01,900.28
raw_craft,2025-09-02,901.0
raw_craft,2025-09-03,895.94
raw_craft,2025-09-04,897.62
raw_craft,2025-09-05,898.36
raw_craft,2025-09-06,892.72
raw_craft,2025-09-07,892.47
raw_craft,2025-09-08,890.37
raw_craft,2025-09-09,889.23
raw_craft,2025-09-10,885.73
raw_craft,2025-09-11,886.9
raw_craft,2025-09-12,891.66
raw_craft,2025-09-13,892.43
raw_craft,2025-09-14,886.73
raw_craft,2025-09-15,887.55
raw_craft,2025-09-16,887.09
raw_craft,2025-09-17,884.23
raw_craft,2025-09-18,885.23
raw_craft,2025-09-19,887.63
raw_craft,2025-09-20,885.92
raw_craft,2025-09-21,881.62
raw_craft,2025-09-22,876.38
raw_craft,2025-09-23,874.69
raw_craft,2025-09-24,874.34
raw_craft,2025-09-25,873.05
raw_craft,2025-09-26,871.33
raw_craft,2025-09-27,872.87
raw_craft,2025-09-28,874.15
raw_craft,2025-09-29,874.73
raw_craft,2025-09-30,876.94
raw_craft,2025-10-01,875.27
raw_craft,2025-10-02,872.47
raw_craft,2025-10-03,871.16
raw_craft,2025-10-04,869.68
raw_craft,2025-10-05,864.4
raw_craft,2025-10-06,863.05
raw_craft,2025-10-07,865.98
raw_craft,2025-10-08,868.12
raw_craft,2025-10-09,869.55
raw_craft,2025-10-10,869.95
raw_craft,2025-10-11,873.8
raw_craft,2025-10-12,871.09
raw_craft,2025-10-13,868.63
raw_craft,2025-10-14,871.63
raw_craft,2025-10-15,871.76
raw_craft,2025-10-16,870.07
raw_craft,2025-10-17,871.57
raw_craft,2025-10-18,870.49
raw_craft,2025-10-19,868.36
raw_craft,2025-10-20,866.17
raw_craft,2025-10-21,867.07
raw_craft,2025-10-22,867.67
raw_craft,2025-10-23,871.68
raw_craft,2025-10-24,870.99
raw_craft,2025-10-25,870.25
raw_craft,2025-10-26,874.07
raw_craft,2025-10-27,876.72
raw_craft,2025-10-28,877.17
raw_craft,2025-10-29,873.13
raw_craft,2025-10-30,871.07
raw_craft,2025-10-31,868.38
raw_craft,2025-11-01,868.53
raw_craft,2025-11-02,867.27
raw_craft,2025-11-03,871.51
raw_craft,2025-11-04,867.47
raw_craft,2025-11-05,864.52
raw_craft,2025-11-06,865.21
raw_craft,2025-11-07,866.63
raw_craft,2025-11-08,859.99
raw_craft,2025-11-09,855.58
raw_craft,2025-11-10,854.96
raw_craft,2025-11-11,858.51
raw_craft,2025-11-12,863.45
raw_craft,2025-11-13,862.43
raw_craft,2025-11-14,862.05
raw_craft,2025-11-15,859.95
raw_craft,2025-11-16,861.65
raw_craft,2025-11-17,865.67
raw_craft,2025-11-18,869.0
raw_craft,2025-11-19,868.98
raw_craft,2025-11-20,866.86
raw_craft,2025-11-21,866.94
raw_craft,2025-11-22,870.6
raw_craft,2025-11-23,869.62
raw_craft,2025-11-24,864.95
raw_craft,2025-11-25,864.08
raw_craft,2025-11-26,863.42
raw_craft,2025-11-27,858.77
raw_craft,2025-11-28,859.43
raw_craft,2025-11-29,860.8
raw_craft,2025-11-30,865.67
raw_craft,2025-12-01,862.28
raw_craft,2025-12-02,864.23
raw_craft,2025-12-03,866.8
raw_craft,2025-12-04,868.22
raw_craft,2025-12-05,865.66
raw_craft,2025-12-06,862.96
raw_craft,2025-12-07,863.27
raw_craft,2025-12-08,863.56
raw_craft,2025-12-09,862.18
raw_craft,2025-12-10,865.58
raw_craft,2025-12-11,864.61
raw_craft,2025-12-12,859.77
raw_craft,2025-12-13,859.25
raw_craft,2025-12-14,860.55
raw_craft,2025-12-15,861.49
raw_craft,2025-12-16,862.42
raw_craft,2025-12-17,866.35
raw_craft,2025-12-18,863.52
raw_craft,2025-12-19,862.48
raw_craft,2025-12-20,866.55
raw_craft,2025-12-21,861.51
raw_craft,2025-12-22,861.43
raw_craft,2025-12-23,864.68
raw_craft,2025-12-24,867.89
raw_craft,2025-12-25,869.67
raw_craft,2025-12-26,871.52
raw_craft,2025-12-27,868.87
raw_craft,2025-12-28,872.51
raw_craft,2025-12-29,869.44
raw_craft,2025-12-30,866.53
raw_craft,2025-12-31,867.6
raw_craft,2026-01-01,866.38
raw_craft,2026-01-02,866.98
raw_craft,2026-01-03,868.16
raw_craft,2026-01-04,872.86
raw_craft,2026-01-05,874.06
raw_craft,2026-01-06,872.5
raw_craft,2026-01-07,874.34
raw_craft,2026-01-08,872.22
raw_craft,2026-01-09,874.67
raw_craft,2026-01-10,874.9
raw_craft,2026-01-11,876.02
raw_craft,2026-01-12,871.41
raw_craft,2026-01-13,865.61
raw_craft,2026-01-14,861.78
raw_craft,2026-01-15,866.36
raw_craft,2026-01-16,863.44
raw_craft,2026-01-17,865.4
raw_craft,2026-01-18,863.8
raw_craft,2026-01-19,863.24
raw_craft,2026-01-20,863.18
raw_craft,2026-01-21,867.51
raw_craft,2026-01-22,869.09
raw_craft,2026-01-23,870.16
raw_craft,2026-01-24,873.61
raw_craft,2026-01-25,872.01
raw_craft,2026-01-26,874.88
raw_craft,2026-01-27,877.31
raw_craft,2026-01-28,879.71
raw_craft,2026-01-29,879.36
raw_craft,2026-01-30,878.27
raw_craft,2026-01-31,876.05
raw_craft,2026-02-01,873.99
raw_craft,2026-02-02,871.65
raw_craft,2026-02-03,872.67
raw_craft,2026-02-04,872.13
raw_craft,2026-02-05,873.32
raw_craft,2026-02-06,874.66
raw_craft,2026-02-07,871.95
raw_craft,2026-02-08,869.16
raw_craft,2026-02-09,868.63
raw_craft,2026-02-10,866.67
raw_craft,2026-02-11,864.45
raw_craft,2026-02-12,868.91
raw_craft,2026-02-13,864.99
raw_craft,2026-02-14,870.31
raw_craft,2026-02-15,871.13
raw_craft,2026-02-16,873.77
raw_craft,2026-02-17,876.11
raw_craft,2026-02-18,877.8
raw_craft,2026-02-19,882.25
raw_craft,2026-02-20,879.45
raw_craft,2026-02-21,879.1
raw_craft,2026-02-22,876.91
raw_craft,2026-02-23,872.52
raw_craft,2026-02-24,870.85
raw_craft,2026-02-25,875.82
raw_craft,2026-02-26,875.43
raw_craft,2026-02-27,880.71
raw_craft,2026-02-28,886.3
raw_craft,2026-03-01,894.37
raw_craft,2026-03-02,899.56
raw_craft,2026-03-03,906.01
raw_craft,2026-03-04,906.95
raw_craft,2026-03-05,907.64
raw_craft,2026-03-06,908.51
raw_craft,2026-03-07,908.57
raw_craft,2026-03-08,909.04
raw_craft,2026-03-09,911.16
raw_craft,2026-03-10,909.95
raw_craft,2026-03-11,906.26
raw_craft,2026-03-12,907.31
raw_craft,2026-03-13,905.49
raw_craft,2026-03-14,903.96
raw_craft,2026-03-15,903.63
raw_craft,2026-03-16,902.69
raw_craft,2026-03-17,905.76
raw_craft,2026-03-18,905.37
raw_craft,2026-03-19,908.59
raw_craft,2026-03-20,909.22
raw_craft,2026-03-21,909.04
raw_craft,2026-03-22,909.54
raw_craft,2026-03-23,906.08
raw_craft,2026-03-24,907.06
raw_craft,2026-03-25,909.44
raw_craft,2026-03-26,912.21
raw_craft,2026-03-27,908.58
raw_craft,2026-03-28,904.52
raw_craft,2026-03-29,903.12
raw_craft,2026-03-30,906.95
raw_craft,2026-03-31,907.61
raw_craft,2026-04-01,905.57
raw_craft,2026-04-02,901.69
raw_craft,2026-04-03,899.91
raw_craft,2026-04-04,897.94
raw_craft,2026-04-05,900.53
raw_craft,2026-04-06,903.33
raw_craft,2026-04-07,900.56
raw_craft,2026-04-08,902.66
raw_craft,2026-04-09,904.48
raw_craft,2026-04-10,901.35
raw_craft,2026-04-11,901.19
raw_craft,2026-04-12,902.17
raw_craft,2026-04-13,902.68
raw_craft,2026-04-14,898.12
raw_craft,2026-04-15,898.54
raw_craft,2026-04-16,900.32
raw_craft,2026-04-17,904.66
raw_craft,2026-04-18,902.91
raw_craft,2026-04-19,901.49
raw_craft,2026-04-20,900.99
raw_craft,2026-04-21,901.84
raw_craft,2026-04-22,902.17
raw_craft,2026-04-23,903.87
raw_craft,2026-04-24,900.88
raw_craft,2026-04-25,902.02
raw_craft,2026-04-26,900.08
raw_craft,2026-04-27,899.75
raw_craft,2026-04-28,904.44
raw_craft,2026-04-29,900.72
raw_craft,2026-04-30,900.02
raw_craft,2026-05-01,896.65
raw_craft,2026-05-02,897.13
raw_craft,2026-05-03,900.02
raw_craft,2026-05-04,900.54
raw_craft,2026-05-05,900.28
raw_craft,2026-05-06,903.94
raw_craft,2026-05-07,904.9
raw_craft,2026-05-08,907.19
raw_craft,2026-05-09,909.21
raw_craft,2026-05-10,901.46
raw_craft,2026-05-11,901.31
raw_craft,2026-05-12,898.47
raw_craft,2026-05-13,896.3
raw_craft,2026-05-14,900.33
raw_craft,2026-05-15,899.38
raw_craft,2026-05-16,904.57
raw_craft,2026-05-17,900.82
raw_craft,2026-05-18,897.96
raw_craft,2026-05-19,900.08
raw_craft,2026-05-20,899.22
raw_craft,2026-05-21,900.11
raw_craft,2026-05-22,899.87
raw_craft,2026-05-23,899.55
raw_craft,2026-05-24,898.79
raw_craft,2026-05-25,899.34
raw_craft,2026-05-26,901.14
raw_craft,2026-05-27,905.57
raw_craft,2026-05-28,905.09
raw_craft,2026-05-29,904.08
raw_craft,2026-05-30,902.73
raw_craft,2026-05-31,906.78
raw_craft,2026-06-01,908.73
raw_craft,2026-06-02,903.63
raw_craft,2026-06-03,898.44
raw_craft,2026-06-04,896.27
raw_craft,2026-06-05,896.95
raw_craft,2026-06-06,896.92
raw_craft,2026-06-07,898.37
raw_craft,2026-06-08,897.96
raw_craft,2026-06-09,901.79
raw_craft,2026-06-10,903.95
raw_craft,2026-06-11,904.22
raw_craft,2026-06-12,907.4
raw_craft,2026-06-13,902.98
raw_craft,2026-06-14,902.82
raw_craft,2026-06-15,903.25
raw_craft,2026-06-16,904.95
raw_craft,2026-06-17,900.37
raw_craft,2026-06-18,899.73
raw_craft,2026-06-19,900.87
raw_craft,2026-06-20,902.23
raw_craft,2026-06-21,905.51
raw_craft,2026-06-22,907.64
raw_craft,2026-06-23,907.54
raw_craft,2026-06-24,909.44
raw_craft,2026-06-25,908.96
raw_craft,2026-06-26,909.42
raw_craft,2026-06-27,911.65
raw_craft,2026-06-28,911.59
raw_craft,2026-06-29,912.65
raw_craft,2026-06-30,915.35
raw_craft,2026-07-01,917.37
raw_craft,2026-07-02,920.84
raw_craft,2026-07-03,927.36
raw_craft,2026-07-04,929.38
raw_craft,2026-07-05,928.16
raw_craft,2026-07-06,929.65
raw_craft,2026-07-07,931.02
raw_craft,2026-07-08,932.8
raw_craft,2026-07-09,937.06
raw_craft,2026-07-10,932.4
raw_craft,2026-07-11,936.71
raw_craft,2026-07-12,941.99
raw_craft,2026-07-13,943.67
raw_craft,2026-07-14,945.41
raw_craft,2026-07-15,944.79
wholesale_index,2024-01-01,1000.12
wholesale_index,2024-01-02,1002.32
wholesale_index,2024-01-03,1004.32
wholesale_index,2024-01-04,1006.6
wholesale_index,2024-01-05,1008.59
wholesale_index,2024-01-06,1011.42
wholesale_index,2024-01-07,1013.91
wholesale_index,2024-01-08,1010.9
wholesale_index,2024-01-09,1013.53
wholesale_index,2024-01-10,1019.29
wholesale_index,2024-01-11,1019.31
wholesale_index,2024-01-12,1024.01
wholesale_index,2024-01-13,1021.3
wholesale_index,2024-01-14,1021.31
wholesale_index,2024-01-15,1019.45
wholesale_index,2024-01-16,1023.78
wholesale_index,2024-01-17,1028.93
wholesale_index,2024-01-18,1028.73
wholesale_index,2024-01-19,1032.45
wholesale_index,2024-01-20,1037.68
wholesale_index,2024-01-21,1037.68
wholesale_index,2024-01-22,1038.19
wholesale_index,2024-01-23,1040.58
wholesale_index,2024-01-24,1038.06
wholesale_index,2024-01-25,1038.51
wholesale_index,2024-01-26,1045.31
wholesale_index,2024-01-27,1043.85
wholesale_index,2024-01-28,1046.63
wholesale_index,2024-01-29,1048.38
wholesale_index,2024-01-30,1047.97
wholesale_index,2024-01-31,1048.77
wholesale_index,2024-02-01,1054.41
wholesale_index,2024-02-02,1056.26
wholesale_index,2024-02-03,1058.62
wholesale_index,2024-02-04,1063.82
wholesale_index,2024-02-05,1063.01
wholesale_index,2024-02-06,1059.78
wholesale_index,2024-02-07,1065.52
wholesale_index,2024-02-08,1066.07
wholesale_index,2024-02-09,1069.04
wholesale_index,2024-02-10,1066.7
wholesale_index,2024-02-11,1068.05
wholesale_index,2024-02-12,1064.65
wholesale_index,2024-02-13,1064.96
wholesale_index,2024-02-14,1063.0
wholesale_index,2024-02-15,1060.31
wholesale_index,2024-02-16,1059.45
wholesale_index,2024-02-17,1052.29
wholesale_index,2024-02-18,1048.74
wholesale_index,2024-02-19,1051.31
wholesale_index,2024-02-20,1052.51
wholesale_index,2024-02-21,1049.23
wholesale_index,2024-02-22,1051.06
wholesale_index,2024-02-23,1048.4
wholesale_index,2024-02-24,1050.78
wholesale_index,2024-02-25,1050.52
wholesale_index,2024-02-26,1049.6
wholesale_index,2024-02-27,1049.42
wholesale_index,2024-02-28,1057.61
wholesale_index,2024-02-29,1055.31
wholesale_index,2024-03-01,1056.14
wholesale_index,2024-03-02,1058.72
wholesale_index,2024-03-03,1055.78
wholesale_index,2024-03-04,1050.84
wholesale_index,2024-03-05,1049.05
wholesale_index,2024-03-06,1051.55
wholesale_index,2024-03-07,1050.58
wholesale_index,2024-03-08,1049.96
wholesale_index,2024-03-09,1052.93
wholesale_index,2024-03-10,1050.5
wholesale_index,2024-03-11,1050.32
wholesale_index,2024-03-12,1045.67
wholesale_index,2024-03-13,1046.78
wholesale_index,2024-03-14,1047.6
wholesale_index,2024-03-15,1050.21
wholesale_index,2024-03-16,1046.71
wholesale_index,2024-03-17,1046.22
wholesale_index,2024-03-18,1042.32
wholesale_index,2024-03-19,1041.65
wholesale_index,2024-03-20,1046.4
wholesale_index,2024-03-21,1045.49
wholesale_index,2024-03-22,1041.32
wholesale_index,2024-03-23,1039.3
wholesale_index,2024-03-24,1034.4
wholesale_index,2024-03-25,1030.49
wholesale_index,2024-03-26,1032.67
wholesale_index,2024-03-27,1028.3
wholesale_index,2024-03-28,1029.37
wholesale_index,2024-03-29,1029.55
wholesale_index,2024-03-30,1028.01
wholesale_index,2024-03-31,1028.81
wholesale_index,2024-04-01,1026.03
wholesale_index,2024-04-02,1028.72
wholesale_index,2024-04-03,1026.67
wholesale_index,2024-04-04,1025.58
wholesale_index,2024-04-05,1024.13
wholesale_index,2024-04-06,1026.36
wholesale_index,2024-04-07,1028.14
wholesale_index,2024-04-08,1020.18
wholesale_index,2024-04-09,1021.07
wholesale_index,2024-04-10,1015.84
wholesale_index,2024-04-11,1014.9
wholesale_index,2024-04-12,1014.67
wholesale_index,2024-04-13,1013.7
wholesale_index,2024-04-14,1015.33
wholesale_index,2024-04-15,1017.62
wholesale_index,2024-04-16,1015.37
wholesale_index,2024-04-17,1013.0
wholesale_index,2024-04-18,1013.0
wholesale_index,2024-04-19,1008.42
wholesale_index,2024-04-20,1007.08
wholesale_index,2024-04-21,1011.26
wholesale_index,2024-04-22,1006.8
wholesale_index,2024-04-23,1005.87
wholesale_index,2024-04-24,1004.19
wholesale_index,2024-04-25,1010.35
wholesale_index,2024-04-26,1008.82
wholesale_index,2024-04-27,1007.47
wholesale_index,2024-04-28,1004.46
wholesale_index,2024-04-29,1004.59
wholesale_index,2024-04-30,1005.5
wholesale_index,2024-05-01,1002.93
wholesale_index,2024-05-02,1006.01
wholesale_index,2024-05-03,1006.93
wholesale_index,2024-05-04,1009.61
wholesale_index,2024-05-05,1008.72
wholesale_index,2024-05-06,1009.56
wholesale_index,2024-05-07,1009.01
wholesale_index,2024-05-08,1013.54
wholesale_index,2024-05-09,1013.99
wholesale_index,2024-05-10,1014.12
wholesale_index,2024-05-11,1012.83
wholesale_index,2024-05-12,1011.36
wholesale_index,2024-05-13,1012.18
wholesale_index,2024-05-14,1014.78
wholesale_index,2024-05-15,1012.8
wholesale_index,2024-05-16,1013.28
wholesale_index,2024-05-17,1013.94
wholesale_index,2024-05-18,1015.14
wholesale_index,2024-05-19,1010.05
wholesale_index,2024-05-20,1007.35
wholesale_index,2024-05-21,1003.33
wholesale_index,2024-05-22,1003.53
wholesale_index,2024-05-23,1000.92
wholesale_index,2024-05-24,999.54
wholesale_index,2024-05-25,996.06
wholesale_index,2024-05-26,994.96
wholesale_index,2024-05-27,991.7
wholesale_index,2024-05-28,994.06
wholesale_index,2024-05-29,995.59
wholesale_index,2024-05-30,996.14
wholesale_index,2024-05-31,995.34
wholesale_index,2024-06-01,989.37
wholesale_index,2024-06-02,988.11
wholesale_index,2024-06-03,985.95
wholesale_index,2024-06-04,986.78
wholesale_index,2024-06-05,988.72
wholesale_index,2024-06-06,989.78
wholesale_index,2024-06-07,993.64
wholesale_index,2024-06-08,992.05
wholesale_index,2024-06-09,990.33
wholesale_index,2024-06-10,993.52
wholesale_index,2024-06-11,994.11
wholesale_index,2024-06-12,993.48
wholesale_index,2024-06-13,999.1
wholesale_index,2024-06-14,1000.93
wholesale_index,2024-06-15,1000.46
wholesale_index,2024-06-16,998.5
wholesale_index,2024-06-17,1002.58
wholesale_index,2024-06-18,1003.3
wholesale_index,2024-06-19,1003.48
wholesale_index,2024-06-20,1005.62
wholesale_index,2024-06-21,1008.38
wholesale_index,2024-06-22,1010.14
wholesale_index,2024-06-23,1012.93
wholesale_index,2024-06-24,1014.4
wholesale_index,2024-06-25,1016.19
wholesale_index,2024-06-26,1014.07
wholesale_index,2024-06-27,1019.69
wholesale_index,2024-06-28,1016.02
wholesale_index,2024-06-29,1017.07
wholesale_index,2024-06-30,1013.1
wholesale_index,2024-07-01,1012.9
wholesale_index,2024-07-02,1011.27
wholesale_index,2024-07-03,1011.78
wholesale_index,2024-07-04,1012.92
wholesale_index,2024-07-05,1010.12
wholesale_index,2024-07-06,1010.13
wholesale_index,2024-07-07,1014.47
wholesale_index,2024-07-08,1010.58
wholesale_index,2024-07-09,1008.1
wholesale_index,2024-07-10,1010.8
wholesale_index,2024-07-11,1011.14
wholesale_index,2024-07-12,1011.7
wholesale_index,2024-07-13,1014.91
wholesale_index,2024-07-14,1012.6
wholesale_index,2024-07-15,1011.12
wholesale_index,2024-07-16,1009.27
wholesale_index,2024-07-17,1008.32
wholesale_index,2024-07-18,1012.48
wholesale_index,2024-07-19,1007.43
wholesale_index,2024-07-20,1003.93
wholesale_index,2024-07-21,999.92
wholesale_index,2024-07-22,1004.24
wholesale_index,2024-07-23,1002.49
wholesale_index,2024-07-24,1001.61
wholesale_index,2024-07-25,996.87
wholesale_index,2024-07-26,996.18
wholesale_index,2024-07-27,998.87
wholesale_index,2024-07-28,999.73
wholesale_index,2024-07-29,999.51
wholesale_index,2024-07-30,994.93
wholesale_index,2024-07-31,994.05
wholesale_index,2024-08-01,994.58
wholesale_index,2024-08-02,991.73
wholesale_index,2024-08-03,993.78
wholesale_index,2024-08-04,996.52
wholesale_index,2024-08-05,995.04
wholesale_index,2024-08-06,997.31
wholesale_index,2024-08-07,997.08
wholesale_index,2024-08-08,1000.62
wholesale_index,2024-08-09,1006.84
wholesale_index,2024-08-10,1003.65
wholesale_index,2024-08-11,1006.07
wholesale_index,2024-08-12,1010.11
wholesale_index,2024-08-13,1007.28
wholesale_index,2024-08-14,1005.64
wholesale_index,2024-08-15,1003.97
wholesale_index,2024-08-16,1003.68
wholesale_index,2024-08-17,1002.7
wholesale_index,2024-08-18,1002.21
wholesale_index,2024-08-19,1004.83
wholesale_index,2024-08-20,999.23
wholesale_index,2024-08-21,996.42
wholesale_index,2024-08-22,998.52
wholesale_index,2024-08-23,1000.28
wholesale_index,2024-08-24,997.21
wholesale_index,2024-08-25,998.98
wholesale_index,2024-08-26,1003.07
wholesale_index,2024-08-27,1003.02
wholesale_index,2024-08-28,1000.09
wholesale_index,2024-08-29,1002.82
wholesale_index,2024-08-30,1008.12
wholesale_index,2024-08-31,1005.54
wholesale_index,2024-09-01,1005.76
wholesale_index,2024-09-02,1009.16
wholesale_index,2024-09-03,1009.61
wholesale_index,2024-09-04,1004.43
wholesale_index,2024-09-05,1005.87
wholesale_index,2024-09-06,1003.02
wholesale_index,2024-09-07,999.3
wholesale_index,2024-09-08,994.23
wholesale_index,2024-09-09,997.89
wholesale_index,2024-09-10,995.49
wholesale_index,2024-09-11,996.59
wholesale_index,2024-09-12,998.42
wholesale_index,2024-09-13,999.01
wholesale_index,2024-09-14,1000.0
wholesale_index,2024-09-15,1001.24
wholesale_index,2024-09-16,1001.75
wholesale_index,2024-09-17,999.57
wholesale_index,2024-09-18,997.13
wholesale_index,2024-09-19,996.91
wholesale_index,2024-09-20,996.64
wholesale_index,2024-09-21,998.02
wholesale_index,2024-09-22,1001.43
wholesale_index,2024-09-23,1002.56
wholesale_index,2024-09-24,1000.22
wholesale_index,2024-09-25,993.8
wholesale_index,2024-09-26,991.61
wholesale_index,2024-09-27,987.72
wholesale_index,2024-09-28,985.65
wholesale_index,2024-09-29,986.47
wholesale_index,2024-09-30,986.82
wholesale_index,2024-10-01,992.43
wholesale_index,2024-10-02,993.97
wholesale_index,2024-10-03,999.78
wholesale_index,2024-10-04,1002.03
wholesale_index,2024-10-05,1005.4
wholesale_index,2024-10-06,1004.42
wholesale_index,2024-10-07,1001.28
wholesale_index,2024-10-08,1000.04
wholesale_index,2024-10-09,1000.1
wholesale_index,2024-10-10,998.32
wholesale_index,2024-10-11,995.42
wholesale_index,2024-10-12,996.77
wholesale_index,2024-10-13,993.87
wholesale_index,2024-10-14,989.4
wholesale_index,2024-10-15,986.18
wholesale_index,2024-10-16,985.58
wholesale_index,2024-10-17,982.75
wholesale_index,2024-10-18,982.18
wholesale_index,2024-10-19,984.05
wholesale_index,2024-10-20,985.85
wholesale_index,2024-10-21,983.99
wholesale_index,2024-10-22,980.25
wholesale_index,2024-10-23,978.65
wholesale_index,2024-10-24,980.68
wholesale_index,2024-10-25,983.4
wholesale_index,2024-10-26,984.54
wholesale_index,2024-10-27,988.19
wholesale_index,2024-10-28,993.43
wholesale_index,2024-10-29,992.09
wholesale_index,2024-10-30,996.62
wholesale_index,2024-10-31,995.94
wholesale_index,2024-11-01,999.1
wholesale_index,2024-11-02,1001.32
wholesale_index,2024-11-03,995.5
wholesale_index,2024-11-04,992.72
wholesale_index,2024-11-05,989.19
wholesale_index,2024-11-06,984.01
wholesale_index,2024-11-07,986.71
wholesale_index,2024-11-08,992.95
wholesale_index,2024-11-09,992.28
wholesale_index,2024-11-10,994.93
wholesale_index,2024-11-11,999.47
wholesale_index,2024-11-12,1000.19
wholesale_index,2024-11-13,1000.22
wholesale_index,2024-11-14,999.58
wholesale_index,2024-11-15,1001.29
wholesale_index,2024-11-16,1004.03
wholesale_index,2024-11-17,1005.52
wholesale_index,2024-11-18,1006.91
wholesale_index,2024-11-19,1006.86
wholesale_index,2024-11-20,1002.16
wholesale_index,2024-11-21,1004.96
wholesale_index,2024-11-22,1001.19
wholesale_index,2024-11-23,1003.16
wholesale_index,2024-11-24,1005.53
wholesale_index,2024-11-25,1002.2
wholesale_index,2024-11-26,1000.47
wholesale_index,2024-11-27,1006.96
wholesale_index,2024-11-28,1006.82
wholesale_index,2024-11-29,1003.24
wholesale_index,2024-11-30,1005.76
wholesale_index,2024-12-01,1003.53
wholesale_index,2024-12-02,997.86
wholesale_index,2024-12-03,999.52
wholesale_index,2024-12-04,996.88
wholesale_index,2024-12-05,997.94
wholesale_index,2024-12-06,995.61
wholesale_index,2024-12-07,997.82
wholesale_index,2024-12-08,998.47
wholesale_index,2024-12-09,990.84
wholesale_index,2024-12-10,992.08
wholesale_index,2024-12-11,991.32
wholesale_index,2024-12-12,995.64
wholesale_index,2024-12-13,996.92
wholesale_index,2024-12-14,999.28
wholesale_index,2024-12-15,997.25
wholesale_index,2024-12-16,994.99
wholesale_index,2024-12-17,995.02
wholesale_index,2024-12-18,994.04
wholesale_index,2024-12-19,998.14
wholesale_index,2024-12-20,997.78
wholesale_index,2024-12-21,994.22
wholesale_index,2024-12-22,991.85
wholesale_index,2024-12-23,994.83
wholesale_index,2024-12-24,994.43
wholesale_index,2024-12-25,993.87
wholesale_index,2024-12-26,997.13
wholesale_index,2024-12-27,994.5
wholesale_index,2024-12-28,987.95
wholesale_index,2024-12-29,985.53
wholesale_index,2024-12-30,986.34
wholesale_index,2024-12-31,985.7
wholesale_index,2025-01-01,981.2
wholesale_index,2025-01-02,984.29
wholesale_index,2025-01-03,984.87
wholesale_index,2025-01-04,986.12
wholesale_index,2025-01-05,987.46
wholesale_index,2025-01-06,983.72
wholesale_index,2025-01-07,984.71
wholesale_index,2025-01-08,987.5
wholesale_index,2025-01-09,990.98
wholesale_index,2025-01-10,993.23
wholesale_index,2025-01-11,994.86
wholesale_index,2025-01-12,989.78
wholesale_index,2025-01-13,989.84
wholesale_index,2025-01-14,987.1
wholesale_index,2025-01-15,991.0
wholesale_index,2025-01-16,994.47
wholesale_index,2025-01-17,991.74
wholesale_index,2025-01-18,991.7
wholesale_index,2025-01-19,992.54
wholesale_index,2025-01-20,995.32
wholesale_index,2025-01-21,990.43
wholesale_index,2025-01-22,983.99
wholesale_index,2025-01-23,984.2
wholesale_index,2025-01-24,976.85
wholesale_index,2025-01-25,977.41
wholesale_index,2025-01-26,979.25
wholesale_index,2025-01-27,982.98
wholesale_index,2025-01-28,981.25
wholesale_index,2025-01-29,981.82
wholesale_index,2025-01-30,983.84
wholesale_index,2025-01-31,980.47
wholesale_index,2025-02-01,983.27
wholesale_index,2025-02-02,984.18
wholesale_index,2025-02-03,982.49
wholesale_index,2025-02-04,983.0
wholesale_index,2025-02-05,982.69
wholesale_index,2025-02-06,985.09
wholesale_index,2025-02-07,984.12
wholesale_index,2025-02-08,984.89
wholesale_index,2025-02-09,983.16
wholesale_index,2025-02-10,980.5
wholesale_index,2025-02-11,981.1
wholesale_index,2025-02-12,978.56
wholesale_index,2025-02-13,981.01
wholesale_index,2025-02-14,982.85
wholesale_index,2025-02-15,980.7
wholesale_index,2025-02-16,981.43
wholesale_index,2025-02-17,979.26
wholesale_index,2025-02-18,974.66
wholesale_index,2025-02-19,973.01
wholesale_index,2025-02-20,972.96
wholesale_index,2025-02-21,974.58
wholesale_index,2025-02-22,975.11
wholesale_index,2025-02-23,977.87
wholesale_index,2025-02-24,975.09
wholesale_index,2025-02-25,974.09
wholesale_index,2025-02-26,979.01
wholesale_index,2025-02-27,973.45
wholesale_index,2025-02-28,972.23
wholesale_index,2025-03-01,969.2
wholesale_index,2025-03-02,968.73
wholesale_index,2025-03-03,967.57
wholesale_index,2025-03-04,969.41
wholesale_index,2025-03-05,970.25
wholesale_index,2025-03-06,966.56
wholesale_index,2025-03-07,964.95
wholesale_index,2025-03-08,965.05
wholesale_index,2025-03-09,967.29
wholesale_index,2025-03-10,974.47
wholesale_index,2025-03-11,976.62
wholesale_index,2025-03-12,973.76
wholesale_index,2025-03-13,973.58
wholesale_index,2025-03-14,974.21
wholesale_index,2025-03-15,972.79
wholesale_index,2025-03-16,974.26
wholesale_index,2025-03-17,967.74
wholesale_index,2025-03-18,969.44
wholesale_index,2025-03-19,968.16
wholesale_index,2025-03-20,967.93
wholesale_index,2025-03-21,972.3
wholesale_index,2025-03-22,968.72
wholesale_index,2025-03-23,969.61
wholesale_index,2025-03-24,972.02
wholesale_index,2025-03-25,972.61
wholesale_index,2025-03-26,968.01
wholesale_index,2025-03-27,972.04
wholesale_index,2025-03-28,971.52
wholesale_index,2025-03-29,970.08
wholesale_index,2025-03-30,969.27
wholesale_index,2025-03-31,968.26
wholesale_index,2025-04-01,964.91
wholesale_index,2025-04-02,965.48
wholesale_index,2025-04-03,963.85
wholesale_index,2025-04-04,965.89
wholesale_index,2025-04-05,967.48
wholesale_index,2025-04-06,972.31
wholesale_index,2025-04-07,971.79
wholesale_index,2025-04-08,969.55
wholesale_index,2025-04-09,965.38
wholesale_index,2025-04-10,971.85
wholesale_index,2025-04-11,973.88
wholesale_index,2025-04-12,971.96
wholesale_index,2025-04-13,977.0
wholesale_index,2025-04-14,981.09
wholesale_index,2025-04-15,977.21
wholesale_index,2025-04-16,975.11
wholesale_index,2025-04-17,974.82
wholesale_index,2025-04-18,971.79
wholesale_index,2025-04-19,971.6
wholesale_index,2025-04-20,973.78
wholesale_index,2025-04-21,969.87
wholesale_index,2025-04-22,970.82
wholesale_index,2025-04-23,974.33
wholesale_index,2025-04-24,975.6
wholesale_index,2025-04-25,975.47
wholesale_index,2025-04-26,973.62
wholesale_index,2025-04-27,976.15
wholesale_index,2025-04-28,972.8
wholesale_index,2025-04-29,973.61
wholesale_index,2025-04-30,973.78
wholesale_index,2025-05-01,977.17
wholesale_index,2025-05-02,975.56
wholesale_index,2025-05-03,974.2
wholesale_index,2025-05-04,970.68
wholesale_index,2025-05-05,972.05
wholesale_index,2025-05-06,970.91
wholesale_index,2025-05-07,968.5
wholesale_index,2025-05-08,966.37
wholesale_index,2025-05-09,968.03
wholesale_index,2025-05-10,964.93
wholesale_index,2025-05-11,962.09
wholesale_index,2025-05-12,964.78
wholesale_index,2025-05-13,964.39
wholesale_index,2025-05-14,967.26
wholesale_index,2025-05-15,966.31
wholesale_index,2025-05-16,966.41
wholesale_index,2025-05-17,966.96
wholesale_index,2025-05-18,971.09
wholesale_index,2025-05-19,975.0
wholesale_index,2025-05-20,978.47
wholesale_index,2025-05-21,976.73
wholesale_index,2025-05-22,973.94
wholesale_index,2025-05-23,976.26
wholesale_index,2025-05-24,980.4
wholesale_index,2025-05-25,983.92
wholesale_index,2025-05-26,984.06
wholesale_index,2025-05-27,986.31
wholesale_index,2025-05-28,988.62
wholesale_index,2025-05-29,989.16
wholesale_index,2025-05-30,989.83
wholesale_index,2025-05-31,990.22
wholesale_index,2025-06-01,987.98
wholesale_index,2025-06-02,986.04
wholesale_index,2025-06-03,984.07
wholesale_index,2025-06-04,979.46
wholesale_index,2025-06-05,979.98
wholesale_index,2025-06-06,979.95
wholesale_index,2025-06-07,982.3
wholesale_index,2025-06-08,986.12
wholesale_index,2025-06-09,990.14
wholesale_index,2025-06-10,994.46
wholesale_index,2025-06-11,992.31
wholesale_index,2025-06-12,988.15
wholesale_index,2025-06-13,991.01
wholesale_index,2025-06-14,995.23
wholesale_index,2025-06-15,999.99
wholesale_index,2025-06-16,1001.54
wholesale_index,2025-06-17,995.66
wholesale_index,2025-06-18,996.85
wholesale_index,2025-06-19,998.62
wholesale_index,2025-06-20,1002.47
wholesale_index,2025-06-21,1006.88
wholesale_index,2025-06-22,1009.74
wholesale_index,2025-06-23,1008.06
wholesale_index,2025-06-24,1005.05
wholesale_index,2025-06-25,1006.76
wholesale_index,2025-06-26,1004.47
wholesale_index,2025-06-27,1009.03
wholesale_index,2025-06-28,1003.98
wholesale_index,2025-06-29,1005.79
wholesale_index,2025-06-30,1006.86
wholesale_index,2025-07-01,1006.34
wholesale_index,2025-07-02,1003.65
wholesale_index,2025-07-03,997.56
wholesale_index,2025-07-04,996.07
wholesale_index,2025-07-05,994.63
wholesale_index,2025-07-06,998.06
wholesale_index,2025-07-07,995.81
wholesale_index,2025-07-08,997.27
wholesale_index,2025-07-09,993.51
wholesale_index,2025-07-10,995.04
wholesale_index,2025-07-11,988.48
wholesale_index,2025-07-12,994.81
wholesale_index,2025-07-13,994.49
wholesale_index,2025-07-14,986.29
wholesale_index,2025-07-15,984.27
wholesale_index,2025-07-16,981.78
wholesale_index,2025-07-17,979.95
wholesale_index,2025-07-18,978.98
wholesale_index,2025-07-19,977.13
wholesale_index,2025-07-20,974.84
wholesale_index,2025-07-21,971.55
wholesale_index,2025-07-22,974.05
wholesale_index,2025-07-23,977.66
wholesale_index,2025-07-24,977.01
wholesale_index,2025-07-25,977.06
wholesale_index,2025-07-26,973.86
wholesale_index,2025-07-27,974.16
wholesale_index,2025-07-28,974.93
wholesale_index,2025-07-29,974.39
wholesale_index,2025-07-30,975.65
wholesale_index,2025-07-31,976.65
wholesale_index,2025-08-01,973.66
wholesale_index,2025-08-02,977.25
wholesale_index,2025-08-03,976.74
wholesale_index,2025-08-04,981.76
wholesale_index,2025-08-05,983.1
wholesale_index,2025-08-06,989.03
wholesale_index,2025-08-07,992.62
wholesale_index,2025-08-08,993.39
wholesale_index,2025-08-09,991.34
wholesale_index,2025-08-10,989.36
wholesale_index,2025-08-11,991.04
wholesale_index,2025-08-12,991.56
wholesale_index,2025-08-13,989.91
wholesale_index,2025-08-14,992.49
wholesale_index,2025-08-15,992.7
wholesale_index,2025-08-16,995.3
wholesale_index,2025-08-17,992.49
wholesale_index,2025-08-18,995.57
wholesale_index,2025-08-19,997.17
wholesale_index,2025-08-20,1000.86
wholesale_index,2025-08-21,1003.9
wholesale_index,2025-08-22,1003.75
wholesale_index,2025-08-23,1003.35
wholesale_index,2025-08-24,1008.83
wholesale_index,2025-08-25,1008.05
wholesale_index,2025-08-26,1010.42
wholesale_index,2025-08-27,1009.36
wholesale_index,2025-08-28,1003.84
wholesale_index,2025-08-29,1000.25
wholesale_index,2025-08-30,1001.57
wholesale_index,2025-08-31,1003.78
wholesale_index,2025-09-01,1005.11
wholesale_index,2025-09-02,1008.68
wholesale_index,2025-09-03,1009.96
wholesale_index,2025-09-04,1007.72
wholesale_index,2025-09-05,1009.62
wholesale_index,2025-09-06,1010.23
wholesale_index,2025-09-07,1008.59
wholesale_index,2025-09-08,1010.12
wholesale_index,2025-09-09,1010.46
wholesale_index,2025-09-10,1008.73
wholesale_index,2025-09-11,1008.29
wholesale_index,2025-09-12,1012.68
wholesale_index,2025-09-13,1016.99
wholesale_index,2025-09-14,1017.66
wholesale_index,2025-09-15,1017.94
wholesale_index,2025-09-16,1013.67
wholesale_index,2025-09-17,1019.02
wholesale_index,2025-09-18,1022.29
wholesale_index,2025-09-19,1024.7
wholesale_index,2025-09-20,1017.84
wholesale_index,2025-09-21,1018.06
wholesale_index,2025-09-22,1017.78
wholesale_index,2025-09-23,1019.97
wholesale_index,2025-09-24,1018.69
wholesale_index,2025-09-25,1018.08
wholesale_index,2025-09-26,1020.08
wholesale_index,2025-09-27,1017.81
wholesale_index,2025-09-28,1016.17
wholesale_index,2025-09-29,1016.86
wholesale_index,2025-09-30,1021.05
wholesale_index,2025-10-01,1023.63
wholesale_index,2025-10-02,1027.04
wholesale_index,2025-10-03,1027.34
wholesale_index,2025-10-04,1032.06
wholesale_index,2025-10-05,1026.79
wholesale_index,2025-10-06,1033.14
wholesale_index,2025-10-07,1039.93
wholesale_index,2025-10-08,1041.46
wholesale_index,2025-10-09,1044.17
wholesale_index,2025-10-10,1044.16
wholesale_index,2025-10-11,1043.6
wholesale_index,2025-10-12,1041.8
wholesale_index,2025-10-13,1041.75
wholesale_index,2025-10-14,1043.59
wholesale_index,2025-10-15,1045.01
wholesale_index,2025-10-16,1051.36
wholesale_index,2025-10-17,1051.79
wholesale_index,2025-10-18,1047.2
wholesale_index,2025-10-19,1052.49
wholesale_index,2025-10-20,1048.74
wholesale_index,2025-10-21,1047.09
wholesale_index,2025-10-22,1048.05
wholesale_index,2025-10-23,1049.47
wholesale_index,2025-10-24,1045.03
wholesale_index,2025-10-25,1042.8
wholesale_index,2025-10-26,1038.28
wholesale_index,2025-10-27,1040.32
wholesale_index,2025-10-28,1044.12
wholesale_index,2025-10-29,1040.41
wholesale_index,2025-10-30,1043.62
wholesale_index,2025-10-31,1046.65
wholesale_index,2025-11-01,1044.68
wholesale_index,2025-11-02,1038.59
wholesale_index,2025-11-03,1035.36
wholesale_index,2025-11-04,1033.62
wholesale_index,2025-11-05,1038.52
wholesale_index,2025-11-06,1038.25
wholesale_index,2025-11-07,1035.22
wholesale_index,2025-11-08,1035.79
wholesale_index,2025-11-09,1031.87
wholesale_index,2025-11-10,1033.57
wholesale_index,2025-11-11,1030.64
wholesale_index,2025-11-12,1028.18
wholesale_index,2025-11-13,1029.44
wholesale_index,2025-11-14,1034.96
wholesale_index,2025-11-15,1041.91
wholesale_index,2025-11-16,1038.77
wholesale_index,2025-11-17,1037.02
wholesale_index,2025-11-18,1038.73
wholesale_index,2025-11-19,1042.48
wholesale_index,2025-11-20,1035.84
wholesale_index,2025-11-21,1036.21
wholesale_index,2025-11-22,1034.8
wholesale_index,2025-11-23,1028.95
wholesale_index,2025-11-24,1024.93
wholesale_index,2025-11-25,1023.29
wholesale_index,2025-11-26,1023.57
wholesale_index,2025-11-27,1026.78
wholesale_index,2025-11-28,1027.97
wholesale_index,2025-11-29,1031.0
wholesale_index,2025-11-30,1031.19
wholesale_index,2025-12-01,1029.11
wholesale_index,2025-12-02,1028.65
wholesale_index,2025-12-03,1030.9
wholesale_index,2025-12-04,1034.2
wholesale_index,2025-12-05,1033.84
wholesale_index,2025-12-06,1031.07
wholesale_index,2025-12-07,1032.21
wholesale_index,2025-12-08,1033.8
wholesale_index,2025-12-09,1037.73
wholesale_index,2025-12-10,1035.72
wholesale_index,2025-12-11,1033.75
wholesale_index,2025-12-12,1036.2
wholesale_index,2025-12-13,1035.04
wholesale_index,2025-12-14,1033.75
wholesale_index,2025-12-15,1037.75
wholesale_index,2025-12-16,1033.59
wholesale_index,2025-12-17,1040.09
wholesale_index,2025-12-18,1038.29
wholesale_index,2025-12-19,1041.1
wholesale_index,2025-12-20,1040.86
wholesale_index,2025-12-21,1041.81
wholesale_index,2025-12-22,1041.09
wholesale_index,2025-12-23,1043.88
wholesale_index,2025-12-24,1042.89
wholesale_index,2025-12-25,1041.21
wholesale_index,2025-12-26,1046.99
wholesale_index,2025-12-27,1047.19
wholesale_index,2025-12-28,1045.17
wholesale_index,2025-12-29,1040.61
wholesale_index,2025-12-30,1046.56
wholesale_index,2025-12-31,1044.93
wholesale_index,2026-01-01,1051.52
wholesale_index,2026-01-02,1052.89
wholesale_index,2026-01-03,1053.44
wholesale_index,2026-01-04,1054.08
wholesale_index,2026-01-05,1061.22
wholesale_index,2026-01-06,1054.37
wholesale_index,2026-01-07,1055.15
wholesale_index,2026-01-08,1054.42
wholesale_index,2026-01-09,1053.85
wholesale_index,2026-01-10,1054.43
wholesale_index,2026-01-11,1053.69
wholesale_index,2026-01-12,1054.39
wholesale_index,2026-01-13,1054.42
wholesale_index,2026-01-14,1050.38
wholesale_index,2026-01-15,1051.69
wholesale_index,2026-01-16,1054.06
wholesale_index,2026-01-17,1052.45
wholesale_index,2026-01-18,1058.47
wholesale_index,2026-01-19,1062.83
wholesale_index,2026-01-20,1065.63
wholesale_index,2026-01-21,1068.4
wholesale_index,2026-01-22,1068.6
wholesale_index,2026-01-23,1072.37
wholesale_index,2026-01-24,1077.54
wholesale_index,2026-01-25,1080.27
wholesale_index,2026-01-26,1078.53
wholesale_index,2026-01-27,1078.51
wholesale_index,2026-01-28,1080.47
wholesale_index,2026-01-29,1083.3
wholesale_index,2026-01-30,1083.16
wholesale_index,2026-01-31,1081.43
wholesale_index,2026-02-01,1086.69
wholesale_index,2026-02-02,1083.3
wholesale_index,2026-02-03,1080.36
wholesale_index,2026-02-04,1076.17
wholesale_index,2026-02-05,1073.24
wholesale_index,2026-02-06,1077.37
wholesale_index,2026-02-07,1081.63
wholesale_index,2026-02-08,1081.49
wholesale_index,2026-02-09,1083.21
wholesale_index,2026-02-10,1083.29
wholesale_index,2026-02-11,1079.53
wholesale_index,2026-02-12,1086.84
wholesale_index,2026-02-13,1091.45
wholesale_index,2026-02-14,1092.72
wholesale_index,2026-02-15,1090.02
wholesale_index,2026-02-16,1089.4
wholesale_index,2026-02-17,1087.24
wholesale_index,2026-02-18,1087.67
wholesale_index,2026-02-19,1088.79
wholesale_index,2026-02-20,1087.79
wholesale_index,2026-02-21,1083.16
wholesale_index,2026-02-22,1090.22
wholesale_index,2026-02-23,1091.1
wholesale_index,2026-02-24,1092.71
wholesale_index,2026-02-25,1091.43
wholesale_index,2026-02-26,1086.44
wholesale_index,2026-02-27,1086.28
wholesale_index,2026-02-28,1085.33
wholesale_index,2026-03-01,1087.76
wholesale_index,2026-03-02,1090.83
wholesale_index,2026-03-03,1093.44
wholesale_index,2026-03-04,1096.8
wholesale_index,2026-03-05,1102.86
wholesale_index,2026-03-06,1104.26
wholesale_index,2026-03-07,1108.02
wholesale_index,2026-03-08,1109.77
wholesale_index,2026-03-09,1103.57
wholesale_index,2026-03-10,1103.17
wholesale_index,2026-03-11,1100.42
wholesale_index,2026-03-12,1101.29
wholesale_index,2026-03-13,1098.79
wholesale_index,2026-03-14,1100.9
wholesale_index,2026-03-15,1104.25
wholesale_index,2026-03-16,1108.36
wholesale_index,2026-03-17,1113.87
wholesale_index,2026-03-18,1108.39
wholesale_index,2026-03-19,1104.52
wholesale_index,2026-03-20,1114.38
wholesale_index,2026-03-21,1117.87
wholesale_index,2026-03-22,1118.73
wholesale_index,2026-03-23,1118.95
wholesale_index,2026-03-24,1118.87
wholesale_index,2026-03-25,1112.51
wholesale_index,2026-03-26,1110.05
wholesale_index,2026-03-27,1109.79
wholesale_index,2026-03-28,1107.52
wholesale_index,2026-03-29,1105.69
wholesale_index,2026-03-30,1114.32
wholesale_index,2026-03-31,1113.59
wholesale_index,2026-04-01,1114.63
wholesale_index,2026-04-02,1115.55
wholesale_index,2026-04-03,1117.64
wholesale_index,2026-04-04,1116.15
wholesale_index,2026-04-05,1120.45
wholesale_index,2026-04-06,1122.05
wholesale_index,2026-04-07,1117.84
wholesale_index,2026-04-08,1117.59
wholesale_index,2026-04-09,1117.12
wholesale_index,2026-04-10,1116.5
wholesale_index,2026-04-11,1118.32
wholesale_index,2026-04-12,1120.57
wholesale_index,2026-04-13,1122.42
wholesale_index,2026-04-14,1123.67
wholesale_index,2026-04-15,1124.07
wholesale_index,2026-04-16,1116.95
wholesale_index,2026-04-17,1119.68
wholesale_index,2026-04-18,1121.43
wholesale_index,2026-04-19,1118.23
wholesale_index,2026-04-20,1119.29
wholesale_index,2026-04-21,1121.58
wholesale_index,2026-04-22,1125.64
wholesale_index,2026-04-23,1127.47
wholesale_index,2026-04-24,1128.67
wholesale_index,2026-04-25,1132.0
wholesale_index,2026-04-26,1131.07
wholesale_index,2026-04-27,1132.58
wholesale_index,2026-04-28,1130.59
wholesale_index,2026-04-29,1134.47
wholesale_index,2026-04-30,1129.12
wholesale_index,2026-05-01,1132.0
wholesale_index,2026-05-02,1132.18
wholesale_index,2026-05-03,1135.57
wholesale_index,2026-05-04,1133.03
wholesale_index,2026-05-05,1133.45
wholesale_index,2026-05-06,1133.77
wholesale_index,2026-05-07,1135.36
wholesale_index,2026-05-08,1131.91
wholesale_index,2026-05-09,1134.19
wholesale_index,2026-05-10,1128.04
wholesale_index,2026-05-11,1125.89
wholesale_index,2026-05-12,1120.74
wholesale_index,2026-05-13,1123.64
wholesale_index,2026-05-14,1125.1
wholesale_index,2026-05-15,1126.75
wholesale_index,2026-05-16,1131.86
wholesale_index,2026-05-17,1130.9
wholesale_index,2026-05-18,1133.08
wholesale_index,2026-05-19,1133.42
wholesale_index,2026-05-20,1133.24
wholesale_index,2026-05-21,1137.8
wholesale_index,2026-05-22,1145.05
wholesale_index,2026-05-23,1143.68
wholesale_index,2026-05-24,1146.66
wholesale_index,2026-05-25,1147.87
wholesale_index,2026-05-26,1149.13
wholesale_index,2026-05-27,1150.1
wholesale_index,2026-05-28,1149.06
wholesale_index,2026-05-29,1136.88
wholesale_index,2026-05-30,1142.24
wholesale_index,2026-05-31,1139.98
wholesale_index,2026-06-01,1139.27
wholesale_index,2026-06-02,1138.63
wholesale_index,2026-06-03,1136.07
wholesale_index,2026-06-04,1137.0
wholesale_index,2026-06-05,1136.96
wholesale_index,2026-06-06,1134.64
wholesale_index,2026-06-07,1135.26
wholesale_index,2026-06-08,1135.26
wholesale_index,2026-06-09,1138.54
wholesale_index,2026-06-10,1134.08
wholesale_index,2026-06-11,1131.46
wholesale_index,2026-06-12,1134.04
wholesale_index,2026-06-13,1131.97
wholesale_index,2026-06-14,1129.02
wholesale_index,2026-06-15,1127.14
wholesale_index,2026-06-16,1126.91
wholesale_index,2026-06-17,1126.69
wholesale_index,2026-06-18,1126.1
wholesale_index,2026-06-19,1122.74
wholesale_index,2026-06-20,1125.46
wholesale_index,2026-06-21,1130.06
wholesale_index,2026-06-22,1123.71
wholesale_index,2026-06-23,1118.6
wholesale_index,2026-06-24,1122.08
wholesale_index,2026-06-25,1127.49
wholesale_index,2026-06-26,1120.43
wholesale_index,2026-06-27,1123.28
wholesale_index,2026-06-28,1128.93
wholesale_index,2026-06-29,1126.12
wholesale_index,2026-06-30,1131.59
wholesale_index,2026-07-01,1131.1
wholesale_index,2026-07-02,1132.28
wholesale_index,2026-07-03,1129.95
wholesale_index,2026-07-04,1133.46
wholesale_index,2026-07-05,1136.42
wholesale_index,2026-07-06,1142.43
wholesale_index,2026-07-07,1147.49
wholesale_index,2026-07-08,1147.57
wholesale_index,2026-07-09,1158.44
wholesale_index,2026-07-10,1163.26
wholesale_index,2026-07-11,1165.26
wholesale_index,2026-07-12,1161.9
wholesale_index,2026-07-13,1156.69
wholesale_index,2026-07-14,1151.81
wholesale_index,2026-07-15,1148.7
processed_food,2024-01-01,2899.57
processed_food,2024-01-02,2908.54
processed_food,2024-01-03,2892.18
processed_food,2024-01-04,2886.16
processed_food,2024-01-05,2889.5
processed_food,2024-01-06,2888.18
processed_food,2024-01-07,2894.73
processed_food,2024-01-08,2896.58
processed_food,2024-01-09,2864.79
processed_food,2024-01-10,2816.17
processed_food,2024-01-11,2808.02
processed_food,2024-01-12,2820.89
processed_food,2024-01-13,2812.98
processed_food,2024-01-14,2841.2
processed_food,2024-01-15,2840.39
processed_food,2024-01-16,2871.66
processed_food,2024-01-17,2898.51
processed_food,2024-01-18,2923.25
processed_food,2024-01-19,2895.5
processed_food,2024-01-20,2896.16
processed_food,2024-01-21,2924.89
processed_food,2024-01-22,2931.53
processed_food,2024-01-23,2944.83
processed_food,2024-01-24,2912.57
processed_food,2024-01-25,2957.89
processed_food,2024-01-26,2939.49
processed_food,2024-01-27,2893.22
processed_food,2024-01-28,2885.37
processed_food,2024-01-29,2829.68
processed_food,2024-01-30,2805.47
processed_food,2024-01-31,2863.74
processed_food,2024-02-01,2825.23
processed_food,2024-02-02,2793.4
processed_food,2024-02-03,2794.22
processed_food,2024-02-04,2774.47
processed_food,2024-02-05,2793.97
processed_food,2024-02-06,2774.41
processed_food,2024-02-07,2780.68
processed_food,2024-02-08,2755.53
processed_food,2024-02-09,2813.67
processed_food,2024-02-10,2825.29
processed_food,2024-02-11,2822.25
processed_food,2024-02-12,2815.9
processed_food,2024-02-13,2803.71
processed_food,2024-02-14,2786.94
processed_food,2024-02-15,2769.67
processed_food,2024-02-16,2807.36
processed_food,2024-02-17,2795.23
processed_food,2024-02-18,2748.26
processed_food,2024-02-19,2722.99
processed_food,2024-02-20,2743.52
processed_food,2024-02-21,2738.24
processed_food,2024-02-22,2735.55
processed_food,2024-02-23,2761.52
processed_food,2024-02-24,2744.65
processed_food,2024-02-25,2758.82
processed_food,2024-02-26,2744.36
processed_food,2024-02-27,2757.28
processed_food,2024-02-28,2748.92
processed_food,2024-02-29,2743.86
processed_food,2024-03-01,2660.68
processed_food,2024-03-02,2676.89
processed_food,2024-03-03,2673.59
processed_food,2024-03-04,2663.76
processed_food,2024-03-05,2698.3
processed_food,2024-03-06,2711.3
processed_food,2024-03-07,2703.07
processed_food,2024-03-08,2689.23
processed_food,2024-03-09,2711.61
processed_food,2024-03-10,2714.36
processed_food,2024-03-11,2711.06
processed_food,2024-03-12,2713.8
processed_food,2024-03-13,2721.38
processed_food,2024-03-14,2720.39
processed_food,2024-03-15,2746.96
processed_food,2024-03-16,2775.03
processed_food,2024-03-17,2787.11
processed_food,2024-03-18,2818.19
processed_food,2024-03-19,2818.63
processed_food,2024-03-20,2834.5
processed_food,2024-03-21,2857.62
processed_food,2024-03-22,2881.27
processed_food,2024-03-23,2902.73
processed_food,2024-03-24,2917.68
processed_food,2024-03-25,2963.99
processed_food,2024-03-26,2951.49
processed_food,2024-03-27,2948.09
processed_food,2024-03-28,2943.3
processed_food,2024-03-29,2934.91
processed_food,2024-03-30,2888.85
processed_food,2024-03-31,2921.06
processed_food,2024-04-01,2738.04
processed_food,2024-04-02,2742.01
processed_food,2024-04-03,2711.24
processed_food,2024-04-04,2724.98
processed_food,2024-04-05,2708.15
processed_food,2024-04-06,2683.9
processed_food,2024-04-07,2688.31
processed_food,2024-04-08,2673.53
processed_food,2024-04-09,2661.51
processed_food,2024-04-10,2665.41
processed_food,2024-04-11,2682.77
processed_food,2024-04-12,2665.5
processed_food,2024-04-13,2644.69
processed_food,2024-04-14,2645.42
processed_food,2024-04-15,2657.1
processed_food,2024-04-16,2688.62
processed_food,2024-04-17,2665.91
processed_food,2024-04-18,2659.38
processed_food,2024-04-19,2684.75
processed_food,2024-04-20,2727.71
processed_food,2024-04-21,2706.37
processed_food,2024-04-22,2690.66
processed_food,2024-04-23,2699.12
processed_food,2024-04-24,2686.92
processed_food,2024-04-25,2670.89
processed_food,2024-04-26,2676.36
processed_food,2024-04-27,2709.98
processed_food,2024-04-28,2681.98
processed_food,2024-04-29,2714.57
processed_food,2024-04-30,2702.36
processed_food,2024-05-01,2546.2
processed_food,2024-05-02,2579.04
processed_food,2024-05-03,2586.0
processed_food,2024-05-04,2580.08
processed_food,2024-05-05,2595.18
processed_food,2024-05-06,2591.82
processed_food,2024-05-07,2602.89
processed_food,2024-05-08,2598.86
processed_food,2024-05-09,2617.07
processed_food,2024-05-10,2588.27
processed_food,2024-05-11,2567.6
processed_food,2024-05-12,2539.05
processed_food,2024-05-13,2538.13
processed_food,2024-05-14,2507.49
processed_food,2024-05-15,2493.88
processed_food,2024-05-16,2472.1
processed_food,2024-05-17,2501.76
processed_food,2024-05-18,2482.24
processed_food,2024-05-19,2457.04
processed_food,2024-05-20,2462.15
processed_food,2024-05-21,2495.82
processed_food,2024-05-22,2493.73
processed_food,2024-05-23,2493.18
processed_food,2024-05-24,2519.29
processed_food,2024-05-25,2537.28
processed_food,2024-05-26,2546.16
processed_food,2024-05-27,2534.55
processed_food,2024-05-28,2544.04
processed_food,2024-05-29,2516.72
processed_food,2024-05-30,2504.42
processed_food,2024-05-31,2533.5
processed_food,2024-06-01,2433.47
processed_food,2024-06-02,2442.22
processed_food,2024-06-03,2405.03
processed_food,2024-06-04,2382.11
processed_food,2024-06-05,2369.41
processed_food,2024-06-06,2366.37
processed_food,2024-06-07,2343.03
processed_food,2024-06-08,2338.63
processed_food,2024-06-09,2372.14
processed_food,2024-06-10,2379.97
processed_food,2024-06-11,2384.36
processed_food,2024-06-12,2365.24
processed_food,2024-06-13,2334.64
processed_food,2024-06-14,2312.02
processed_food,2024-06-15,2281.37
processed_food,2024-06-16,2282.95
processed_food,2024-06-17,2290.18
processed_food,2024-06-18,2272.76
processed_food,2024-06-19,2275.66
processed_food,2024-06-20,2302.77
processed_food,2024-06-21,2339.33
processed_food,2024-06-22,2354.0
processed_food,2024-06-23,2350.92
processed_food,2024-06-24,2365.06
processed_food,2024-06-25,2390.99
processed_food,2024-06-26,2353.11
processed_food,2024-06-27,2381.39
processed_food,2024-06-28,2371.25
processed_food,2024-06-29,2361.34
processed_food,2024-06-30,2354.86
processed_food,2024-07-01,2307.94
processed_food,2024-07-02,2287.72
processed_food,2024-07-03,2282.71
processed_food,2024-07-04,2292.53
processed_food,2024-07-05,2296.75
processed_food,2024-07-06,2303.97
processed_food,2024-07-07,2298.21
processed_food,2024-07-08,2311.21
processed_food,2024-07-09,2331.03
processed_food,2024-07-10,2349.9
processed_food,2024-07-11,2358.17
processed_food,2024-07-12,2376.16
processed_food,2024-07-13,2392.99
processed_food,2024-07-14,2445.0
processed_food,2024-07-15,2469.17
processed_food,2024-07-16,2467.64
processed_food,2024-07-17,2449.92
processed_food,2024-07-18,2445.03
processed_food,2024-07-19,2438.77
processed_food,2024-07-20,2448.99
processed_food,2024-07-21,2435.53
processed_food,2024-07-22,2459.09
processed_food,2024-07-23,2432.12
processed_food,2024-07-24,2400.78
processed_food,2024-07-25,2398.4
processed_food,2024-07-26,2382.5
processed_food,2024-07-27,2358.85
processed_food,2024-07-28,2347.07
processed_food,2024-07-29,2333.03
processed_food,2024-07-30,2333.43
processed_food,2024-07-31,2322.08
processed_food,2024-08-01,2343.27
processed_food,2024-08-02,2343.39
processed_food,2024-08-03,2362.7
processed_food,2024-08-04,2390.88
processed_food,2024-08-05,2393.92
processed_food,2024-08-06,2398.46
processed_food,2024-08-07,2395.16
processed_food,2024-08-08,2404.62
processed_food,2024-08-09,2412.35
processed_food,2024-08-10,2438.3
processed_food,2024-08-11,2401.95
processed_food,2024-08-12,2397.66
processed_food,2024-08-13,2404.39
processed_food,2024-08-14,2404.1
processed_food,2024-08-15,2386.32
processed_food,2024-08-16,2361.86
processed_food,2024-08-17,2377.36
processed_food,2024-08-18,2363.22
processed_food,2024-08-19,2330.48
processed_food,2024-08-20,2346.72
processed_food,2024-08-21,2355.56
processed_food,2024-08-22,2353.59
processed_food,2024-08-23,2336.64
processed_food,2024-08-24,2334.73
processed_food,2024-08-25,2357.76
processed_food,2024-08-26,2327.71
processed_food,2024-08-27,2298.98
processed_food,2024-08-28,2287.66
processed_food,2024-08-29,2287.38
processed_food,2024-08-30,2278.52
processed_food,2024-08-31,2290.48
processed_food,2024-09-01,2416.16
processed_food,2024-09-02,2421.77
processed_food,2024-09-03,2432.88
processed_food,2024-09-04,2438.4
processed_food,2024-09-05,2438.8
processed_food,2024-09-06,2413.91
processed_food,2024-09-07,2394.36
processed_food,2024-09-08,2368.83
processed_food,2024-09-09,2366.23
processed_food,2024-09-10,2370.85
processed_food,2024-09-11,2343.73
processed_food,2024-09-12,2345.3
processed_food,2024-09-13,2329.15
processed_food,2024-09-14,2309.52
processed_food,2024-09-15,2298.2
processed_food,2024-09-16,2277.9
processed_food,2024-09-17,2289.18
processed_food,2024-09-18,2286.32
processed_food,2024-09-19,2301.48
processed_food,2024-09-20,2293.54
processed_food,2024-09-21,2286.31
processed_food,2024-09-22,2321.04
processed_food,2024-09-23,2291.31
processed_food,2024-09-24,2315.18
processed_food,2024-09-25,2346.24
processed_food,2024-09-26,2360.87
processed_food,2024-09-27,2354.85
processed_food,2024-09-28,2382.1
processed_food,2024-09-29,2376.19
processed_food,2024-09-30,2363.02
processed_food,2024-10-01,2504.19
processed_food,2024-10-02,2493.02
processed_food,2024-10-03,2474.43
processed_food,2024-10-04,2496.73
processed_food,2024-10-05,2481.55
processed_food,2024-10-06,2481.19
processed_food,2024-10-07,2452.91
processed_food,2024-10-08,2453.74
processed_food,2024-10-09,2431.37
processed_food,2024-10-10,2408.74
processed_food,2024-10-11,2406.85
processed_food,2024-10-12,2427.5
processed_food,2024-10-13,2436.29
processed_food,2024-10-14,2446.45
processed_food,2024-10-15,2444.13
processed_food,2024-10-16,2437.8
processed_food,2024-10-17,2453.5
processed_food,2024-10-18,2442.69
processed_food,2024-10-19,2459.27
processed_food,2024-10-20,2483.93
processed_food,2024-10-21,2467.49
processed_food,2024-10-22,2454.04
processed_food,2024-10-23,2443.57
processed_food,2024-10-24,2415.28
processed_food,2024-10-25,2406.44
processed_food,2024-10-26,2431.85
processed_food,2024-10-27,2411.81
processed_food,2024-10-28,2437.73
processed_food,2024-10-29,2429.51
processed_food,2024-10-30,2471.17
processed_food,2024-10-31,2457.95
processed_food,2024-11-01,2606.37
processed_food,2024-11-02,2587.69
processed_food,2024-11-03,2573.73
processed_food,2024-11-04,2601.66
processed_food,2024-11-05,2611.79
processed_food,2024-11-06,2633.61
processed_food,2024-11-07,2606.28
processed_food,2024-11-08,2620.2
processed_food,2024-11-09,2600.15
processed_food,2024-11-10,2572.71
processed_food,2024-11-11,2577.86
processed_food,2024-11-12,2582.81
processed_food,2024-11-13,2584.15
processed_food,2024-11-14,2599.26
processed_food,2024-11-15,2617.72
processed_food,2024-11-16,2648.92
processed_food,2024-11-17,2624.05
processed_food,2024-11-18,2656.01
processed_food,2024-11-19,2696.55
processed_food,2024-11-20,2688.91
processed_food,2024-11-21,2653.49
processed_food,2024-11-22,2624.52
processed_food,2024-11-23,2615.08
processed_food,2024-11-24,2657.8
processed_food,2024-11-25,2658.4
processed_food,2024-11-26,2645.54
processed_food,2024-11-27,2631.31
processed_food,2024-11-28,2603.85
processed_food,2024-11-29,2622.37
processed_food,2024-11-30,2620.67
processed_food,2024-12-01,2784.13
processed_food,2024-12-02,2798.41
processed_food,2024-12-03,2817.3
processed_food,2024-12-04,2812.1
processed_food,2024-12-05,2787.92
processed_food,2024-12-06,2768.75
processed_food,2024-12-07,2738.83
processed_food,2024-12-08,2759.1
processed_food,2024-12-09,2750.87
processed_food,2024-12-10,2772.16
processed_food,2024-12-11,2775.42
processed_food,2024-12-12,2769.18
processed_food,2024-12-13,2743.64
processed_food,2024-12-14,2750.51
processed_food,2024-12-15,2745.95
processed_food,2024-12-16,2766.09
processed_food,2024-12-17,2750.55
processed_food,2024-12-18,2764.39
processed_food,2024-12-19,2801.17
processed_food,2024-12-20,2807.54
processed_food,2024-12-21,2825.49
processed_food,2024-12-22,2838.7
processed_food,2024-12-23,2882.39
processed_food,2024-12-24,2891.23
processed_food,2024-12-25,2907.73
processed_food,2024-12-26,2907.15
processed_food,2024-12-27,2889.45
processed_food,2024-12-28,2861.92
processed_food,2024-12-29,2891.33
processed_food,2024-12-30,2868.36
processed_food,2024-12-31,2885.79
processed_food,2025-01-01,2949.08
processed_food,2025-01-02,2971.08
processed_food,2025-01-03,2959.14
processed_food,2025-01-04,2940.74
processed_food,2025-01-05,2949.93
processed_food,2025-01-06,2943.3
processed_food,2025-01-07,2914.72
processed_food,2025-01-08,2960.54
processed_food,2025-01-09,2942.12
processed_food,2025-01-10,2919.09
processed_food,2025-01-11,2913.7
processed_food,2025-01-12,2943.32
processed_food,2025-01-13,2893.0
processed_food,2025-01-14,2920.46
processed_food,2025-01-15,2899.5
processed_food,2025-01-16,2905.91
processed_food,2025-01-17,2890.5
processed_food,2025-01-18,2937.19
processed_food,2025-01-19,2940.38
processed_food,2025-01-20,2924.04
processed_food,2025-01-21,2917.27
processed_food,2025-01-22,2919.62
processed_food,2025-01-23,2924.04
processed_food,2025-01-24,2934.58
processed_food,2025-01-25,2934.81
processed_food,2025-01-26,2902.92
processed_food,2025-01-27,2895.29
processed_food,2025-01-28,2909.64
processed_food,2025-01-29,2894.35
processed_food,2025-01-30,2910.23
processed_food,2025-01-31,2911.23
processed_food,2025-02-01,2875.81
processed_food,2025-02-02,2903.68
processed_food,2025-02-03,2863.84
processed_food,2025-02-04,2848.67
processed_food,2025-02-05,2877.15
processed_food,2025-02-06,2919.85
processed_food,2025-02-07,2974.0
processed_food,2025-02-08,2975.47
processed_food,2025-02-09,2986.66
processed_food,2025-02-10,3006.52
processed_food,2025-02-11,3037.62
processed_food,2025-02-12,3045.51
processed_food,2025-02-13,3068.44
processed_food,2025-02-14,3080.02
processed_food,2025-02-15,3093.2
processed_food,2025-02-16,3070.83
processed_food,2025-02-17,3063.03
processed_food,2025-02-18,3050.52
processed_food,2025-02-19,3021.92
processed_food,2025-02-20,2982.52
processed_food,2025-02-21,2972.69
processed_food,2025-02-22,2966.69
processed_food,2025-02-23,2969.45
processed_food,2025-02-24,2982.95
processed_food,2025-02-25,2987.72
processed_food,2025-02-26,2981.85
processed_food,2025-02-27,2960.37
processed_food,2025-02-28,2981.48
processed_food,2025-03-01,2869.85
processed_food,2025-03-02,2860.17
processed_food,2025-03-03,2856.16
processed_food,2025-03-04,2839.73
processed_food,2025-03-05,2827.95
processed_food,2025-03-06,2815.51
processed_food,2025-03-07,2809.3
processed_food,2025-03-08,2824.33
processed_food,2025-03-09,2833.79
processed_food,2025-03-10,2869.34
processed_food,2025-03-11,2897.55
processed_food,2025-03-12,2943.52
processed_food,2025-03-13,2956.98
processed_food,2025-03-14,2970.12
processed_food,2025-03-15,2958.83
processed_food,2025-03-16,2978.72
processed_food,2025-03-17,2963.39
processed_food,2025-03-18,2929.0
processed_food,2025-03-19,2965.25
processed_food,2025-03-20,2936.03
processed_food,2025-03-21,2946.62
processed_food,2025-03-22,2926.2
processed_food,2025-03-23,2952.96
processed_food,2025-03-24,2983.22
processed_food,2025-03-25,2996.14
processed_food,2025-03-26,3026.44
processed_food,2025-03-27,3026.89
processed_food,2025-03-28,3081.75
processed_food,2025-03-29,3100.48
processed_food,2025-03-30,3078.5
processed_food,2025-03-31,3080.5
processed_food,2025-04-01,2907.73
processed_food,2025-04-02,2902.17
processed_food,2025-04-03,2864.21
processed_food,2025-04-04,2873.35
processed_food,2025-04-05,2841.93
processed_food,2025-04-06,2785.34
processed_food,2025-04-07,2777.93
processed_food,2025-04-08,2761.43
processed_food,2025-04-09,2742.71
processed_food,2025-04-10,2675.7
processed_food,2025-04-11,2657.79
processed_food,2025-04-12,2654.34
processed_food,2025-04-13,2641.15
processed_food,2025-04-14,2649.58
processed_food,2025-04-15,2679.51
processed_food,2025-04-16,2690.84
processed_food,2025-04-17,2713.27
processed_food,2025-04-18,2737.7
processed_food,2025-04-19,2715.72
processed_food,2025-04-20,2725.52
processed_food,2025-04-21,2747.56
processed_food,2025-04-22,2738.24
processed_food,2025-04-23,2721.22
processed_food,2025-04-24,2733.03
processed_food,2025-04-25,2701.07
processed_food,2025-04-26,2677.91
processed_food,2025-04-27,2663.9
processed_food,2025-04-28,2673.76
processed_food,2025-04-29,2678.69
processed_food,2025-04-30,2701.15
processed_food,2025-05-01,2519.38
processed_food,2025-05-02,2500.02
processed_food,2025-05-03,2510.74
processed_food,2025-05-04,2494.98
processed_food,2025-05-05,2483.18
processed_food,2025-05-06,2446.79
processed_food,2025-05-07,2452.71
processed_food,2025-05-08,2483.37
processed_food,2025-05-09,2463.22
processed_food,2025-05-10,2483.66
processed_food,2025-05-11,2482.71
processed_food,2025-05-12,2448.11
processed_food,2025-05-13,2430.87
processed_food,2025-05-14,2412.55
processed_food,2025-05-15,2406.67
processed_food,2025-05-16,2414.98
processed_food,2025-05-17,2451.18
processed_food,2025-05-18,2423.5
processed_food,2025-05-19,2414.33
processed_food,2025-05-20,2397.31
processed_food,2025-05-21,2373.33
processed_food,2025-05-22,2375.35
processed_food,2025-05-23,2375.59
processed_food,2025-05-24,2341.58
processed_food,2025-05-25,2342.13
processed_food,2025-05-26,2319.87
processed_food,2025-05-27,2320.29
processed_food,2025-05-28,2344.19
processed_food,2025-05-29,2353.1
processed_food,2025-05-30,2356.66
processed_food,2025-05-31,2346.92
processed_food,2025-06-01,2232.1
processed_food,2025-06-02,2242.38
processed_food,2025-06-03,2250.92
processed_food,2025-06-04,2249.34
processed_food,2025-06-05,2253.46
processed_food,2025-06-06,2230.05
processed_food,2025-06-07,2217.19
processed_food,2025-06-08,2229.97
processed_food,2025-06-09,2245.25
processed_food,2025-06-10,2247.13
processed_food,2025-06-11,2274.08
processed_food,2025-06-12,2283.55
processed_food,2025-06-13,2279.5
processed_food,2025-06-14,2257.57
processed_food,2025-06-15,2283.91
processed_food,2025-06-16,2298.23
processed_food,2025-06-17,2331.74
processed_food,2025-06-18,2372.73
processed_food,2025-06-19,2348.64
processed_food,2025-06-20,2324.84
processed_food,2025-06-21,2272.4
processed_food,2025-06-22,2289.36
processed_food,2025-06-23,2301.62
processed_food,2025-06-24,2303.63
processed_food,2025-06-25,2281.35
processed_food,2025-06-26,2279.93
processed_food,2025-06-27,2283.51
processed_food,2025-06-28,2298.06
processed_food,2025-06-29,2303.29
processed_food,2025-06-30,2315.76
processed_food,2025-07-01,2261.57
processed_food,2025-07-02,2283.25
processed_food,2025-07-03,2295.03
processed_food,2025-07-04,2273.54
processed_food,2025-07-05,2299.16
processed_food,2025-07-06,2322.02
processed_food,2025-07-07,2330.89
processed_food,2025-07-08,2336.34
processed_food,2025-07-09,2367.76
processed_food,2025-07-10,2337.23
processed_food,2025-07-11,2360.77
processed_food,2025-07-12,2352.01
processed_food,2025-07-13,2372.92
processed_food,2025-07-14,2375.42
processed_food,2025-07-15,2352.13
processed_food,2025-07-16,2343.01
processed_food,2025-07-17,2362.46
processed_food,2025-07-18,2358.7
processed_food,2025-07-19,2347.21
processed_food,2025-07-20,2335.66
processed_food,2025-07-21,2347.9
processed_food,2025-07-22,2381.23
processed_food,2025-07-23,2341.0
processed_food,2025-07-24,2394.26
processed_food,2025-07-25,2398.38
processed_food,2025-07-26,2409.76
processed_food,2025-07-27,2401.58
processed_food,2025-07-28,2401.73
processed_food,2025-07-29,2405.64
processed_food,2025-07-30,2385.75
processed_food,2025-07-31,2370.64
processed_food,2025-08-01,2425.49
processed_food,2025-08-02,2395.77
processed_food,2025-08-03,2404.45
processed_food,2025-08-04,2397.55
processed_food,2025-08-05,2379.41
processed_food,2025-08-06,2417.46
processed_food,2025-08-07,2399.29
processed_food,2025-08-08,2377.91
processed_food,2025-08-09,2374.57
processed_food,2025-08-10,2360.23
processed_food,2025-08-11,2360.56
processed_food,2025-08-12,2363.71
processed_food,2025-08-13,2368.36
processed_food,2025-08-14,2366.23
processed_food,2025-08-15,2353.19
processed_food,2025-08-16,2365.54
processed_food,2025-08-17,2363.64
processed_food,2025-08-18,2354.5
processed_food,2025-08-19,2382.76
processed_food,2025-08-20,2380.66
processed_food,2025-08-21,2401.77
processed_food,2025-08-22,2425.67
processed_food,2025-08-23,2451.01
processed_food,2025-08-24,2464.82
processed_food,2025-08-25,2465.03
processed_food,2025-08-26,2463.99
processed_food,2025-08-27,2459.4
processed_food,2025-08-28,2417.36
processed_food,2025-08-29,2431.52
processed_food,2025-08-30,2436.49
processed_food,2025-08-31,2452.86
processed_food,2025-09-01,2562.61
processed_food,2025-09-02,2576.51
processed_food,2025-09-03,2548.5
processed_food,2025-09-04,2525.0
processed_food,2025-09-05,2475.7
processed_food,2025-09-06,2473.26
processed_food,2025-09-07,2458.24
processed_food,2025-09-08,2440.76
processed_food,2025-09-09,2447.53
processed_food,2025-09-10,2439.43
processed_food,2025-09-11,2411.84
processed_food,2025-09-12,2461.66
processed_food,2025-09-13,2461.16
processed_food,2025-09-14,2440.14
processed_food,2025-09-15,2427.32
processed_food,2025-09-16,2424.18
processed_food,2025-09-17,2421.0
processed_food,2025-09-18,2446.57
processed_food,2025-09-19,2445.24
processed_food,2025-09-20,2482.02
processed_food,2025-09-21,2473.67
processed_food,2025-09-22,2482.35
processed_food,2025-09-23,2502.95
processed_food,2025-09-24,2527.23
processed_food,2025-09-25,2554.12
processed_food,2025-09-26,2548.8
processed_food,2025-09-27,2548.91
processed_food,2025-09-28,2499.08
processed_food,2025-09-29,2495.39
processed_food,2025-09-30,2517.49
processed_food,2025-10-01,2695.46
processed_food,2025-10-02,2693.84
processed_food,2025-10-03,2730.95
processed_food,2025-10-04,2722.82
processed_food,2025-10-05,2707.51
processed_food,2025-10-06,2697.63
processed_food,2025-10-07,2673.76
processed_food,2025-10-08,2687.35
processed_food,2025-10-09,2693.8
processed_food,2025-10-10,2707.22
processed_food,2025-10-11,2698.5
processed_food,2025-10-12,2697.49
processed_food,2025-10-13,2651.13
processed_food,2025-10-14,2659.36
processed_food,2025-10-15,2661.7
processed_food,2025-10-16,2638.61
processed_food,2025-10-17,2636.64
processed_food,2025-10-18,2631.44
processed_food,2025-10-19,2669.08
processed_food,2025-10-20,2646.76
processed_food,2025-10-21,2654.03
processed_food,2025-10-22,2631.2
processed_food,2025-10-23,2619.72
processed_food,2025-10-24,2625.77
processed_food,2025-10-25,2621.57
processed_food,2025-10-26,2621.68
processed_food,2025-10-27,2628.9
processed_food,2025-10-28,2618.77
processed_food,2025-10-29,2637.6
processed_food,2025-10-30,2631.4
processed_food,2025-10-31,2629.58
processed_food,2025-11-01,2799.66
processed_food,2025-11-02,2805.0
processed_food,2025-11-03,2819.75
processed_food,2025-11-04,2827.16
processed_food,2025-11-05,2838.04
processed_food,2025-11-06,2830.92
processed_food,2025-11-07,2807.07
processed_food,2025-11-08,2775.44
processed_food,2025-11-09,2738.84
processed_food,2025-11-10,2777.99
processed_food,2025-11-11,2729.49
processed_food,2025-11-12,2755.93
processed_food,2025-11-13,2738.14
processed_food,2025-11-14,2764.5
processed_food,2025-11-15,2716.46
processed_food,2025-11-16,2711.6
processed_food,2025-11-17,2743.57
processed_food,2025-11-18,2759.52
processed_food,2025-11-19,2752.33
processed_food,2025-11-20,2710.12
processed_food,2025-11-21,2681.84
processed_food,2025-11-22,2712.06
processed_food,2025-11-23,2704.76
processed_food,2025-11-24,2703.45
processed_food,2025-11-25,2709.83
processed_food,2025-11-26,2681.97
processed_food,2025-11-27,2690.97
processed_food,2025-11-28,2682.19
processed_food,2025-11-29,2688.74
processed_food,2025-11-30,2676.58
processed_food,2025-12-01,2761.18
processed_food,2025-12-02,2752.0
processed_food,2025-12-03,2766.4
processed_food,2025-12-04,2775.38
processed_food,2025-12-05,2776.32
processed_food,2025-12-06,2796.59
processed_food,2025-12-07,2792.29
processed_food,2025-12-08,2793.8
processed_food,2025-12-09,2783.35
processed_food,2025-12-10,2804.98
processed_food,2025-12-11,2811.78
processed_food,2025-12-12,2799.54
processed_food,2025-12-13,2766.63
processed_food,2025-12-14,2791.45
processed_food,2025-12-15,2775.13
processed_food,2025-12-16,2776.98
processed_food,2025-12-17,2830.0
processed_food,2025-12-18,2848.46
processed_food,2025-12-19,2885.67
processed_food,2025-12-20,2873.53
processed_food,2025-12-21,2898.52
processed_food,2025-12-22,2899.4
processed_food,2025-12-23,2908.16
processed_food,2025-12-24,2955.83
processed_food,2025-12-25,2949.51
processed_food,2025-12-26,2950.23
processed_food,2025-12-27,2929.25
processed_food,2025-12-28,2950.41
processed_food,2025-12-29,2937.47
processed_food,2025-12-30,2961.87
processed_food,2025-12-31,2923.3
processed_food,2026-01-01,2990.59
processed_food,2026-01-02,2975.5
processed_food,2026-01-03,2993.21
processed_food,2026-01-04,2993.15
processed_food,2026-01-05,2980.63
processed_food,2026-01-06,2971.69
processed_food,2026-01-07,2951.81
processed_food,2026-01-08,2971.93
processed_food,2026-01-09,2947.37
processed_food,2026-01-10,2941.34
processed_food,2026-01-11,2949.74
processed_food,2026-01-12,2988.33
processed_food,2026-01-13,2988.38
processed_food,2026-01-14,2982.85
processed_food,2026-01-15,2989.66
processed_food,2026-01-16,2940.74
processed_food,2026-01-17,2912.94
processed_food,2026-01-18,2904.47
processed_food,2026-01-19,2888.21
processed_food,2026-01-20,2851.71
processed_food,2026-01-21,2871.61
processed_food,2026-01-22,2877.84
processed_food,2026-01-23,2881.33
processed_food,2026-01-24,2865.63
processed_food,2026-01-25,2867.71
processed_food,2026-01-26,2879.8
processed_food,2026-01-27,2873.96
processed_food,2026-01-28,2884.46
processed_food,2026-01-29,2866.41
processed_food,2026-01-30,2868.9
processed_food,2026-01-31,2895.5
processed_food,2026-02-01,2893.65
processed_food,2026-02-02,2924.81
processed_food,2026-02-03,2931.76
processed_food,2026-02-04,2932.77
processed_food,2026-02-05,2922.52
processed_food,2026-02-06,2880.82
processed_food,2026-02-07,2850.25
processed_food,2026-02-08,2846.68
processed_food,2026-02-09,2844.47
processed_food,2026-02-10,2877.04
processed_food,2026-02-11,2907.73
processed_food,2026-02-12,2892.06
processed_food,2026-02-13,2911.32
processed_food,2026-02-14,2900.49
processed_food,2026-02-15,2916.64
processed_food,2026-02-16,2935.77
processed_food,2026-02-17,2965.35
processed_food,2026-02-18,2953.95
processed_food,2026-02-19,2978.29
processed_food,2026-02-20,2934.26
processed_food,2026-02-21,2965.12
processed_food,2026-02-22,2964.79
processed_food,2026-02-23,2964.97
processed_food,2026-02-24,2917.3
processed_food,2026-02-25,2908.5
processed_food,2026-02-26,2940.48
processed_food,2026-02-27,2930.72
processed_food,2026-02-28,2947.76
processed_food,2026-03-01,2840.5
processed_food,2026-03-02,2865.0
processed_food,2026-03-03,2869.66
processed_food,2026-03-04,2848.6
processed_food,2026-03-05,2850.14
processed_food,2026-03-06,2887.15
processed_food,2026-03-07,2898.93
processed_food,2026-03-08,2896.49
processed_food,2026-03-09,2949.5
processed_food,2026-03-10,2977.24
processed_food,2026-03-11,2997.03
processed_food,2026-03-12,3004.92
processed_food,2026-03-13,3022.8
processed_food,2026-03-14,3041.57
processed_food,2026-03-15,2989.19
processed_food,2026-03-16,2998.92
processed_food,2026-03-17,2995.33
processed_food,2026-03-18,2983.65
processed_food,2026-03-19,2979.26
processed_food,2026-03-20,2942.67
processed_food,2026-03-21,2900.75
processed_food,2026-03-22,2930.09
processed_food,2026-03-23,2941.2
processed_food,2026-03-24,2885.23
processed_food,2026-03-25,2872.22
processed_food,2026-03-26,2892.78
processed_food,2026-03-27,2886.57
processed_food,2026-03-28,2915.72
processed_food,2026-03-29,2940.58
processed_food,2026-03-30,2909.1
processed_food,2026-03-31,2906.02
processed_food,2026-04-01,2736.57
processed_food,2026-04-02,2706.57
processed_food,2026-04-03,2675.5
processed_food,2026-04-04,2658.54
processed_food,2026-04-05,2645.19
processed_food,2026-04-06,2651.42
processed_food,2026-04-07,2673.91
processed_food,2026-04-08,2685.16
processed_food,2026-04-09,2701.57
processed_food,2026-04-10,2696.06
processed_food,2026-04-11,2709.34
processed_food,2026-04-12,2706.37
processed_food,2026-04-13,2697.07
processed_food,2026-04-14,2738.56
processed_food,2026-04-15,2688.22
processed_food,2026-04-16,2648.47
processed_food,2026-04-17,2656.83
processed_food,2026-04-18,2651.44
processed_food,2026-04-19,2621.37
processed_food,2026-04-20,2599.58
processed_food,2026-04-21,2580.66
processed_food,2026-04-22,2599.38
processed_food,2026-04-23,2624.95
processed_food,2026-04-24,2659.85
processed_food,2026-04-25,2626.49
processed_food,2026-04-26,2598.15
processed_food,2026-04-27,2568.71
processed_food,2026-04-28,2595.57
processed_food,2026-04-29,2604.48
processed_food,2026-04-30,2606.39
processed_food,2026-05-01,2453.5
processed_food,2026-05-02,2452.6
processed_food,2026-05-03,2430.92
processed_food,2026-05-04,2441.14
processed_food,2026-05-05,2437.73
processed_food,2026-05-06,2414.65
processed_food,2026-05-07,2425.99
processed_food,2026-05-08,2417.95
processed_food,2026-05-09,2422.58
processed_food,2026-05-10,2420.37
processed_food,2026-05-11,2437.91
processed_food,2026-05-12,2442.43
processed_food,2026-05-13,2425.44
processed_food,2026-05-14,2431.92
processed_food,2026-05-15,2439.05
processed_food,2026-05-16,2449.27
processed_food,2026-05-17,2469.87
processed_food,2026-05-18,2457.95
processed_food,2026-05-19,2471.34
processed_food,2026-05-20,2437.7
processed_food,2026-05-21,2435.58
processed_food,2026-05-22,2430.45
processed_food,2026-05-23,2458.98
processed_food,2026-05-24,2456.13
processed_food,2026-05-25,2468.33
processed_food,2026-05-26,2434.0
processed_food,2026-05-27,2427.38
processed_food,2026-05-28,2411.22
processed_food,2026-05-29,2459.67
processed_food,2026-05-30,2446.8
processed_food,2026-05-31,2448.46
processed_food,2026-06-01,2329.78
processed_food,2026-06-02,2300.55
processed_food,2026-06-03,2291.09
processed_food,2026-06-04,2298.73
processed_food,2026-06-05,2300.52
processed_food,2026-06-06,2258.77
processed_food,2026-06-07,2248.75
processed_food,2026-06-08,2267.39
processed_food,2026-06-09,2278.29
processed_food,2026-06-10,2300.81
processed_food,2026-06-11,2282.94
processed_food,2026-06-12,2306.67
processed_food,2026-06-13,2306.05
processed_food,2026-06-14,2335.83
processed_food,2026-06-15,2336.1
processed_food,2026-06-16,2298.35
processed_food,2026-06-17,2314.23
processed_food,2026-06-18,2306.24
processed_food,2026-06-19,2299.51
processed_food,2026-06-20,2273.14
processed_food,2026-06-21,2303.04
processed_food,2026-06-22,2293.67
processed_food,2026-06-23,2322.96
processed_food,2026-06-24,2315.17
processed_food,2026-06-25,2298.26
processed_food,2026-06-26,2322.85
processed_food,2026-06-27,2321.7
processed_food,2026-06-28,2320.73
processed_food,2026-06-29,2297.26
processed_food,2026-06-30,2289.07
processed_food,2026-07-01,2245.41
processed_food,2026-07-02,2222.4
processed_food,2026-07-03,2213.03
processed_food,2026-07-04,2205.8
processed_food,2026-07-05,2207.17
processed_food,2026-07-06,2233.65
processed_food,2026-07-07,2228.5
processed_food,2026-07-08,2216.42
processed_food,2026-07-09,2265.86
processed_food,2026-07-10,2258.23
processed_food,2026-07-11,2254.99
processed_food,2026-07-12,2248.74
processed_food,2026-07-13,2243.97
processed_food,2026-07-14,2245.57
processed_food,2026-07-15,2262.38
craft_goods,2024-01-01,1578.02
craft_goods,2024-01-02,1576.5
craft_goods,2024-01-03,1582.13
craft_goods,2024-01-04,1585.05
craft_goods,2024-01-05,1588.03
craft_goods,2024-01-06,1586.85
craft_goods,2024-01-07,1582.62
craft_goods,2024-01-08,1580.68
craft_goods,2024-01-09,1572.27
craft_goods,2024-01-10,1569.6
craft_goods,2024-01-11,1562.83
craft_goods,2024-01-12,1556.22
craft_goods,2024-01-13,1556.87
craft_goods,2024-01-14,1559.47
craft_goods,2024-01-15,1559.43
craft_goods,2024-01-16,1557.21
craft_goods,2024-01-17,1552.9
craft_goods,2024-01-18,1551.53
craft_goods,2024-01-19,1547.82
craft_goods,2024-01-20,1547.63
craft_goods,2024-01-21,1540.69
craft_goods,2024-01-22,1544.05
craft_goods,2024-01-23,1541.53
craft_goods,2024-01-24,1543.38
craft_goods,2024-01-25,1547.6
craft_goods,2024-01-26,1549.23
craft_goods,2024-01-27,1553.06
craft_goods,2024-01-28,1543.57
craft_goods,2024-01-29,1541.4
craft_goods,2024-01-30,1546.61
craft_goods,2024-01-31,1549.09
craft_goods,2024-02-01,1557.81
craft_goods,2024-02-02,1565.91
craft_goods,2024-02-03,1567.42
craft_goods,2024-02-04,1566.35
craft_goods,2024-02-05,1561.96
craft_goods,2024-02-06,1559.84
craft_goods,2024-02-07,1558.04
craft_goods,2024-02-08,1555.38
craft_goods,2024-02-09,1551.21
craft_goods,2024-02-10,1553.19
craft_goods,2024-02-11,1561.22
craft_goods,2024-02-12,1565.71
craft_goods,2024-02-13,1564.31
craft_goods,2024-02-14,1569.18
craft_goods,2024-02-15,1570.92
craft_goods,2024-02-16,1570.84
craft_goods,2024-02-17,1570.47
craft_goods,2024-02-18,1569.63
craft_goods,2024-02-19,1572.81
craft_goods,2024-02-20,1573.58
craft_goods,2024-02-21,1570.26
craft_goods,2024-02-22,1566.71
craft_goods,2024-02-23,1568.26
craft_goods,2024-02-24,1570.39
craft_goods,2024-02-25,1569.02
craft_goods,2024-02-26,1563.81
craft_goods,2024-02-27,1569.8
craft_goods,2024-02-28,1574.81
craft_goods,2024-02-29,1565.56
craft_goods,2024-03-01,1571.98
craft_goods,2024-03-02,1571.1
craft_goods,2024-03-03,1572.11
craft_goods,2024-03-04,1577.59
craft_goods,2024-03-05,1585.54
craft_goods,2024-03-06,1590.43
craft_goods,2024-03-07,1591.7
craft_goods,2024-03-08,1585.25
craft_goods,2024-03-09,1575.75
craft_goods,2024-03-10,1580.02
craft_goods,2024-03-11,1586.51
craft_goods,2024-03-12,1582.75
craft_goods,2024-03-13,1581.58
craft_goods,2024-03-14,1579.04
craft_goods,2024-03-15,1576.39
craft_goods,2024-03-16,1581.59
craft_goods,2024-03-17,1582.74
craft_goods,2024-03-18,1581.76
craft_goods,2024-03-19,1594.54
craft_goods,2024-03-20,1587.8
craft_goods,2024-03-21,1590.52
craft_goods,2024-03-22,1585.64
craft_goods,2024-03-23,1585.0
craft_goods,2024-03-24,1585.82
craft_goods,2024-03-25,1589.95
craft_goods,2024-03-26,1588.82
craft_goods,2024-03-27,1587.18
craft_goods,2024-03-28,1585.96
craft_goods,2024-03-29,1580.94
craft_goods,2024-03-30,1584.06
craft_goods,2024-03-31,1585.51
craft_goods,2024-04-01,1587.69
craft_goods,2024-04-02,1587.47
craft_goods,2024-04-03,1586.66
craft_goods,2024-04-04,1592.38
craft_goods,2024-04-05,1597.38
craft_goods,2024-04-06,1604.29
craft_goods,2024-04-07,1606.19
craft_goods,2024-04-08,1612.84
craft_goods,2024-04-09,1610.94
craft_goods,2024-04-10,1610.08
craft_goods,2024-04-11,1615.98
craft_goods,2024-04-12,1620.18
craft_goods,2024-04-13,1618.88
craft_goods,2024-04-14,1613.92
craft_goods,2024-04-15,1613.05
craft_goods,2024-04-16,1609.85
craft_goods,2024-04-17,1618.32
craft_goods,2024-04-18,1622.12
craft_goods,2024-04-19,1618.51
craft_goods,2024-04-20,1613.56
craft_goods,2024-04-21,1609.91
craft_goods,2024-04-22,1607.33
craft_goods,2024-04-23,1606.63
craft_goods,2024-04-24,1612.13
craft_goods,2024-04-25,1607.57
craft_goods,2024-04-26,1618.77
craft_goods,2024-04-27,1614.3
craft_goods,2024-04-28,1607.61
craft_goods,2024-04-29,1615.88
craft_goods,2024-04-30,1622.42
craft_goods,2024-05-01,1621.64
craft_goods,2024-05-02,1623.61
craft_goods,2024-05-03,1625.71
craft_goods,2024-05-04,1626.49
craft_goods,2024-05-05,1620.29
craft_goods,2024-05-06,1608.38
craft_goods,2024-05-07,1604.42
craft_goods,2024-05-08,1613.3
craft_goods,2024-05-09,1622.42
craft_goods,2024-05-10,1621.26
craft_goods,2024-05-11,1616.72
craft_goods,2024-05-12,1618.18
craft_goods,2024-05-13,1620.43
craft_goods,2024-05-14,1623.46
craft_goods,2024-05-15,1611.32
craft_goods,2024-05-16,1626.77
craft_goods,2024-05-17,1632.42
craft_goods,2024-05-18,1631.56
craft_goods,2024-05-19,1628.16
craft_goods,2024-05-20,1633.11
craft_goods,2024-05-21,1635.65
craft_goods,2024-05-22,1636.22
craft_goods,2024-05-23,1638.58
craft_goods,2024-05-24,1638.14
craft_goods,2024-05-25,1640.23
craft_goods,2024-05-26,1643.93
craft_goods,2024-05-27,1645.74
craft_goods,2024-05-28,1647.29
craft_goods,2024-05-29,1654.3
craft_goods,2024-05-30,1646.51
craft_goods,2024-05-31,1642.69
craft_goods,2024-06-01,1642.94
craft_goods,2024-06-02,1639.46
craft_goods,2024-06-03,1637.62
craft_goods,2024-06-04,1644.08
craft_goods,2024-06-05,1643.46
craft_goods,2024-06-06,1634.58
craft_goods,2024-06-07,1632.62
craft_goods,2024-06-08,1633.02
craft_goods,2024-06-09,1633.33
craft_goods,2024-06-10,1636.17
craft_goods,2024-06-11,1638.61
craft_goods,2024-06-12,1638.05
craft_goods,2024-06-13,1632.31
craft_goods,2024-06-14,1630.26
craft_goods,2024-06-15,1627.33
craft_goods,2024-06-16,1626.06
craft_goods,2024-06-17,1629.55
craft_goods,2024-06-18,1631.64
craft_goods,2024-06-19,1635.79
craft_goods,2024-06-20,1634.02
craft_goods,2024-06-21,1641.55
craft_goods,2024-06-22,1644.98
craft_goods,2024-06-23,1645.65
craft_goods,2024-06-24,1648.74
craft_goods,2024-06-25,1645.52
craft_goods,2024-06-26,1635.26
craft_goods,2024-06-27,1632.4
craft_goods,2024-06-28,1636.18
craft_goods,2024-06-29,1636.68
craft_goods,2024-06-30,1636.13
craft_goods,2024-07-01,1632.09
craft_goods,2024-07-02,1622.65
craft_goods,2024-07-03,1629.72
craft_goods,2024-07-04,1628.81
craft_goods,2024-07-05,1626.83
craft_goods,2024-07-06,1623.67
craft_goods,2024-07-07,1629.91
craft_goods,2024-07-08,1634.34
craft_goods,2024-07-09,1629.71
craft_goods,2024-07-10,1635.53
craft_goods,2024-07-11,1634.93
craft_goods,2024-07-12,1632.06
craft_goods,2024-07-13,1630.73
craft_goods,2024-07-14,1627.02
craft_goods,2024-07-15,1620.7
craft_goods,2024-07-16,1624.59
craft_goods,2024-07-17,1623.63
craft_goods,2024-07-18,1626.75
craft_goods,2024-07-19,1628.27
craft_goods,2024-07-20,1631.06
craft_goods,2024-07-21,1621.2
craft_goods,2024-07-22,1617.1
craft_goods,2024-07-23,1619.98
craft_goods,2024-07-24,1613.91
craft_goods,2024-07-25,1615.83
craft_goods,2024-07-26,1609.21
craft_goods,2024-07-27,1609.41
craft_goods,2024-07-28,1617.31
craft_goods,2024-07-29,1621.19
craft_goods,2024-07-30,1612.32
craft_goods,2024-07-31,1616.55
craft_goods,2024-08-01,1625.52
craft_goods,2024-08-02,1639.33
craft_goods,2024-08-03,1641.79
craft_goods,2024-08-04,1635.19
craft_goods,2024-08-05,1637.44
craft_goods,2024-08-06,1645.42
craft_goods,2024-08-07,1644.61
craft_goods,2024-08-08,1649.88
craft_goods,2024-08-09,1645.84
craft_goods,2024-08-10,1647.8
craft_goods,2024-08-11,1635.65
craft_goods,2024-08-12,1631.11
craft_goods,2024-08-13,1631.19
craft_goods,2024-08-14,1629.53
craft_goods,2024-08-15,1623.3
craft_goods,2024-08-16,1620.98
craft_goods,2024-08-17,1622.7
craft_goods,2024-08-18,1622.39
craft_goods,2024-08-19,1622.8
craft_goods,2024-08-20,1626.48
craft_goods,2024-08-21,1624.92
craft_goods,2024-08-22,1631.68
craft_goods,2024-08-23,1626.95
craft_goods,2024-08-24,1636.51
craft_goods,2024-08-25,1642.1
craft_goods,2024-08-26,1640.46
craft_goods,2024-08-27,1639.15
craft_goods,2024-08-28,1640.28
craft_goods,2024-08-29,1643.34
craft_goods,2024-08-30,1648.86
craft_goods,2024-08-31,1642.36
craft_goods,2024-09-01,1644.63
craft_goods,2024-09-02,1634.34
craft_goods,2024-09-03,1633.58
craft_goods,2024-09-04,1640.84
craft_goods,2024-09-05,1633.99
craft_goods,2024-09-06,1626.28
craft_goods,2024-09-07,1627.48
craft_goods,2024-09-08,1634.38
craft_goods,2024-09-09,1636.09
craft_goods,2024-09-10,1626.88
craft_goods,2024-09-11,1618.8
craft_goods,2024-09-12,1619.39
craft_goods,2024-09-13,1613.78
craft_goods,2024-09-14,1614.56
craft_goods,2024-09-15,1615.62
craft_goods,2024-09-16,1613.36
craft_goods,2024-09-17,1622.28
craft_goods,2024-09-18,1625.27
craft_goods,2024-09-19,1631.3
craft_goods,2024-09-20,1635.93
craft_goods,2024-09-21,1635.31
craft_goods,2024-09-22,1634.47
craft_goods,2024-09-23,1633.12
craft_goods,2024-09-24,1636.58
craft_goods,2024-09-25,1633.5
craft_goods,2024-09-26,1642.09
craft_goods,2024-09-27,1638.54
craft_goods,2024-09-28,1639.71
craft_goods,2024-09-29,1638.7
craft_goods,2024-09-30,1636.6
craft_goods,2024-10-01,1647.41
craft_goods,2024-10-02,1645.36
craft_goods,2024-10-03,1643.97
craft_goods,2024-10-04,1640.81
craft_goods,2024-10-05,1641.13
craft_goods,2024-10-06,1640.75
craft_goods,2024-10-07,1635.36
craft_goods,2024-10-08,1633.39
craft_goods,2024-10-09,1636.5
craft_goods,2024-10-10,1641.66
craft_goods,2024-10-11,1641.9
craft_goods,2024-10-12,1642.3
craft_goods,2024-10-13,1640.64
craft_goods,2024-10-14,1638.28
craft_goods,2024-10-15,1633.88
craft_goods,2024-10-16,1626.39
craft_goods,2024-10-17,1623.08
craft_goods,2024-10-18,1627.6
craft_goods,2024-10-19,1625.64
craft_goods,2024-10-20,1624.07
craft_goods,2024-10-21,1622.4
craft_goods,2024-10-22,1628.58
craft_goods,2024-10-23,1624.17
craft_goods,2024-10-24,1625.63
craft_goods,2024-10-25,1625.41
craft_goods,2024-10-26,1625.86
craft_goods,2024-10-27,1627.16
craft_goods,2024-10-28,1627.56
craft_goods,2024-10-29,1631.55
craft_goods,2024-10-30,1631.52
craft_goods,2024-10-31,1640.19
craft_goods,2024-11-01,1640.53
craft_goods,2024-11-02,1632.28
craft_goods,2024-11-03,1635.52
craft_goods,2024-11-04,1637.56
craft_goods,2024-11-05,1637.84
craft_goods,2024-11-06,1636.68
craft_goods,2024-11-07,1626.44
craft_goods,2024-11-08,1617.08
craft_goods,2024-11-09,1625.21
craft_goods,2024-11-10,1622.47
craft_goods,2024-11-11,1627.29
craft_goods,2024-11-12,1619.6
craft_goods,2024-11-13,1614.63
craft_goods,2024-11-14,1618.04
craft_goods,2024-11-15,1617.65
craft_goods,2024-11-16,1620.38
craft_goods,2024-11-17,1620.42
craft_goods,2024-11-18,1619.53
craft_goods,2024-11-19,1616.34
craft_goods,2024-11-20,1610.67
craft_goods,2024-11-21,1617.58
craft_goods,2024-11-22,1625.32
craft_goods,2024-11-23,1620.37
craft_goods,2024-11-24,1615.13
craft_goods,2024-11-25,1613.56
craft_goods,2024-11-26,1615.32
craft_goods,2024-11-27,1614.55
craft_goods,2024-11-28,1617.08
craft_goods,2024-11-29,1616.96
craft_goods,2024-11-30,1616.52
craft_goods,2024-12-01,1628.37
craft_goods,2024-12-02,1625.93
craft_goods,2024-12-03,1634.06
craft_goods,2024-12-04,1641.28
craft_goods,2024-12-05,1643.88
craft_goods,2024-12-06,1634.52
craft_goods,2024-12-07,1634.79
craft_goods,2024-12-08,1632.38
craft_goods,2024-12-09,1632.59
craft_goods,2024-12-10,1627.51
craft_goods,2024-12-11,1631.32
craft_goods,2024-12-12,1636.26
craft_goods,2024-12-13,1642.13
craft_goods,2024-12-14,1640.37
craft_goods,2024-12-15,1635.27
craft_goods,2024-12-16,1637.12
craft_goods,2024-12-17,1645.88
craft_goods,2024-12-18,1646.34
craft_goods,2024-12-19,1648.69
craft_goods,2024-12-20,1647.64
craft_goods,2024-12-21,1645.27
craft_goods,2024-12-22,1648.64
craft_goods,2024-12-23,1648.23
craft_goods,2024-12-24,1650.34
craft_goods,2024-12-25,1652.97
craft_goods,2024-12-26,1654.81
craft_goods,2024-12-27,1657.7
craft_goods,2024-12-28,1653.58
craft_goods,2024-12-29,1649.16
craft_goods,2024-12-30,1649.07
craft_goods,2024-12-31,1649.09
craft_goods,2025-01-01,1646.63
craft_goods,2025-01-02,1647.93
craft_goods,2025-01-03,1652.54
craft_goods,2025-01-04,1658.56
craft_goods,2025-01-05,1665.72
craft_goods,2025-01-06,1659.27
craft_goods,2025-01-07,1653.61
craft_goods,2025-01-08,1652.29
craft_goods,2025-01-09,1652.8
craft_goods,2025-01-10,1651.74
craft_goods,2025-01-11,1649.12
craft_goods,2025-01-12,1647.73
craft_goods,2025-01-13,1650.23
craft_goods,2025-01-14,1643.78
craft_goods,2025-01-15,1655.49
craft_goods,2025-01-16,1655.71
craft_goods,2025-01-17,1661.06
craft_goods,2025-01-18,1658.28
craft_goods,2025-01-19,1661.26
craft_goods,2025-01-20,1661.88
craft_goods,2025-01-21,1666.27
craft_goods,2025-01-22,1665.39
craft_goods,2025-01-23,1673.28
craft_goods,2025-01-24,1665.92
craft_goods,2025-01-25,1670.79
craft_goods,2025-01-26,1671.5
craft_goods,2025-01-27,1666.52
craft_goods,2025-01-28,1676.43
craft_goods,2025-01-29,1685.87
craft_goods,2025-01-30,1675.53
craft_goods,2025-01-31,1676.54
craft_goods,2025-02-01,1680.21
craft_goods,2025-02-02,1682.55
craft_goods,2025-02-03,1690.34
craft_goods,2025-02-04,1697.1
craft_goods,2025-02-05,1698.57
craft_goods,2025-02-06,1710.33
craft_goods,2025-02-07,1715.27
craft_goods,2025-02-08,1713.58
craft_goods,2025-02-09,1710.86
craft_goods,2025-02-10,1717.38
craft_goods,2025-02-11,1713.42
craft_goods,2025-02-12,1711.43
craft_goods,2025-02-13,1710.32
craft_goods,2025-02-14,1712.27
craft_goods,2025-02-15,1711.39
craft_goods,2025-02-16,1704.76
craft_goods,2025-02-17,1710.84
craft_goods,2025-02-18,1708.88
craft_goods,2025-02-19,1719.39
craft_goods,2025-02-20,1721.08
craft_goods,2025-02-21,1727.76
craft_goods,2025-02-22,1731.15
craft_goods,2025-02-23,1738.12
craft_goods,2025-02-24,1741.21
craft_goods,2025-02-25,1742.56
craft_goods,2025-02-26,1748.41
craft_goods,2025-02-27,1761.62
craft_goods,2025-02-28,1760.32
craft_goods,2025-03-01,1764.65
craft_goods,2025-03-02,1764.74
craft_goods,2025-03-03,1767.55
craft_goods,2025-03-04,1767.9
craft_goods,2025-03-05,1756.61
craft_goods,2025-03-06,1755.68
craft_goods,2025-03-07,1761.08
craft_goods,2025-03-08,1757.16
craft_goods,2025-03-09,1762.14
craft_goods,2025-03-10,1763.24
craft_goods,2025-03-11,1762.35
craft_goods,2025-03-12,1767.27
craft_goods,2025-03-13,1771.01
craft_goods,2025-03-14,1773.37
craft_goods,2025-03-15,1778.9
craft_goods,2025-03-16,1780.11
craft_goods,2025-03-17,1771.48
craft_goods,2025-03-18,1769.59
craft_goods,2025-03-19,1760.16
craft_goods,2025-03-20,1763.76
craft_goods,2025-03-21,1768.63
craft_goods,2025-03-22,1773.76
craft_goods,2025-03-23,1776.49
craft_goods,2025-03-24,1781.78
craft_goods,2025-03-25,1773.5
craft_goods,2025-03-26,1773.05
craft_goods,2025-03-27,1765.66
craft_goods,2025-03-28,1763.89
craft_goods,2025-03-29,1772.59
craft_goods,2025-03-30,1778.53
craft_goods,2025-03-31,1782.19
craft_goods,2025-04-01,1781.35
craft_goods,2025-04-02,1776.17
craft_goods,2025-04-03,1777.29
craft_goods,2025-04-04,1783.35
craft_goods,2025-04-05,1785.67
craft_goods,2025-04-06,1777.32
craft_goods,2025-04-07,1778.0
craft_goods,2025-04-08,1767.95
craft_goods,2025-04-09,1772.34
craft_goods,2025-04-10,1768.79
craft_goods,2025-04-11,1762.43
craft_goods,2025-04-12,1766.88
craft_goods,2025-04-13,1769.98
craft_goods,2025-04-14,1771.33
craft_goods,2025-04-15,1783.14
craft_goods,2025-04-16,1786.67
craft_goods,2025-04-17,1783.34
craft_goods,2025-04-18,1786.25
craft_goods,2025-04-19,1784.84
craft_goods,2025-04-20,1791.76
craft_goods,2025-04-21,1793.4
craft_goods,2025-04-22,1795.57
craft_goods,2025-04-23,1787.94
craft_goods,2025-04-24,1788.39
craft_goods,2025-04-25,1788.22
craft_goods,2025-04-26,1782.85
craft_goods,2025-04-27,1781.8
craft_goods,2025-04-28,1784.25
craft_goods,2025-04-29,1784.35
craft_goods,2025-04-30,1776.93
craft_goods,2025-05-01,1775.6
craft_goods,2025-05-02,1773.24
craft_goods,2025-05-03,1774.39
craft_goods,2025-05-04,1774.97
craft_goods,2025-05-05,1772.9
craft_goods,2025-05-06,1770.63
craft_goods,2025-05-07,1771.11
craft_goods,2025-05-08,1776.36
craft_goods,2025-05-09,1777.97
craft_goods,2025-05-10,1785.7
craft_goods,2025-05-11,1791.91
craft_goods,2025-05-12,1800.1
craft_goods,2025-05-13,1807.63
craft_goods,2025-05-14,1816.25
craft_goods,2025-05-15,1810.11
craft_goods,2025-05-16,1813.75
craft_goods,2025-05-17,1820.52
craft_goods,2025-05-18,1828.31
craft_goods,2025-05-19,1824.21
craft_goods,2025-05-20,1827.94
craft_goods,2025-05-21,1828.48
craft_goods,2025-05-22,1838.77
craft_goods,2025-05-23,1831.26
craft_goods,2025-05-24,1827.17
craft_goods,2025-05-25,1817.4
craft_goods,2025-05-26,1818.31
craft_goods,2025-05-27,1830.83
craft_goods,2025-05-28,1830.72
craft_goods,2025-05-29,1831.4
craft_goods,2025-05-30,1834.56
craft_goods,2025-05-31,1834.04
craft_goods,2025-06-01,1836.19
craft_goods,2025-06-02,1838.48
craft_goods,2025-06-03,1833.95
craft_goods,2025-06-04,1833.56
craft_goods,2025-06-05,1837.77
craft_goods,2025-06-06,1843.03
craft_goods,2025-06-07,1850.35
craft_goods,2025-06-08,1852.35
craft_goods,2025-06-09,1854.45
craft_goods,2025-06-10,1858.76
craft_goods,2025-06-11,1855.58
craft_goods,2025-06-12,1852.17
craft_goods,2025-06-13,1851.61
craft_goods,2025-06-14,1844.67
craft_goods,2025-06-15,1847.05
craft_goods,2025-06-16,1853.0
craft_goods,2025-06-17,1849.19
craft_goods,2025-06-18,1851.73
craft_goods,2025-06-19,1848.37
craft_goods,2025-06-20,1842.87
craft_goods,2025-06-21,1854.4
craft_goods,2025-06-22,1848.96
craft_goods,2025-06-23,1842.01
craft_goods,2025-06-24,1843.33
craft_goods,2025-06-25,1844.94
craft_goods,2025-06-26,1848.77
craft_goods,2025-06-27,1860.03
craft_goods,2025-06-28,1855.83
craft_goods,2025-06-29,1852.74
craft_goods,2025-06-30,1861.83
craft_goods,2025-07-01,1867.22
craft_goods,2025-07-02,1871.84
craft_goods,2025-07-03,1868.66
craft_goods,2025-07-04,1875.11
craft_goods,2025-07-05,1879.77
craft_goods,2025-07-06,1880.97
craft_goods,2025-07-07,1877.8
craft_goods,2025-07-08,1878.53
craft_goods,2025-07-09,1887.98
craft_goods,2025-07-10,1881.92
craft_goods,2025-07-11,1877.55
craft_goods,2025-07-12,1874.14
craft_goods,2025-07-13,1871.97
craft_goods,2025-07-14,1872.01
craft_goods,2025-07-15,1877.53
craft_goods,2025-07-16,1880.26
craft_goods,2025-07-17,1880.74
craft_goods,2025-07-18,1882.43
craft_goods,2025-07-19,1886.09
craft_goods,2025-07-20,1876.73
craft_goods,2025-07-21,1882.91
craft_goods,2025-07-22,1878.38
craft_goods,2025-07-23,1876.01
craft_goods,2025-07-24,1878.06
craft_goods,2025-07-25,1877.77
craft_goods,2025-07-26,1880.64
craft_goods,2025-07-27,1881.58
craft_goods,2025-07-28,1880.07
craft_goods,2025-07-29,1888.85
craft_goods,2025-07-30,1893.0
craft_goods,2025-07-31,1894.85
craft_goods,2025-08-01,1898.92
craft_goods,2025-08-02,1895.04
craft_goods,2025-08-03,1907.58
craft_goods,2025-08-04,1901.5
craft_goods,2025-08-05,1902.27
craft_goods,2025-08-06,1900.77
craft_goods,2025-08-07,1899.06
craft_goods,2025-08-08,1896.6
craft_goods,2025-08-09,1892.35
craft_goods,2025-08-10,1899.24
craft_goods,2025-08-11,1892.52
craft_goods,2025-08-12,1898.25
craft_goods,2025-08-13,1902.08
craft_goods,2025-08-14,1900.04
craft_goods,2025-08-15,1903.21
craft_goods,2025-08-16,1902.44
craft_goods,2025-08-17,1896.3
craft_goods,2025-08-18,1890.24
craft_goods,2025-08-19,1894.09
craft_goods,2025-08-20,1897.66
craft_goods,2025-08-21,1899.17
craft_goods,2025-08-22,1897.07
craft_goods,2025-08-23,1896.12
craft_goods,2025-08-24,1894.41
craft_goods,2025-08-25,1884.64
craft_goods,2025-08-26,1885.11
craft_goods,2025-08-27,1888.2
craft_goods,2025-08-28,1888.72
craft_goods,2025-08-29,1898.9
craft_goods,2025-08-30,1893.32
craft_goods,2025-08-31,1889.7
craft_goods,2025-09-01,1890.59
craft_goods,2025-09-02,1892.1
craft_goods,2025-09-03,1881.47
craft_goods,2025-09-04,1885.01
craft_goods,2025-09-05,1886.55
craft_goods,2025-09-06,1874.72
craft_goods,2025-09-07,1874.2
craft_goods,2025-09-08,1869.79
craft_goods,2025-09-09,1867.38
craft_goods,2025-09-10,1860.03
craft_goods,2025-09-11,1862.48
craft_goods,2025-09-12,1872.48
craft_goods,2025-09-13,1874.1
craft_goods,2025-09-14,1862.13
craft_goods,2025-09-15,1863.86
craft_goods,2025-09-16,1862.9
craft_goods,2025-09-17,1856.89
craft_goods,2025-09-18,1858.99
craft_goods,2025-09-19,1864.03
craft_goods,2025-09-20,1860.43
craft_goods,2025-09-21,1851.4
craft_goods,2025-09-22,1840.39
craft_goods,2025-09-23,1836.85
craft_goods,2025-09-24,1836.12
craft_goods,2025-09-25,1833.41
craft_goods,2025-09-26,1829.78
craft_goods,2025-09-27,1833.03
craft_goods,2025-09-28,1835.71
craft_goods,2025-09-29,1836.94
craft_goods,2025-09-30,1841.57
craft_goods,2025-10-01,1838.08
craft_goods,2025-10-02,1832.18
craft_goods,2025-10-03,1829.44
craft_goods,2025-10-04,1826.32
craft_goods,2025-10-05,1815.25
craft_goods,2025-10-06,1812.4
craft_goods,2025-10-07,1818.55
craft_goods,2025-10-08,1823.05
craft_goods,2025-10-09,1826.05
craft_goods,2025-10-10,1826.9
craft_goods,2025-10-11,1834.99
craft_goods,2025-10-12,1829.29
craft_goods,2025-10-13,1824.13
craft_goods,2025-10-14,1830.42
craft_goods,2025-10-15,1830.7
craft_goods,2025-10-16,1827.15
craft_goods,2025-10-17,1830.3
craft_goods,2025-10-18,1828.02
craft_goods,2025-10-19,1823.57
craft_goods,2025-10-20,1818.96
craft_goods,2025-10-21,1820.85
craft_goods,2025-10-22,1822.1
craft_goods,2025-10-23,1830.54
craft_goods,2025-10-24,1829.07
craft_goods,2025-10-25,1827.52
craft_goods,2025-10-26,1835.55
craft_goods,2025-10-27,1841.12
craft_goods,2025-10-28,1842.05
craft_goods,2025-10-29,1833.57
craft_goods,2025-10-30,1829.24
craft_goods,2025-10-31,1823.59
craft_goods,2025-11-01,1823.92
craft_goods,2025-11-02,1821.27
craft_goods,2025-11-03,1830.17
craft_goods,2025-11-04,1821.69
craft_goods,2025-11-05,1815.48
craft_goods,2025-11-06,1816.94
craft_goods,2025-11-07,1819.92
craft_goods,2025-11-08,1805.97
craft_goods,2025-11-09,1796.72
craft_goods,2025-11-10,1795.43
craft_goods,2025-11-11,1802.87
craft_goods,2025-11-12,1813.24
craft_goods,2025-11-13,1811.11
craft_goods,2025-11-14,1810.31
craft_goods,2025-11-15,1805.9
craft_goods,2025-11-16,1809.46
craft_goods,2025-11-17,1817.9
craft_goods,2025-11-18,1824.89
craft_goods,2025-11-19,1824.86
craft_goods,2025-11-20,1820.4
craft_goods,2025-11-21,1820.58
craft_goods,2025-11-22,1828.26
craft_goods,2025-11-23,1826.19
craft_goods,2025-11-24,1816.4
craft_goods,2025-11-25,1814.57
craft_goods,2025-11-26,1813.18
craft_goods,2025-11-27,1803.42
craft_goods,2025-11-28,1804.8
craft_goods,2025-11-29,1807.67
craft_goods,2025-11-30,1817.91
craft_goods,2025-12-01,1810.79
craft_goods,2025-12-02,1814.89
craft_goods,2025-12-03,1820.29
craft_goods,2025-12-04,1823.26
craft_goods,2025-12-05,1817.88
craft_goods,2025-12-06,1812.21
craft_goods,2025-12-07,1812.87
craft_goods,2025-12-08,1813.49
craft_goods,2025-12-09,1810.57
craft_goods,2025-12-10,1817.73
craft_goods,2025-12-11,1815.67
craft_goods,2025-12-12,1805.51
craft_goods,2025-12-13,1804.42
craft_goods,2025-12-14,1807.15
craft_goods,2025-12-15,1809.13
craft_goods,2025-12-16,1811.08
craft_goods,2025-12-17,1819.34
craft_goods,2025-12-18,1813.39
craft_goods,2025-12-19,1811.21
craft_goods,2025-12-20,1819.76
craft_goods,2025-12-21,1809.17
craft_goods,2025-12-22,1809.01
craft_goods,2025-12-23,1815.82
craft_goods,2025-12-24,1822.57
craft_goods,2025-12-25,1826.31
craft_goods,2025-12-26,1830.2
craft_goods,2025-12-27,1824.62
craft_goods,2025-12-28,1832.28
craft_goods,2025-12-29,1825.82
craft_goods,2025-12-30,1819.72
craft_goods,2025-12-31,1821.96
craft_goods,2026-01-01,1819.4
craft_goods,2026-01-02,1820.65
craft_goods,2026-01-03,1823.13
craft_goods,2026-01-04,1833.01
craft_goods,2026-01-05,1835.53
craft_goods,2026-01-06,1832.25
craft_goods,2026-01-07,1836.11
craft_goods,2026-01-08,1831.66
craft_goods,2026-01-09,1836.81
craft_goods,2026-01-10,1837.3
craft_goods,2026-01-11,1839.63
craft_goods,2026-01-12,1829.96
craft_goods,2026-01-13,1817.77
craft_goods,2026-01-14,1809.73
craft_goods,2026-01-15,1819.36
craft_goods,2026-01-16,1813.23
craft_goods,2026-01-17,1817.35
craft_goods,2026-01-18,1813.98
craft_goods,2026-01-19,1812.8
craft_goods,2026-01-20,1812.68
craft_goods,2026-01-21,1821.77
craft_goods,2026-01-22,1825.1
craft_goods,2026-01-23,1827.33
craft_goods,2026-01-24,1834.58
craft_goods,2026-01-25,1831.23
craft_goods,2026-01-26,1837.24
craft_goods,2026-01-27,1842.34
craft_goods,2026-01-28,1847.4
craft_goods,2026-01-29,1846.67
craft_goods,2026-01-30,1844.37
craft_goods,2026-01-31,1839.7
craft_goods,2026-02-01,1835.37
craft_goods,2026-02-02,1830.46
craft_goods,2026-02-03,1832.6
craft_goods,2026-02-04,1831.48
craft_goods,2026-02-05,1833.98
craft_goods,2026-02-06,1836.79
craft_goods,2026-02-07,1831.09
craft_goods,2026-02-08,1825.24
craft_goods,2026-02-09,1824.12
craft_goods,2026-02-10,1820.01
craft_goods,2026-02-11,1815.33
craft_goods,2026-02-12,1824.72
craft_goods,2026-02-13,1816.47
craft_goods,2026-02-14,1827.66
craft_goods,2026-02-15,1829.37
craft_goods,2026-02-16,1834.92
craft_goods,2026-02-17,1839.84
craft_goods,2026-02-18,1843.37
craft_goods,2026-02-19,1852.72
craft_goods,2026-02-20,1846.84
craft_goods,2026-02-21,1846.1
craft_goods,2026-02-22,1841.51
craft_goods,2026-02-23,1832.3
craft_goods,2026-02-24,1828.79
craft_goods,2026-02-25,1839.22
craft_goods,2026-02-26,1838.4
craft_goods,2026-02-27,1849.5
craft_goods,2026-02-28,1861.24
craft_goods,2026-03-01,1878.17
craft_goods,2026-03-02,1889.07
craft_goods,2026-03-03,1902.61
craft_goods,2026-03-04,1904.6
craft_goods,2026-03-05,1906.04
craft_goods,2026-03-06,1907.86
craft_goods,2026-03-07,1907.99
craft_goods,2026-03-08,1908.98
craft_goods,2026-03-09,1913.43
craft_goods,2026-03-10,1910.89
craft_goods,2026-03-11,1903.15
craft_goods,2026-03-12,1905.36
craft_goods,2026-03-13,1901.53
craft_goods,2026-03-14,1898.31
craft_goods,2026-03-15,1897.63
craft_goods,2026-03-16,1895.64
craft_goods,2026-03-17,1902.1
craft_goods,2026-03-18,1901.28
craft_goods,2026-03-19,1908.04
craft_goods,2026-03-20,1909.36
craft_goods,2026-03-21,1908.98
craft_goods,2026-03-22,1910.02
craft_goods,2026-03-23,1902.77
craft_goods,2026-03-24,1904.84
craft_goods,2026-03-25,1909.83
craft_goods,2026-03-26,1915.65
craft_goods,2026-03-27,1908.03
craft_goods,2026-03-28,1899.48
craft_goods,2026-03-29,1896.56
craft_goods,2026-03-30,1904.59
craft_goods,2026-03-31,1905.98
craft_goods,2026-04-01,1901.69
craft_goods,2026-04-02,1893.55
craft_goods,2026-04-03,1889.81
craft_goods,2026-04-04,1885.68
craft_goods,2026-04-05,1891.11
craft_goods,2026-04-06,1897.0
craft_goods,2026-04-07,1891.17
craft_goods,2026-04-08,1895.58
craft_goods,2026-04-09,1899.41
craft_goods,2026-04-10,1892.84
craft_goods,2026-04-11,1892.49
craft_goods,2026-04-12,1894.56
craft_goods,2026-04-13,1895.62
craft_goods,2026-04-14,1886.05
craft_goods,2026-04-15,1886.93
craft_goods,2026-04-16,1890.66
craft_goods,2026-04-17,1899.78
craft_goods,2026-04-18,1896.1
craft_goods,2026-04-19,1893.13
craft_goods,2026-04-20,1892.08
craft_goods,2026-04-21,1893.87
craft_goods,2026-04-22,1894.55
craft_goods,2026-04-23,1898.12
craft_goods,2026-04-24,1891.86
craft_goods,2026-04-25,1894.24
craft_goods,2026-04-26,1890.16
craft_goods,2026-04-27,1889.48
craft_goods,2026-04-28,1899.32
craft_goods,2026-04-29,1891.5
craft_goods,2026-04-30,1890.05
craft_goods,2026-05-01,1882.97
craft_goods,2026-05-02,1883.97
craft_goods,2026-05-03,1890.03
craft_goods,2026-05-04,1891.13
craft_goods,2026-05-05,1890.6
craft_goods,2026-05-06,1898.28
craft_goods,2026-05-07,1900.3
craft_goods,2026-05-08,1905.11
craft_goods,2026-05-09,1909.33
craft_goods,2026-05-10,1893.06
craft_goods,2026-05-11,1892.76
craft_goods,2026-05-12,1886.78
craft_goods,2026-05-13,1882.22
craft_goods,2026-05-14,1890.7
craft_goods,2026-05-15,1888.71
craft_goods,2026-05-16,1899.59
craft_goods,2026-05-17,1891.72
craft_goods,2026-05-18,1885.71
craft_goods,2026-05-19,1890.16
craft_goods,2026-05-20,1888.36
craft_goods,2026-05-21,1890.24
craft_goods,2026-05-22,1889.73
craft_goods,2026-05-23,1889.05
craft_goods,2026-05-24,1887.46
craft_goods,2026-05-25,1888.61
craft_goods,2026-05-26,1892.38
craft_goods,2026-05-27,1901.7
craft_goods,2026-05-28,1900.68
craft_goods,2026-05-29,1898.57
craft_goods,2026-05-30,1895.73
craft_goods,2026-05-31,1904.24
craft_goods,2026-06-01,1908.32
craft_goods,2026-06-02,1897.62
craft_goods,2026-06-03,1886.72
craft_goods,2026-06-04,1882.16
craft_goods,2026-06-05,1883.59
craft_goods,2026-06-06,1883.53
craft_goods,2026-06-07,1886.57
craft_goods,2026-06-08,1885.71
craft_goods,2026-06-09,1893.77
craft_goods,2026-06-10,1898.29
craft_goods,2026-06-11,1898.87
craft_goods,2026-06-12,1905.54
craft_goods,2026-06-13,1896.27
craft_goods,2026-06-14,1895.92
craft_goods,2026-06-15,1896.83
craft_goods,2026-06-16,1900.39
craft_goods,2026-06-17,1890.77
craft_goods,2026-06-18,1889.43
craft_goods,2026-06-19,1891.83
craft_goods,2026-06-20,1894.67
craft_goods,2026-06-21,1901.56
craft_goods,2026-06-22,1906.04
craft_goods,2026-06-23,1905.83
craft_goods,2026-06-24,1909.83
craft_goods,2026-06-25,1908.81
craft_goods,2026-06-26,1909.78
craft_goods,2026-06-27,1914.47
craft_goods,2026-06-28,1914.35
craft_goods,2026-06-29,1916.56
craft_goods,2026-06-30,1922.23
craft_goods,2026-07-01,1926.48
craft_goods,2026-07-02,1933.75
craft_goods,2026-07-03,1947.45
craft_goods,2026-07-04,1951.69
craft_goods,2026-07-05,1949.13
craft_goods,2026-07-06,1952.26
craft_goods,2026-07-07,1955.15
craft_goods,2026-07-08,1958.89
craft_goods,2026-07-09,1967.83
craft_goods,2026-07-10,1958.05
craft_goods,2026-07-11,1967.1
craft_goods,2026-07-12,1978.19
craft_goods,2026-07-13,1981.7
craft_goods,2026-07-14,1985.36
craft_goods,2026-07-15,1984.06
retail_basket,2024-01-01,1250.15
retail_basket,2024-01-02,1252.89
retail_basket,2024-01-03,1255.4
retail_basket,2024-01-04,1258.25
retail_basket,2024-01-05,1260.74
retail_basket,2024-01-06,1264.27
retail_basket,2024-01-07,1267.38
retail_basket,2024-01-08,1263.62
retail_basket,2024-01-09,1266.91
retail_basket,2024-01-10,1274.12
retail_basket,2024-01-11,1274.14
retail_basket,2024-01-12,1280.02
retail_basket,2024-01-13,1276.63
retail_basket,2024-01-14,1276.64
retail_basket,2024-01-15,1274.31
retail_basket,2024-01-16,1279.73
retail_basket,2024-01-17,1286.17
retail_basket,2024-01-18,1285.91
retail_basket,2024-01-19,1290.57
retail_basket,2024-01-20,1297.1
retail_basket,2024-01-21,1297.11
retail_basket,2024-01-22,1297.74
retail_basket,2024-01-23,1300.73
retail_basket,2024-01-24,1297.58
retail_basket,2024-01-25,1298.13
retail_basket,2024-01-26,1306.64
retail_basket,2024-01-27,1304.81
retail_basket,2024-01-28,1308.29
retail_basket,2024-01-29,1310.47
retail_basket,2024-01-30,1309.96
retail_basket,2024-01-31,1310.96
retail_basket,2024-02-01,1318.01
retail_basket,2024-02-02,1320.33
retail_basket,2024-02-03,1323.28
retail_basket,2024-02-04,1329.78
retail_basket,2024-02-05,1328.76
retail_basket,2024-02-06,1324.73
retail_basket,2024-02-07,1331.9
retail_basket,2024-02-08,1332.58
retail_basket,2024-02-09,1336.29
retail_basket,2024-02-10,1333.38
retail_basket,2024-02-11,1335.06
retail_basket,2024-02-12,1330.81
retail_basket,2024-02-13,1331.2
retail_basket,2024-02-14,1328.75
retail_basket,2024-02-15,1325.38
retail_basket,2024-02-16,1324.31
retail_basket,2024-02-17,1315.36
retail_basket,2024-02-18,1310.93
retail_basket,2024-02-19,1314.14
retail_basket,2024-02-20,1315.64
retail_basket,2024-02-21,1311.54
retail_basket,2024-02-22,1313.83
retail_basket,2024-02-23,1310.5
retail_basket,2024-02-24,1313.47
retail_basket,2024-02-25,1313.15
retail_basket,2024-02-26,1312.0
retail_basket,2024-02-27,1311.77
retail_basket,2024-02-28,1322.02
retail_basket,2024-02-29,1319.14
retail_basket,2024-03-01,1320.17
retail_basket,2024-03-02,1323.4
retail_basket,2024-03-03,1319.72
retail_basket,2024-03-04,1313.55
retail_basket,2024-03-05,1311.32
retail_basket,2024-03-06,1314.44
retail_basket,2024-03-07,1313.22
retail_basket,2024-03-08,1312.45
retail_basket,2024-03-09,1316.17
retail_basket,2024-03-10,1313.12
retail_basket,2024-03-11,1312.9
retail_basket,2024-03-12,1307.08
retail_basket,2024-03-13,1308.47
retail_basket,2024-03-14,1309.5
retail_basket,2024-03-15,1312.76
retail_basket,2024-03-16,1308.39
retail_basket,2024-03-17,1307.77
retail_basket,2024-03-18,1302.89
retail_basket,2024-03-19,1302.06
retail_basket,2024-03-20,1307.99
retail_basket,2024-03-21,1306.87
retail_basket,2024-03-22,1301.65
retail_basket,2024-03-23,1299.13
retail_basket,2024-03-24,1293.0
retail_basket,2024-03-25,1288.11
retail_basket,2024-03-26,1290.83
retail_basket,2024-03-27,1285.37
retail_basket,2024-03-28,1286.71
retail_basket,2024-03-29,1286.94
retail_basket,2024-03-30,1285.01
retail_basket,2024-03-31,1286.02
retail_basket,2024-04-01,1282.53
retail_basket,2024-04-02,1285.9
retail_basket,2024-04-03,1283.34
retail_basket,2024-04-04,1281.98
retail_basket,2024-04-05,1280.17
retail_basket,2024-04-06,1282.95
retail_basket,2024-04-07,1285.17
retail_basket,2024-04-08,1275.23
retail_basket,2024-04-09,1276.33
retail_basket,2024-04-10,1269.8
retail_basket,2024-04-11,1268.62
retail_basket,2024-04-12,1268.34
retail_basket,2024-04-13,1267.13
retail_basket,2024-04-14,1269.16
retail_basket,2024-04-15,1272.03
retail_basket,2024-04-16,1269.21
retail_basket,2024-04-17,1266.26
retail_basket,2024-04-18,1266.25
retail_basket,2024-04-19,1260.52
retail_basket,2024-04-20,1258.84
retail_basket,2024-04-21,1264.07
retail_basket,2024-04-22,1258.5
retail_basket,2024-04-23,1257.34
retail_basket,2024-04-24,1255.23
retail_basket,2024-04-25,1262.93
retail_basket,2024-04-26,1261.02
retail_basket,2024-04-27,1259.34
retail_basket,2024-04-28,1255.57
retail_basket,2024-04-29,1255.73
retail_basket,2024-04-30,1256.88
retail_basket,2024-05-01,1253.67
retail_basket,2024-05-02,1257.52
retail_basket,2024-05-03,1258.67
retail_basket,2024-05-04,1262.01
retail_basket,2024-05-05,1260.9
retail_basket,2024-05-06,1261.94
retail_basket,2024-05-07,1261.26
retail_basket,2024-05-08,1266.92
retail_basket,2024-05-09,1267.49
retail_basket,2024-05-10,1267.65
retail_basket,2024-05-11,1266.03
retail_basket,2024-05-12,1264.2
retail_basket,2024-05-13,1265.23
retail_basket,2024-05-14,1268.47
retail_basket,2024-05-15,1266.0
retail_basket,2024-05-16,1266.6
retail_basket,2024-05-17,1267.43
retail_basket,2024-05-18,1268.92
retail_basket,2024-05-19,1262.56
retail_basket,2024-05-20,1259.19
retail_basket,2024-05-21,1254.17
retail_basket,2024-05-22,1254.42
retail_basket,2024-05-23,1251.16
retail_basket,2024-05-24,1249.42
retail_basket,2024-05-25,1245.07
retail_basket,2024-05-26,1243.69
retail_basket,2024-05-27,1239.63
retail_basket,2024-05-28,1242.58
retail_basket,2024-05-29,1244.49
retail_basket,2024-05-30,1245.17
retail_basket,2024-05-31,1244.17
retail_basket,2024-06-01,1236.71
retail_basket,2024-06-02,1235.14
retail_basket,2024-06-03,1232.44
retail_basket,2024-06-04,1233.48
retail_basket,2024-06-05,1235.9
retail_basket,2024-06-06,1237.23
retail_basket,2024-06-07,1242.05
retail_basket,2024-06-08,1240.06
retail_basket,2024-06-09,1237.91
retail_basket,2024-06-10,1241.9
retail_basket,2024-06-11,1242.64
retail_basket,2024-06-12,1241.85
retail_basket,2024-06-13,1248.87
retail_basket,2024-06-14,1251.16
retail_basket,2024-06-15,1250.57
retail_basket,2024-06-16,1248.12
retail_basket,2024-06-17,1253.23
retail_basket,2024-06-18,1254.13
retail_basket,2024-06-19,1254.35
retail_basket,2024-06-20,1257.02
retail_basket,2024-06-21,1260.47
retail_basket,2024-06-22,1262.68
retail_basket,2024-06-23,1266.16
retail_basket,2024-06-24,1268.0
retail_basket,2024-06-25,1270.24
retail_basket,2024-06-26,1267.58
retail_basket,2024-06-27,1274.61
retail_basket,2024-06-28,1270.03
retail_basket,2024-06-29,1271.34
retail_basket,2024-06-30,1266.38
retail_basket,2024-07-01,1266.13
retail_basket,2024-07-02,1264.09
retail_basket,2024-07-03,1264.73
retail_basket,2024-07-04,1266.15
retail_basket,2024-07-05,1262.65
retail_basket,2024-07-06,1262.67
retail_basket,2024-07-07,1268.08
retail_basket,2024-07-08,1263.23
retail_basket,2024-07-09,1260.12
retail_basket,2024-07-10,1263.51
retail_basket,2024-07-11,1263.93
retail_basket,2024-07-12,1264.63
retail_basket,2024-07-13,1268.64
retail_basket,2024-07-14,1265.74
retail_basket,2024-07-15,1263.9
retail_basket,2024-07-16,1261.59
retail_basket,2024-07-17,1260.4
retail_basket,2024-07-18,1265.6
retail_basket,2024-07-19,1259.29
retail_basket,2024-07-20,1254.91
retail_basket,2024-07-21,1249.9
retail_basket,2024-07-22,1255.3
retail_basket,2024-07-23,1253.11
retail_basket,2024-07-24,1252.01
retail_basket,2024-07-25,1246.08
retail_basket,2024-07-26,1245.23
retail_basket,2024-07-27,1248.59
retail_basket,2024-07-28,1249.66
retail_basket,2024-07-29,1249.39
retail_basket,2024-07-30,1243.66
retail_basket,2024-07-31,1242.56
retail_basket,2024-08-01,1243.23
retail_basket,2024-08-02,1239.66
retail_basket,2024-08-03,1242.22
retail_basket,2024-08-04,1245.65
retail_basket,2024-08-05,1243.8
retail_basket,2024-08-06,1246.64
retail_basket,2024-08-07,1246.35
retail_basket,2024-08-08,1250.77
retail_basket,2024-08-09,1258.56
retail_basket,2024-08-10,1254.56
retail_basket,2024-08-11,1257.58
retail_basket,2024-08-12,1262.64
retail_basket,2024-08-13,1259.1
retail_basket,2024-08-14,1257.05
retail_basket,2024-08-15,1254.97
retail_basket,2024-08-16,1254.59
retail_basket,2024-08-17,1253.38
retail_basket,2024-08-18,1252.76
retail_basket,2024-08-19,1256.04
retail_basket,2024-08-20,1249.04
retail_basket,2024-08-21,1245.52
retail_basket,2024-08-22,1248.15
retail_basket,2024-08-23,1250.35
retail_basket,2024-08-24,1246.51
retail_basket,2024-08-25,1248.73
retail_basket,2024-08-26,1253.83
retail_basket,2024-08-27,1253.77
retail_basket,2024-08-28,1250.11
retail_basket,2024-08-29,1253.52
retail_basket,2024-08-30,1260.15
retail_basket,2024-08-31,1256.93
retail_basket,2024-09-01,1257.2
retail_basket,2024-09-02,1261.44
retail_basket,2024-09-03,1262.01
retail_basket,2024-09-04,1255.54
retail_basket,2024-09-05,1257.33
retail_basket,2024-09-06,1253.77
retail_basket,2024-09-07,1249.13
retail_basket,2024-09-08,1242.79
retail_basket,2024-09-09,1247.36
retail_basket,2024-09-10,1244.37
retail_basket,2024-09-11,1245.74
retail_basket,2024-09-12,1248.03
retail_basket,2024-09-13,1248.76
retail_basket,2024-09-14,1250.0
retail_basket,2024-09-15,1251.55
retail_basket,2024-09-16,1252.19
retail_basket,2024-09-17,1249.47
retail_basket,2024-09-18,1246.41
retail_basket,2024-09-19,1246.14
retail_basket,2024-09-20,1245.8
retail_basket,2024-09-21,1247.53
retail_basket,2024-09-22,1251.78
retail_basket,2024-09-23,1253.2
retail_basket,2024-09-24,1250.28
retail_basket,2024-09-25,1242.25
retail_basket,2024-09-26,1239.51
retail_basket,2024-09-27,1234.64
retail_basket,2024-09-28,1232.07
retail_basket,2024-09-29,1233.08
retail_basket,2024-09-30,1233.52
retail_basket,2024-10-01,1240.54
retail_basket,2024-10-02,1242.46
retail_basket,2024-10-03,1249.72
retail_basket,2024-10-04,1252.53
retail_basket,2024-10-05,1256.75
retail_basket,2024-10-06,1255.52
retail_basket,2024-10-07,1251.6
retail_basket,2024-10-08,1250.04
retail_basket,2024-10-09,1250.12
retail_basket,2024-10-10,1247.9
retail_basket,2024-10-11,1244.28
retail_basket,2024-10-12,1245.96
retail_basket,2024-10-13,1242.33
retail_basket,2024-10-14,1236.75
retail_basket,2024-10-15,1232.72
retail_basket,2024-10-16,1231.98
retail_basket,2024-10-17,1228.44
retail_basket,2024-10-18,1227.73
retail_basket,2024-10-19,1230.06
retail_basket,2024-10-20,1232.31
retail_basket,2024-10-21,1229.99
retail_basket,2024-10-22,1225.31
retail_basket,2024-10-23,1223.32
retail_basket,2024-10-24,1225.85
retail_basket,2024-10-25,1229.25
retail_basket,2024-10-26,1230.67
retail_basket,2024-10-27,1235.24
retail_basket,2024-10-28,1241.79
retail_basket,2024-10-29,1240.11
retail_basket,2024-10-30,1245.78
retail_basket,2024-10-31,1244.93
retail_basket,2024-11-01,1248.87
retail_basket,2024-11-02,1251.65
retail_basket,2024-11-03,1244.38
retail_basket,2024-11-04,1240.9
retail_basket,2024-11-05,1236.48
retail_basket,2024-11-06,1230.01
retail_basket,2024-11-07,1233.39
retail_basket,2024-11-08,1241.19
retail_basket,2024-11-09,1240.35
retail_basket,2024-11-10,1243.66
retail_basket,2024-11-11,1249.34
retail_basket,2024-11-12,1250.24
retail_basket,2024-11-13,1250.27
retail_basket,2024-11-14,1249.48
retail_basket,2024-11-15,1251.62
retail_basket,2024-11-16,1255.03
retail_basket,2024-11-17,1256.9
retail_basket,2024-11-18,1258.64
retail_basket,2024-11-19,1258.57
retail_basket,2024-11-20,1252.69
retail_basket,2024-11-21,1256.2
retail_basket,2024-11-22,1251.49
retail_basket,2024-11-23,1253.94
retail_basket,2024-11-24,1256.92
retail_basket,2024-11-25,1252.75
retail_basket,2024-11-26,1250.59
retail_basket,2024-11-27,1258.7
retail_basket,2024-11-28,1258.53
retail_basket,2024-11-29,1254.05
retail_basket,2024-11-30,1257.2
retail_basket,2024-12-01,1254.41
retail_basket,2024-12-02,1247.33
retail_basket,2024-12-03,1249.4
retail_basket,2024-12-04,1246.1
retail_basket,2024-12-05,1247.42
retail_basket,2024-12-06,1244.51
retail_basket,2024-12-07,1247.28
retail_basket,2024-12-08,1248.09
retail_basket,2024-12-09,1238.55
retail_basket,2024-12-10,1240.1
retail_basket,2024-12-11,1239.14
retail_basket,2024-12-12,1244.55
retail_basket,2024-12-13,1246.15
retail_basket,2024-12-14,1249.1
retail_basket,2024-12-15,1246.57
retail_basket,2024-12-16,1243.74
retail_basket,2024-12-17,1243.77
retail_basket,2024-12-18,1242.55
retail_basket,2024-12-19,1247.67
retail_basket,2024-12-20,1247.22
retail_basket,2024-12-21,1242.77
retail_basket,2024-12-22,1239.81
retail_basket,2024-12-23,1243.53
retail_basket,2024-12-24,1243.03
retail_basket,2024-12-25,1242.34
retail_basket,2024-12-26,1246.42
retail_basket,2024-12-27,1243.13
retail_basket,2024-12-28,1234.94
retail_basket,2024-12-29,1231.91
retail_basket,2024-12-30,1232.93
retail_basket,2024-12-31,1232.13
retail_basket,2025-01-01,1226.5
retail_basket,2025-01-02,1230.36
retail_basket,2025-01-03,1231.09
retail_basket,2025-01-04,1232.65
retail_basket,2025-01-05,1234.33
retail_basket,2025-01-06,1229.65
retail_basket,2025-01-07,1230.89
retail_basket,2025-01-08,1234.37
retail_basket,2025-01-09,1238.73
retail_basket,2025-01-10,1241.53
retail_basket,2025-01-11,1243.57
retail_basket,2025-01-12,1237.23
retail_basket,2025-01-13,1237.3
retail_basket,2025-01-14,1233.87
retail_basket,2025-01-15,1238.75
retail_basket,2025-01-16,1243.09
retail_basket,2025-01-17,1239.67
retail_basket,2025-01-18,1239.62
retail_basket,2025-01-19,1240.67
retail_basket,2025-01-20,1244.15
retail_basket,2025-01-21,1238.04
retail_basket,2025-01-22,1229.98
retail_basket,2025-01-23,1230.25
retail_basket,2025-01-24,1221.06
retail_basket,2025-01-25,1221.76
retail_basket,2025-01-26,1224.06
retail_basket,2025-01-27,1228.73
retail_basket,2025-01-28,1226.56
retail_basket,2025-01-29,1227.27
retail_basket,2025-01-30,1229.8
retail_basket,2025-01-31,1225.59
retail_basket,2025-02-01,1229.08
retail_basket,2025-02-02,1230.22
retail_basket,2025-02-03,1228.11
retail_basket,2025-02-04,1228.75
retail_basket,2025-02-05,1228.36
retail_basket,2025-02-06,1231.36
retail_basket,2025-02-07,1230.16
retail_basket,2025-02-08,1231.12
retail_basket,2025-02-09,1228.95
retail_basket,2025-02-10,1225.62
retail_basket,2025-02-11,1226.37
retail_basket,2025-02-12,1223.2
retail_basket,2025-02-13,1226.26
retail_basket,2025-02-14,1228.57
retail_basket,2025-02-15,1225.87
retail_basket,2025-02-16,1226.78
retail_basket,2025-02-17,1224.08
retail_basket,2025-02-18,1218.32
retail_basket,2025-02-19,1216.26
retail_basket,2025-02-20,1216.2
retail_basket,2025-02-21,1218.22
retail_basket,2025-02-22,1218.89
retail_basket,2025-02-23,1222.34
retail_basket,2025-02-24,1218.87
retail_basket,2025-02-25,1217.61
retail_basket,2025-02-26,1223.76
retail_basket,2025-02-27,1216.81
retail_basket,2025-02-28,1215.28
retail_basket,2025-03-01,1211.5
retail_basket,2025-03-02,1210.91
retail_basket,2025-03-03,1209.46
retail_basket,2025-03-04,1211.77
retail_basket,2025-03-05,1212.82
retail_basket,2025-03-06,1208.2
retail_basket,2025-03-07,1206.19
retail_basket,2025-03-08,1206.31
retail_basket,2025-03-09,1209.11
retail_basket,2025-03-10,1218.09
retail_basket,2025-03-11,1220.78
retail_basket,2025-03-12,1217.2
retail_basket,2025-03-13,1216.98
retail_basket,2025-03-14,1217.76
retail_basket,2025-03-15,1215.99
retail_basket,2025-03-16,1217.82
retail_basket,2025-03-17,1209.67
retail_basket,2025-03-18,1211.8
retail_basket,2025-03-19,1210.2
retail_basket,2025-03-20,1209.92
retail_basket,2025-03-21,1215.37
retail_basket,2025-03-22,1210.9
retail_basket,2025-03-23,1212.01
retail_basket,2025-03-24,1215.03
retail_basket,2025-03-25,1215.77
retail_basket,2025-03-26,1210.02
retail_basket,2025-03-27,1215.05
retail_basket,2025-03-28,1214.4
retail_basket,2025-03-29,1212.6
retail_basket,2025-03-30,1211.59
retail_basket,2025-03-31,1210.33
retail_basket,2025-04-01,1206.13
retail_basket,2025-04-02,1206.85
retail_basket,2025-04-03,1204.81
retail_basket,2025-04-04,1207.36
retail_basket,2025-04-05,1209.36
retail_basket,2025-04-06,1215.39
retail_basket,2025-04-07,1214.74
retail_basket,2025-04-08,1211.94
retail_basket,2025-04-09,1206.73
retail_basket,2025-04-10,1214.81
retail_basket,2025-04-11,1217.35
retail_basket,2025-04-12,1214.95
retail_basket,2025-04-13,1221.26
retail_basket,2025-04-14,1226.36
retail_basket,2025-04-15,1221.52
retail_basket,2025-04-16,1218.88
retail_basket,2025-04-17,1218.52
retail_basket,2025-04-18,1214.74
retail_basket,2025-04-19,1214.51
retail_basket,2025-04-20,1217.22
retail_basket,2025-04-21,1212.34
retail_basket,2025-04-22,1213.53
retail_basket,2025-04-23,1217.91
retail_basket,2025-04-24,1219.5
retail_basket,2025-04-25,1219.34
retail_basket,2025-04-26,1217.02
retail_basket,2025-04-27,1220.18
retail_basket,2025-04-28,1216.0
retail_basket,2025-04-29,1217.01
retail_basket,2025-04-30,1217.23
retail_basket,2025-05-01,1221.46
retail_basket,2025-05-02,1219.45
retail_basket,2025-05-03,1217.76
retail_basket,2025-05-04,1213.35
retail_basket,2025-05-05,1215.06
retail_basket,2025-05-06,1213.64
retail_basket,2025-05-07,1210.63
retail_basket,2025-05-08,1207.97
retail_basket,2025-05-09,1210.03
retail_basket,2025-05-10,1206.16
retail_basket,2025-05-11,1202.61
retail_basket,2025-05-12,1205.97
retail_basket,2025-05-13,1205.49
retail_basket,2025-05-14,1209.07
retail_basket,2025-05-15,1207.89
retail_basket,2025-05-16,1208.01
retail_basket,2025-05-17,1208.7
retail_basket,2025-05-18,1213.86
retail_basket,2025-05-19,1218.74
retail_basket,2025-05-20,1223.09
retail_basket,2025-05-21,1220.91
retail_basket,2025-05-22,1217.42
retail_basket,2025-05-23,1220.32
retail_basket,2025-05-24,1225.5
retail_basket,2025-05-25,1229.9
retail_basket,2025-05-26,1230.07
retail_basket,2025-05-27,1232.89
retail_basket,2025-05-28,1235.77
retail_basket,2025-05-29,1236.45
retail_basket,2025-05-30,1237.28
retail_basket,2025-05-31,1237.77
retail_basket,2025-06-01,1234.97
retail_basket,2025-06-02,1232.56
retail_basket,2025-06-03,1230.09
retail_basket,2025-06-04,1224.32
retail_basket,2025-06-05,1224.97
retail_basket,2025-06-06,1224.94
retail_basket,2025-06-07,1227.87
retail_basket,2025-06-08,1232.65
retail_basket,2025-06-09,1237.68
retail_basket,2025-06-10,1243.08
retail_basket,2025-06-11,1240.38
retail_basket,2025-06-12,1235.19
retail_basket,2025-06-13,1238.77
retail_basket,2025-06-14,1244.04
retail_basket,2025-06-15,1249.98
retail_basket,2025-06-16,1251.93
retail_basket,2025-06-17,1244.58
retail_basket,2025-06-18,1246.07
retail_basket,2025-06-19,1248.27
retail_basket,2025-06-20,1253.09
retail_basket,2025-06-21,1258.6
retail_basket,2025-06-22,1262.17
retail_basket,2025-06-23,1260.07
retail_basket,2025-06-24,1256.32
retail_basket,2025-06-25,1258.46
retail_basket,2025-06-26,1255.59
retail_basket,2025-06-27,1261.29
retail_basket,2025-06-28,1254.98
retail_basket,2025-06-29,1257.24
retail_basket,2025-06-30,1258.57
retail_basket,2025-07-01,1257.92
retail_basket,2025-07-02,1254.56
retail_basket,2025-07-03,1246.95
retail_basket,2025-07-04,1245.08
retail_basket,2025-07-05,1243.29
retail_basket,2025-07-06,1247.57
retail_basket,2025-07-07,1244.77
retail_basket,2025-07-08,1246.58
retail_basket,2025-07-09,1241.88
retail_basket,2025-07-10,1243.8
retail_basket,2025-07-11,1235.6
retail_basket,2025-07-12,1243.52
retail_basket,2025-07-13,1243.12
retail_basket,2025-07-14,1232.86
retail_basket,2025-07-15,1230.33
retail_basket,2025-07-16,1227.23
retail_basket,2025-07-17,1224.94
retail_basket,2025-07-18,1223.72
retail_basket,2025-07-19,1221.41
retail_basket,2025-07-20,1218.55
retail_basket,2025-07-21,1214.44
retail_basket,2025-07-22,1217.56
retail_basket,2025-07-23,1222.08
retail_basket,2025-07-24,1221.27
retail_basket,2025-07-25,1221.32
retail_basket,2025-07-26,1217.32
retail_basket,2025-07-27,1217.71
retail_basket,2025-07-28,1218.67
retail_basket,2025-07-29,1217.99
retail_basket,2025-07-30,1219.56
retail_basket,2025-07-31,1220.81
retail_basket,2025-08-01,1217.08
retail_basket,2025-08-02,1221.56
retail_basket,2025-08-03,1220.92
retail_basket,2025-08-04,1227.2
retail_basket,2025-08-05,1228.87
retail_basket,2025-08-06,1236.28
retail_basket,2025-08-07,1240.77
retail_basket,2025-08-08,1241.74
retail_basket,2025-08-09,1239.18
retail_basket,2025-08-10,1236.7
retail_basket,2025-08-11,1238.8
retail_basket,2025-08-12,1239.45
retail_basket,2025-08-13,1237.39
retail_basket,2025-08-14,1240.61
retail_basket,2025-08-15,1240.88
retail_basket,2025-08-16,1244.13
retail_basket,2025-08-17,1240.62
retail_basket,2025-08-18,1244.47
retail_basket,2025-08-19,1246.46
retail_basket,2025-08-20,1251.08
retail_basket,2025-08-21,1254.88
retail_basket,2025-08-22,1254.68
retail_basket,2025-08-23,1254.18
retail_basket,2025-08-24,1261.04
retail_basket,2025-08-25,1260.06
retail_basket,2025-08-26,1263.02
retail_basket,2025-08-27,1261.71
retail_basket,2025-08-28,1254.8
retail_basket,2025-08-29,1250.32
retail_basket,2025-08-30,1251.96
retail_basket,2025-08-31,1254.73
retail_basket,2025-09-01,1256.39
retail_basket,2025-09-02,1260.85
retail_basket,2025-09-03,1262.45
retail_basket,2025-09-04,1259.65
retail_basket,2025-09-05,1262.02
retail_basket,2025-09-06,1262.79
retail_basket,2025-09-07,1260.74
retail_basket,2025-09-08,1262.65
retail_basket,2025-09-09,1263.08
retail_basket,2025-09-10,1260.91
retail_basket,2025-09-11,1260.37
retail_basket,2025-09-12,1265.85
retail_basket,2025-09-13,1271.23
retail_basket,2025-09-14,1272.08
retail_basket,2025-09-15,1272.42
retail_basket,2025-09-16,1267.09
retail_basket,2025-09-17,1273.77
retail_basket,2025-09-18,1277.87
retail_basket,2025-09-19,1280.88
retail_basket,2025-09-20,1272.3
retail_basket,2025-09-21,1272.58
retail_basket,2025-09-22,1272.22
retail_basket,2025-09-23,1274.96
retail_basket,2025-09-24,1273.36
retail_basket,2025-09-25,1272.6
retail_basket,2025-09-26,1275.1
retail_basket,2025-09-27,1272.27
retail_basket,2025-09-28,1270.21
retail_basket,2025-09-29,1271.07
retail_basket,2025-09-30,1276.31
retail_basket,2025-10-01,1279.54
retail_basket,2025-10-02,1283.8
retail_basket,2025-10-03,1284.17
retail_basket,2025-10-04,1290.08
retail_basket,2025-10-05,1283.48
retail_basket,2025-10-06,1291.42
retail_basket,2025-10-07,1299.92
retail_basket,2025-10-08,1301.83
retail_basket,2025-10-09,1305.21
retail_basket,2025-10-10,1305.2
retail_basket,2025-10-11,1304.51
retail_basket,2025-10-12,1302.25
retail_basket,2025-10-13,1302.19
retail_basket,2025-10-14,1304.49
retail_basket,2025-10-15,1306.26
retail_basket,2025-10-16,1314.2
retail_basket,2025-10-17,1314.73
retail_basket,2025-10-18,1309.0
retail_basket,2025-10-19,1315.61
retail_basket,2025-10-20,1310.93
retail_basket,2025-10-21,1308.86
retail_basket,2025-10-22,1310.06
retail_basket,2025-10-23,1311.83
retail_basket,2025-10-24,1306.29
retail_basket,2025-10-25,1303.49
retail_basket,2025-10-26,1297.85
retail_basket,2025-10-27,1300.4
retail_basket,2025-10-28,1305.16
retail_basket,2025-10-29,1300.51
retail_basket,2025-10-30,1304.53
retail_basket,2025-10-31,1308.31
retail_basket,2025-11-01,1305.86
retail_basket,2025-11-02,1298.24
retail_basket,2025-11-03,1294.21
retail_basket,2025-11-04,1292.03
retail_basket,2025-11-05,1298.14
retail_basket,2025-11-06,1297.81
retail_basket,2025-11-07,1294.03
retail_basket,2025-11-08,1294.73
retail_basket,2025-11-09,1289.84
retail_basket,2025-11-10,1291.96
retail_basket,2025-11-11,1288.31
retail_basket,2025-11-12,1285.22
retail_basket,2025-11-13,1286.8
retail_basket,2025-11-14,1293.7
retail_basket,2025-11-15,1302.39
retail_basket,2025-11-16,1298.46
retail_basket,2025-11-17,1296.27
retail_basket,2025-11-18,1298.41
retail_basket,2025-11-19,1303.1
retail_basket,2025-11-20,1294.8
retail_basket,2025-11-21,1295.26
retail_basket,2025-11-22,1293.5
retail_basket,2025-11-23,1286.19
retail_basket,2025-11-24,1281.16
retail_basket,2025-11-25,1279.11
retail_basket,2025-11-26,1279.47
retail_basket,2025-11-27,1283.47
retail_basket,2025-11-28,1284.96
retail_basket,2025-11-29,1288.75
retail_basket,2025-11-30,1288.98
retail_basket,2025-12-01,1286.39
retail_basket,2025-12-02,1285.81
retail_basket,2025-12-03,1288.62
retail_basket,2025-12-04,1292.75
retail_basket,2025-12-05,1292.3
retail_basket,2025-12-06,1288.84
retail_basket,2025-12-07,1290.26
retail_basket,2025-12-08,1292.24
retail_basket,2025-12-09,1297.16
retail_basket,2025-12-10,1294.65
retail_basket,2025-12-11,1292.19
retail_basket,2025-12-12,1295.26
retail_basket,2025-12-13,1293.8
retail_basket,2025-12-14,1292.19
retail_basket,2025-12-15,1297.19
retail_basket,2025-12-16,1291.99
retail_basket,2025-12-17,1300.12
retail_basket,2025-12-18,1297.86
retail_basket,2025-12-19,1301.37
retail_basket,2025-12-20,1301.07
retail_basket,2025-12-21,1302.26
retail_basket,2025-12-22,1301.37
retail_basket,2025-12-23,1304.85
retail_basket,2025-12-24,1303.62
retail_basket,2025-12-25,1301.51
retail_basket,2025-12-26,1308.74
retail_basket,2025-12-27,1308.99
retail_basket,2025-12-28,1306.47
retail_basket,2025-12-29,1300.77
retail_basket,2025-12-30,1308.2
retail_basket,2025-12-31,1306.17
retail_basket,2026-01-01,1314.4
retail_basket,2026-01-02,1316.11
retail_basket,2026-01-03,1316.8
retail_basket,2026-01-04,1317.61
retail_basket,2026-01-05,1326.53
retail_basket,2026-01-06,1317.96
retail_basket,2026-01-07,1318.94
retail_basket,2026-01-08,1318.03
retail_basket,2026-01-09,1317.32
retail_basket,2026-01-10,1318.04
retail_basket,2026-01-11,1317.12
retail_basket,2026-01-12,1317.99
retail_basket,2026-01-13,1318.03
retail_basket,2026-01-14,1312.98
retail_basket,2026-01-15,1314.61
retail_basket,2026-01-16,1317.57
retail_basket,2026-01-17,1315.56
retail_basket,2026-01-18,1323.09
retail_basket,2026-01-19,1328.53
retail_basket,2026-01-20,1332.03
retail_basket,2026-01-21,1335.49
retail_basket,2026-01-22,1335.75
retail_basket,2026-01-23,1340.46
retail_basket,2026-01-24,1346.93
retail_basket,2026-01-25,1350.33
retail_basket,2026-01-26,1348.16
retail_basket,2026-01-27,1348.14
retail_basket,2026-01-28,1350.59
retail_basket,2026-01-29,1354.13
retail_basket,2026-01-30,1353.95
retail_basket,2026-01-31,1351.78
retail_basket,2026-02-01,1358.36
retail_basket,2026-02-02,1354.13
retail_basket,2026-02-03,1350.45
retail_basket,2026-02-04,1345.22
retail_basket,2026-02-05,1341.55
retail_basket,2026-02-06,1346.71
retail_basket,2026-02-07,1352.03
retail_basket,2026-02-08,1351.87
retail_basket,2026-02-09,1354.02
retail_basket,2026-02-10,1354.11
retail_basket,2026-02-11,1349.41
retail_basket,2026-02-12,1358.56
retail_basket,2026-02-13,1364.31
retail_basket,2026-02-14,1365.89
retail_basket,2026-02-15,1362.53
retail_basket,2026-02-16,1361.74
retail_basket,2026-02-17,1359.06
retail_basket,2026-02-18,1359.59
retail_basket,2026-02-19,1360.99
retail_basket,2026-02-20,1359.73
retail_basket,2026-02-21,1353.95
retail_basket,2026-02-22,1362.77
retail_basket,2026-02-23,1363.88
retail_basket,2026-02-24,1365.89
retail_basket,2026-02-25,1364.29
retail_basket,2026-02-26,1358.05
retail_basket,2026-02-27,1357.85
retail_basket,2026-02-28,1356.67
retail_basket,2026-03-01,1359.69
retail_basket,2026-03-02,1363.53
retail_basket,2026-03-03,1366.8
retail_basket,2026-03-04,1371.0
retail_basket,2026-03-05,1378.57
retail_basket,2026-03-06,1380.32
retail_basket,2026-03-07,1385.02
retail_basket,2026-03-08,1387.21
retail_basket,2026-03-09,1379.47
retail_basket,2026-03-10,1378.97
retail_basket,2026-03-11,1375.52
retail_basket,2026-03-12,1376.61
retail_basket,2026-03-13,1373.49
retail_basket,2026-03-14,1376.12
retail_basket,2026-03-15,1380.32
retail_basket,2026-03-16,1385.45
retail_basket,2026-03-17,1392.33
retail_basket,2026-03-18,1385.49
retail_basket,2026-03-19,1380.65
retail_basket,2026-03-20,1392.97
retail_basket,2026-03-21,1397.34
retail_basket,2026-03-22,1398.42
retail_basket,2026-03-23,1398.69
retail_basket,2026-03-24,1398.59
retail_basket,2026-03-25,1390.64
retail_basket,2026-03-26,1387.56
retail_basket,2026-03-27,1387.24
retail_basket,2026-03-28,1384.4
retail_basket,2026-03-29,1382.11
retail_basket,2026-03-30,1392.9
retail_basket,2026-03-31,1391.99
retail_basket,2026-04-01,1393.29
retail_basket,2026-04-02,1394.44
retail_basket,2026-04-03,1397.05
retail_basket,2026-04-04,1395.19
retail_basket,2026-04-05,1400.56
retail_basket,2026-04-06,1402.56
retail_basket,2026-04-07,1397.3
retail_basket,2026-04-08,1396.99
retail_basket,2026-04-09,1396.4
retail_basket,2026-04-10,1395.63
retail_basket,2026-04-11,1397.9
retail_basket,2026-04-12,1400.71
retail_basket,2026-04-13,1403.02
retail_basket,2026-04-14,1404.59
retail_basket,2026-04-15,1405.09
retail_basket,2026-04-16,1396.19
retail_basket,2026-04-17,1399.59
retail_basket,2026-04-18,1401.79
retail_basket,2026-04-19,1397.79
retail_basket,2026-04-20,1399.11
retail_basket,2026-04-21,1401.97
retail_basket,2026-04-22,1407.05
retail_basket,2026-04-23,1409.34
retail_basket,2026-04-24,1410.84
retail_basket,2026-04-25,1415.0
retail_basket,2026-04-26,1413.84
retail_basket,2026-04-27,1415.73
retail_basket,2026-04-28,1413.23
retail_basket,2026-04-29,1418.09
retail_basket,2026-04-30,1411.4
retail_basket,2026-05-01,1415.01
retail_basket,2026-05-02,1415.22
retail_basket,2026-05-03,1419.47
retail_basket,2026-05-04,1416.29
retail_basket,2026-05-05,1416.81
retail_basket,2026-05-06,1417.21
retail_basket,2026-05-07,1419.2
retail_basket,2026-05-08,1414.89
retail_basket,2026-05-09,1417.73
retail_basket,2026-05-10,1410.05
retail_basket,2026-05-11,1407.36
retail_basket,2026-05-12,1400.92
retail_basket,2026-05-13,1404.55
retail_basket,2026-05-14,1406.38
retail_basket,2026-05-15,1408.44
retail_basket,2026-05-16,1414.82
retail_basket,2026-05-17,1413.62
retail_basket,2026-05-18,1416.35
retail_basket,2026-05-19,1416.77
retail_basket,2026-05-20,1416.55
retail_basket,2026-05-21,1422.26
retail_basket,2026-05-22,1431.31
retail_basket,2026-05-23,1429.6
retail_basket,2026-05-24,1433.32
retail_basket,2026-05-25,1434.84
retail_basket,2026-05-26,1436.41
retail_basket,2026-05-27,1437.62
retail_basket,2026-05-28,1436.33
retail_basket,2026-05-29,1421.1
retail_basket,2026-05-30,1427.81
retail_basket,2026-05-31,1424.98
retail_basket,2026-06-01,1424.09
retail_basket,2026-06-02,1423.29
retail_basket,2026-06-03,1420.09
retail_basket,2026-06-04,1421.25
retail_basket,2026-06-05,1421.21
retail_basket,2026-06-06,1418.3
retail_basket,2026-06-07,1419.07
retail_basket,2026-06-08,1419.07
retail_basket,2026-06-09,1423.17
retail_basket,2026-06-10,1417.6
retail_basket,2026-06-11,1414.32
retail_basket,2026-06-12,1417.55
retail_basket,2026-06-13,1414.97
retail_basket,2026-06-14,1411.28
retail_basket,2026-06-15,1408.92
retail_basket,2026-06-16,1408.64
retail_basket,2026-06-17,1408.37
retail_basket,2026-06-18,1407.62
retail_basket,2026-06-19,1403.43
retail_basket,2026-06-20,1406.83
retail_basket,2026-06-21,1412.58
retail_basket,2026-06-22,1404.64
retail_basket,2026-06-23,1398.25
retail_basket,2026-06-24,1402.6
retail_basket,2026-06-25,1409.37
retail_basket,2026-06-26,1400.53
retail_basket,2026-06-27,1404.1
retail_basket,2026-06-28,1411.16
retail_basket,2026-06-29,1407.66
retail_basket,2026-06-30,1414.48
retail_basket,2026-07-01,1413.87
retail_basket,2026-07-02,1415.35
retail_basket,2026-07-03,1412.44
retail_basket,2026-07-04,1416.83
retail_basket,2026-07-05,1420.52
retail_basket,2026-07-06,1428.03
retail_basket,2026-07-07,1434.36
retail_basket,2026-07-08,1434.46
retail_basket,2026-07-09,1448.05
retail_basket,2026-07-10,1454.07
retail_basket,2026-07-11,1456.58
retail_basket,2026-07-12,1452.37
retail_basket,2026-07-13,1445.87
retail_basket,2026-07-14,1439.76
retail_basket,2026-07-15,1435.87
