district,date,rainfall_mm,rainfall_normal_mm,tmax
Rampur,2024-01-01,0.2,0.4,27.3
Rampur,2024-01-02,0.1,0.4,26.6
Rampur,2024-01-03,0.3,0.4,25.0
Rampur,2024-01-04,0.1,0.4,24.0
Rampur,2024-01-05,2.3,0.4,28.5
Rampur,2024-01-06,0.9,0.4,26.5
Rampur,2024-01-07,0.1,0.4,25.3
Rampur,2024-01-08,0.2,0.4,28.5
Rampur,2024-01-09,0.1,0.4,23.8
Rampur,2024-01-10,0.0,0.4,25.7
Rampur,2024-01-11,0.1,0.4,24.2
Rampur,2024-01-12,0.1,0.4,25.4
Rampur,2024-01-13,0.3,0.4,26.5
Rampur,2024-01-14,0.1,0.4,27.0
Rampur,2024-01-15,0.0,0.4,24.7
Rampur,2024-01-16,0.3,0.4,25.5
Rampur,2024-01-17,0.5,0.4,26.0
Rampur,2024-01-18,0.0,0.4,25.2
Rampur,2024-01-19,0.1,0.4,26.9
Rampur,2024-01-20,1.4,0.4,24.9
Rampur,2024-01-21,0.0,0.4,26.3
Rampur,2024-01-22,0.0,0.4,26.4
Rampur,2024-01-23,1.5,0.4,24.6
Rampur,2024-01-24,0.7,0.4,25.1
Rampur,2024-01-25,0.0,0.4,24.8
Rampur,2024-01-26,0.7,0.4,25.7
Rampur,2024-01-27,0.4,0.4,29.5
Rampur,2024-01-28,0.2,0.4,27.8
Rampur,2024-01-29,0.4,0.4,23.7
Rampur,2024-01-30,0.1,0.4,24.2
Rampur,2024-01-31,0.7,0.4,24.1
Rampur,2024-02-01,0.3,0.3,31.8
Rampur,2024-02-02,0.1,0.3,30.2
Rampur,2024-02-03,0.0,0.3,28.8
Rampur,2024-02-04,0.0,0.3,28.6
Rampur,2024-02-05,0.0,0.3,29.8
Rampur,2024-02-06,0.3,0.3,29.6
Rampur,2024-02-07,0.2,0.3,27.8
Rampur,2024-02-08,0.0,0.3,33.5
Rampur,2024-02-09,0.1,0.3,29.6
Rampur,2024-02-10,0.0,0.3,29.4
Rampur,2024-02-11,0.0,0.3,29.4
Rampur,2024-02-12,0.8,0.3,30.5
Rampur,2024-02-13,0.8,0.3,28.2
Rampur,2024-02-14,0.5,0.3,28.5
Rampur,2024-02-15,0.0,0.3,29.2
Rampur,2024-02-16,0.6,0.3,28.6
Rampur,2024-02-17,0.3,0.3,28.4
Rampur,2024-02-18,0.2,0.3,31.8
Rampur,2024-02-19,0.1,0.3,28.5
Rampur,2024-02-20,0.1,0.3,28.5
Rampur,2024-02-21,1.0,0.3,31.8
Rampur,2024-02-22,0.1,0.3,31.8
Rampur,2024-02-23,0.3,0.3,28.5
Rampur,2024-02-24,0.3,0.3,30.6
Rampur,2024-02-25,0.1,0.3,28.7
Rampur,2024-02-26,0.3,0.3,31.9
Rampur,2024-02-27,0.0,0.3,28.9
Rampur,2024-02-28,1.1,0.3,31.4
Rampur,2024-02-29,0.5,0.3,27.4
Rampur,2024-03-01,0.1,0.5,32.9
Rampur,2024-03-02,0.5,0.5,35.8
Rampur,2024-03-03,0.4,0.5,34.5
Rampur,2024-03-04,0.7,0.5,36.6
Rampur,2024-03-05,0.4,0.5,34.9
Rampur,2024-03-06,0.1,0.5,34.6
Rampur,2024-03-07,0.3,0.5,35.3
Rampur,2024-03-08,0.2,0.5,34.4
Rampur,2024-03-09,0.1,0.5,33.8
Rampur,2024-03-10,0.1,0.5,35.6
Rampur,2024-03-11,0.3,0.5,36.4
Rampur,2024-03-12,0.4,0.5,34.3
Rampur,2024-03-13,0.3,0.5,36.1
Rampur,2024-03-14,0.6,0.5,34.9
Rampur,2024-03-15,1.0,0.5,30.8
Rampur,2024-03-16,0.4,0.5,34.2
Rampur,2024-03-17,0.3,0.5,32.0
Rampur,2024-03-18,0.3,0.5,34.7
Rampur,2024-03-19,1.4,0.5,31.7
Rampur,2024-03-20,3.5,0.5,33.2
Rampur,2024-03-21,4.3,0.5,34.2
Rampur,2024-03-22,0.0,0.5,34.8
Rampur,2024-03-23,0.1,0.5,34.3
Rampur,2024-03-24,0.1,0.5,34.8
Rampur,2024-03-25,0.0,0.5,31.9
Rampur,2024-03-26,0.1,0.5,32.9
Rampur,2024-03-27,0.8,0.5,34.3
Rampur,2024-03-28,0.6,0.5,33.9
Rampur,2024-03-29,0.1,0.5,36.2
Rampur,2024-03-30,0.5,0.5,33.0
Rampur,2024-03-31,0.7,0.5,33.4
Rampur,2024-04-01,0.9,0.7,36.8
Rampur,2024-04-02,0.0,0.7,39.8
Rampur,2024-04-03,1.6,0.7,40.5
Rampur,2024-04-04,0.1,0.7,37.3
Rampur,2024-04-05,0.4,0.7,38.7
Rampur,2024-04-06,0.6,0.7,41.1
Rampur,2024-04-07,0.2,0.7,40.7
Rampur,2024-04-08,0.7,0.7,39.6
Rampur,2024-04-09,0.5,0.7,42.1
Rampur,2024-04-10,0.2,0.7,37.6
Rampur,2024-04-11,0.6,0.7,39.5
Rampur,2024-04-12,0.3,0.7,35.7
Rampur,2024-04-13,0.2,0.7,38.5
Rampur,2024-04-14,0.4,0.7,37.5
Rampur,2024-04-15,0.6,0.7,38.5
Rampur,2024-04-16,0.7,0.7,38.5
Rampur,2024-04-17,0.5,0.7,39.0
Rampur,2024-04-18,0.3,0.7,41.3
Rampur,2024-04-19,1.6,0.7,38.9
Rampur,2024-04-20,0.5,0.7,39.7
Rampur,2024-04-21,1.3,0.7,40.0
Rampur,2024-04-22,0.0,0.7,39.6
Rampur,2024-04-23,0.2,0.7,38.5
Rampur,2024-04-24,0.2,0.7,38.5
Rampur,2024-04-25,1.3,0.7,41.2
Rampur,2024-04-26,0.1,0.7,36.6
Rampur,2024-04-27,0.3,0.7,42.9
Rampur,2024-04-28,1.1,0.7,39.7
Rampur,2024-04-29,0.9,0.7,39.2
Rampur,2024-04-30,0.0,0.7,39.6
Rampur,2024-05-01,0.2,1.2,43.4
Rampur,2024-05-02,6.3,1.2,40.6
Rampur,2024-05-03,0.7,1.2,44.3
Rampur,2024-05-04,1.7,1.2,44.5
Rampur,2024-05-05,0.2,1.2,41.3
Rampur,2024-05-06,0.0,1.2,43.0
Rampur,2024-05-07,0.8,1.2,38.2
Rampur,2024-05-08,0.1,1.2,40.7
Rampur,2024-05-09,1.2,1.2,41.6
Rampur,2024-05-10,1.8,1.2,40.4
Rampur,2024-05-11,0.9,1.2,42.6
Rampur,2024-05-12,0.7,1.2,45.3
Rampur,2024-05-13,0.8,1.2,40.8
Rampur,2024-05-14,2.4,1.2,40.6
Rampur,2024-05-15,0.6,1.2,42.1
Rampur,2024-05-16,0.2,1.2,43.2
Rampur,2024-05-17,0.0,1.2,42.9
Rampur,2024-05-18,0.4,1.2,41.9
Rampur,2024-05-19,0.3,1.2,42.3
Rampur,2024-05-20,5.5,1.2,44.0
Rampur,2024-05-21,1.8,1.2,38.1
Rampur,2024-05-22,4.4,1.2,40.3
Rampur,2024-05-23,0.1,1.2,40.1
Rampur,2024-05-24,0.9,1.2,44.6
Rampur,2024-05-25,5.7,1.2,44.9
Rampur,2024-05-26,1.7,1.2,39.4
Rampur,2024-05-27,0.0,1.2,41.2
Rampur,2024-05-28,5.8,1.2,39.2
Rampur,2024-05-29,0.6,1.2,44.0
Rampur,2024-05-30,0.9,1.2,42.9
Rampur,2024-05-31,2.2,1.2,39.3
Rampur,2024-06-01,0.2,6.0,39.4
Rampur,2024-06-02,7.6,6.0,37.7
Rampur,2024-06-03,8.2,6.0,39.4
Rampur,2024-06-04,1.4,6.0,38.3
Rampur,2024-06-05,0.0,6.0,38.0
Rampur,2024-06-06,0.1,6.0,38.3
Rampur,2024-06-07,6.7,6.0,35.1
Rampur,2024-06-08,2.3,6.0,38.4
Rampur,2024-06-09,5.2,6.0,38.5
Rampur,2024-06-10,14.0,6.0,39.9
Rampur,2024-06-11,2.3,6.0,40.1
Rampur,2024-06-12,48.5,6.0,38.5
Rampur,2024-06-13,0.7,6.0,36.2
Rampur,2024-06-14,2.7,6.0,42.0
Rampur,2024-06-15,0.7,6.0,37.2
Rampur,2024-06-16,1.2,6.0,37.6
Rampur,2024-06-17,6.0,6.0,38.5
Rampur,2024-06-18,21.4,6.0,37.6
Rampur,2024-06-19,1.8,6.0,36.3
Rampur,2024-06-20,2.1,6.0,38.2
Rampur,2024-06-21,8.3,6.0,39.4
Rampur,2024-06-22,1.9,6.0,40.3
Rampur,2024-06-23,0.8,6.0,39.6
Rampur,2024-06-24,4.8,6.0,38.7
Rampur,2024-06-25,3.2,6.0,41.0
Rampur,2024-06-26,6.7,6.0,38.2
Rampur,2024-06-27,9.6,6.0,40.3
Rampur,2024-06-28,0.5,6.0,38.3
Rampur,2024-06-29,4.1,6.0,40.5
Rampur,2024-06-30,0.2,6.0,37.5
Rampur,2024-07-01,6.0,10.5,34.8
Rampur,2024-07-02,0.4,10.5,32.9
Rampur,2024-07-03,0.5,10.5,31.5
Rampur,2024-07-04,3.4,10.5,34.0
Rampur,2024-07-05,0.0,10.5,31.3
Rampur,2024-07-06,0.0,10.5,31.1
Rampur,2024-07-07,3.8,10.5,32.4
Rampur,2024-07-08,20.3,10.5,34.8
Rampur,2024-07-09,2.5,10.5,31.5
Rampur,2024-07-10,2.3,10.5,34.2
Rampur,2024-07-11,0.4,10.5,33.7
Rampur,2024-07-12,1.4,10.5,32.7
Rampur,2024-07-13,1.9,10.5,30.4
Rampur,2024-07-14,10.0,10.5,34.9
Rampur,2024-07-15,9.1,10.5,33.2
Rampur,2024-07-16,21.3,10.5,33.8
Rampur,2024-07-17,16.0,10.5,33.0
Rampur,2024-07-18,28.6,10.5,36.3
Rampur,2024-07-19,50.4,10.5,31.5
Rampur,2024-07-20,3.6,10.5,33.7
Rampur,2024-07-21,2.2,10.5,34.2
Rampur,2024-07-22,1.6,10.5,35.7
Rampur,2024-07-23,14.3,10.5,33.4
Rampur,2024-07-24,9.2,10.5,33.3
Rampur,2024-07-25,12.4,10.5,33.1
Rampur,2024-07-26,0.1,10.5,33.0
Rampur,2024-07-27,25.7,10.5,32.7
Rampur,2024-07-28,10.0,10.5,31.8
Rampur,2024-07-29,9.2,10.5,33.6
Rampur,2024-07-30,19.9,10.5,34.6
Rampur,2024-07-31,2.4,10.5,33.1
Rampur,2024-08-01,8.8,9.5,32.6
Rampur,2024-08-02,10.7,9.5,33.8
Rampur,2024-08-03,13.8,9.5,31.5
Rampur,2024-08-04,6.5,9.5,31.1
Rampur,2024-08-05,6.7,9.5,31.0
Rampur,2024-08-06,22.4,9.5,32.4
Rampur,2024-08-07,1.3,9.5,31.2
Rampur,2024-08-08,1.8,9.5,32.5
Rampur,2024-08-09,1.9,9.5,29.0
Rampur,2024-08-10,21.3,9.5,31.8
Rampur,2024-08-11,13.1,9.5,32.6
Rampur,2024-08-12,7.8,9.5,31.4
Rampur,2024-08-13,20.2,9.5,31.5
Rampur,2024-08-14,1.9,9.5,31.5
Rampur,2024-08-15,12.2,9.5,32.2
Rampur,2024-08-16,3.3,9.5,33.4
Rampur,2024-08-17,4.6,9.5,31.4
Rampur,2024-08-18,5.6,9.5,32.0
Rampur,2024-08-19,4.4,9.5,32.5
Rampur,2024-08-20,11.0,9.5,33.1
Rampur,2024-08-21,2.3,9.5,31.9
Rampur,2024-08-22,21.6,9.5,33.3
Rampur,2024-08-23,1.7,9.5,31.1
Rampur,2024-08-24,5.9,9.5,32.1
Rampur,2024-08-25,6.2,9.5,32.0
Rampur,2024-08-26,2.9,9.5,32.0
Rampur,2024-08-27,23.7,9.5,30.3
Rampur,2024-08-28,1.2,9.5,31.3
Rampur,2024-08-29,0.8,9.5,30.7
Rampur,2024-08-30,7.1,9.5,32.1
Rampur,2024-08-31,1.4,9.5,30.9
Rampur,2024-09-01,7.4,5.5,30.5
Rampur,2024-09-02,2.6,5.5,32.8
Rampur,2024-09-03,1.1,5.5,36.3
Rampur,2024-09-04,13.4,5.5,33.1
Rampur,2024-09-05,10.9,5.5,33.6
Rampur,2024-09-06,3.1,5.5,34.6
Rampur,2024-09-07,11.1,5.5,31.5
Rampur,2024-09-08,4.0,5.5,30.0
Rampur,2024-09-09,0.8,5.5,33.2
Rampur,2024-09-10,8.5,5.5,36.0
Rampur,2024-09-11,4.0,5.5,32.6
Rampur,2024-09-12,18.6,5.5,35.6
Rampur,2024-09-13,0.8,5.5,31.2
Rampur,2024-09-14,1.4,5.5,34.4
Rampur,2024-09-15,14.8,5.5,33.8
Rampur,2024-09-16,3.2,5.5,32.4
Rampur,2024-09-17,1.0,5.5,30.2
Rampur,2024-09-18,0.8,5.5,31.1
Rampur,2024-09-19,0.2,5.5,32.2
Rampur,2024-09-20,5.3,5.5,33.7
Rampur,2024-09-21,1.1,5.5,31.4
Rampur,2024-09-22,5.5,5.5,30.8
Rampur,2024-09-23,1.6,5.5,34.5
Rampur,2024-09-24,0.6,5.5,32.8
Rampur,2024-09-25,2.5,5.5,31.4
Rampur,2024-09-26,7.2,5.5,32.3
Rampur,2024-09-27,4.9,5.5,33.4
Rampur,2024-09-28,6.2,5.5,34.0
Rampur,2024-09-29,3.1,5.5,32.5
Rampur,2024-09-30,5.9,5.5,35.4
Rampur,2024-10-01,0.7,1.8,32.8
Rampur,2024-10-02,1.4,1.8,33.2
Rampur,2024-10-03,4.6,1.8,32.9
Rampur,2024-10-04,0.7,1.8,34.0
Rampur,2024-10-05,0.2,1.8,34.1
Rampur,2024-10-06,1.9,1.8,33.6
Rampur,2024-10-07,0.6,1.8,32.2
Rampur,2024-10-08,3.8,1.8,31.4
Rampur,2024-10-09,0.2,1.8,32.5
Rampur,2024-10-10,0.5,1.8,33.5
Rampur,2024-10-11,0.3,1.8,29.6
Rampur,2024-10-12,6.1,1.8,33.1
Rampur,2024-10-13,1.7,1.8,34.9
Rampur,2024-10-14,0.8,1.8,33.8
Rampur,2024-10-15,0.8,1.8,34.6
Rampur,2024-10-16,1.0,1.8,34.1
Rampur,2024-10-17,0.6,1.8,34.1
Rampur,2024-10-18,1.8,1.8,31.6
Rampur,2024-10-19,4.8,1.8,31.5
Rampur,2024-10-20,7.8,1.8,32.7
Rampur,2024-10-21,2.6,1.8,30.8
Rampur,2024-10-22,0.4,1.8,33.7
Rampur,2024-10-23,0.5,1.8,32.8
Rampur,2024-10-24,0.4,1.8,34.8
Rampur,2024-10-25,0.7,1.8,35.3
Rampur,2024-10-26,0.2,1.8,31.2
Rampur,2024-10-27,0.8,1.8,35.1
Rampur,2024-10-28,1.7,1.8,35.3
Rampur,2024-10-29,0.1,1.8,33.7
Rampur,2024-10-30,0.5,1.8,32.3
Rampur,2024-10-31,0.2,1.8,34.0
Rampur,2024-11-01,0.3,0.5,29.0
Rampur,2024-11-02,0.6,0.5,28.0
Rampur,2024-11-03,4.6,0.5,31.5
Rampur,2024-11-04,0.7,0.5,31.0
Rampur,2024-11-05,0.3,0.5,30.0
Rampur,2024-11-06,0.6,0.5,30.1
Rampur,2024-11-07,0.9,0.5,31.1
Rampur,2024-11-08,0.2,0.5,28.6
Rampur,2024-11-09,0.3,0.5,29.2
Rampur,2024-11-10,1.1,0.5,28.4
Rampur,2024-11-11,0.4,0.5,29.7
Rampur,2024-11-12,0.0,0.5,28.6
Rampur,2024-11-13,0.0,0.5,31.8
Rampur,2024-11-14,0.1,0.5,25.6
Rampur,2024-11-15,0.9,0.5,27.9
Rampur,2024-11-16,0.0,0.5,31.1
Rampur,2024-11-17,0.1,0.5,28.9
Rampur,2024-11-18,0.7,0.5,25.3
Rampur,2024-11-19,0.1,0.5,29.0
Rampur,2024-11-20,0.1,0.5,30.6
Rampur,2024-11-21,0.2,0.5,28.1
Rampur,2024-11-22,0.3,0.5,29.0
Rampur,2024-11-23,2.1,0.5,26.7
Rampur,2024-11-24,0.1,0.5,28.6
Rampur,2024-11-25,0.7,0.5,27.6
Rampur,2024-11-26,0.9,0.5,28.3
Rampur,2024-11-27,0.0,0.5,25.9
Rampur,2024-11-28,0.1,0.5,28.9
Rampur,2024-11-29,0.9,0.5,29.2
Rampur,2024-11-30,0.1,0.5,26.9
Rampur,2024-12-01,0.2,0.3,27.0
Rampur,2024-12-02,0.0,0.3,25.5
Rampur,2024-12-03,0.3,0.3,25.8
Rampur,2024-12-04,0.2,0.3,25.6
Rampur,2024-12-05,0.0,0.3,29.1
Rampur,2024-12-06,0.1,0.3,28.4
Rampur,2024-12-07,0.0,0.3,25.2
Rampur,2024-12-08,0.0,0.3,25.0
Rampur,2024-12-09,0.1,0.3,24.6
Rampur,2024-12-10,0.1,0.3,27.4
Rampur,2024-12-11,0.1,0.3,24.9
Rampur,2024-12-12,0.0,0.3,23.1
Rampur,2024-12-13,0.3,0.3,28.1
Rampur,2024-12-14,0.4,0.3,26.7
Rampur,2024-12-15,0.1,0.3,25.1
Rampur,2024-12-16,0.3,0.3,25.1
Rampur,2024-12-17,1.3,0.3,26.1
Rampur,2024-12-18,0.1,0.3,26.0
Rampur,2024-12-19,0.1,0.3,28.5
Rampur,2024-12-20,0.6,0.3,28.7
Rampur,2024-12-21,0.1,0.3,26.1
Rampur,2024-12-22,0.9,0.3,25.7
Rampur,2024-12-23,0.1,0.3,28.4
Rampur,2024-12-24,0.2,0.3,24.8
Rampur,2024-12-25,0.1,0.3,25.9
Rampur,2024-12-26,0.0,0.3,27.6
Rampur,2024-12-27,0.1,0.3,25.3
Rampur,2024-12-28,0.4,0.3,24.7
Rampur,2024-12-29,0.9,0.3,26.9
Rampur,2024-12-30,0.0,0.3,25.4
Rampur,2024-12-31,0.8,0.3,26.0
Rampur,2025-01-01,0.0,0.4,26.6
Rampur,2025-01-02,0.0,0.4,22.5
Rampur,2025-01-03,0.3,0.4,26.1
Rampur,2025-01-04,0.6,0.4,26.0
Rampur,2025-01-05,0.2,0.4,26.3
Rampur,2025-01-06,0.1,0.4,22.6
Rampur,2025-01-07,0.3,0.4,23.5
Rampur,2025-01-08,0.8,0.4,24.5
Rampur,2025-01-09,0.9,0.4,21.9
Rampur,2025-01-10,0.7,0.4,25.6
Rampur,2025-01-11,1.8,0.4,28.0
Rampur,2025-01-12,0.2,0.4,24.1
Rampur,2025-01-13,0.7,0.4,26.6
Rampur,2025-01-14,0.1,0.4,25.7
Rampur,2025-01-15,0.3,0.4,27.9
Rampur,2025-01-16,0.1,0.4,26.0
Rampur,2025-01-17,0.4,0.4,27.5
Rampur,2025-01-18,0.3,0.4,25.8
Rampur,2025-01-19,0.1,0.4,24.3
Rampur,2025-01-20,1.3,0.4,26.7
Rampur,2025-01-21,0.4,0.4,25.7
Rampur,2025-01-22,0.2,0.4,26.7
Rampur,2025-01-23,0.3,0.4,24.8
Rampur,2025-01-24,0.1,0.4,25.6
Rampur,2025-01-25,1.2,0.4,26.6
Rampur,2025-01-26,0.8,0.4,25.4
Rampur,2025-01-27,1.1,0.4,25.6
Rampur,2025-01-28,0.2,0.4,23.2
Rampur,2025-01-29,0.1,0.4,26.6
Rampur,2025-01-30,1.5,0.4,28.0
Rampur,2025-01-31,0.5,0.4,27.3
Rampur,2025-02-01,0.6,0.3,29.0
Rampur,2025-02-02,0.5,0.3,29.3
Rampur,2025-02-03,0.7,0.3,31.0
Rampur,2025-02-04,0.2,0.3,28.7
Rampur,2025-02-05,0.1,0.3,31.0
Rampur,2025-02-06,0.0,0.3,27.5
Rampur,2025-02-07,0.9,0.3,28.1
Rampur,2025-02-08,0.0,0.3,32.0
Rampur,2025-02-09,0.1,0.3,29.9
Rampur,2025-02-10,1.3,0.3,28.5
Rampur,2025-02-11,0.0,0.3,28.1
Rampur,2025-02-12,0.2,0.3,30.0
Rampur,2025-02-13,0.3,0.3,28.3
Rampur,2025-02-14,0.3,0.3,31.0
Rampur,2025-02-15,0.1,0.3,32.6
Rampur,2025-02-16,0.2,0.3,29.0
Rampur,2025-02-17,0.5,0.3,29.6
Rampur,2025-02-18,0.1,0.3,27.5
Rampur,2025-02-19,0.2,0.3,30.0
Rampur,2025-02-20,0.0,0.3,27.5
Rampur,2025-02-21,0.0,0.3,29.4
Rampur,2025-02-22,0.2,0.3,24.3
Rampur,2025-02-23,0.2,0.3,27.9
Rampur,2025-02-24,0.0,0.3,31.3
Rampur,2025-02-25,0.3,0.3,32.7
Rampur,2025-02-26,0.2,0.3,28.1
Rampur,2025-02-27,0.0,0.3,28.8
Rampur,2025-02-28,0.5,0.3,28.8
Rampur,2025-03-01,1.0,0.5,36.9
Rampur,2025-03-02,0.5,0.5,32.8
Rampur,2025-03-03,0.2,0.5,35.6
Rampur,2025-03-04,0.3,0.5,31.8
Rampur,2025-03-05,0.1,0.5,34.2
Rampur,2025-03-06,0.1,0.5,30.4
Rampur,2025-03-07,1.2,0.5,37.4
Rampur,2025-03-08,1.7,0.5,36.7
Rampur,2025-03-09,0.2,0.5,34.2
Rampur,2025-03-10,0.7,0.5,32.7
Rampur,2025-03-11,0.2,0.5,34.5
Rampur,2025-03-12,0.1,0.5,34.0
Rampur,2025-03-13,0.4,0.5,33.4
Rampur,2025-03-14,0.3,0.5,32.2
Rampur,2025-03-15,0.9,0.5,33.1
Rampur,2025-03-16,0.1,0.5,34.5
Rampur,2025-03-17,0.3,0.5,30.6
Rampur,2025-03-18,0.7,0.5,34.2
Rampur,2025-03-19,0.1,0.5,35.4
Rampur,2025-03-20,0.2,0.5,34.3
Rampur,2025-03-21,1.5,0.5,33.5
Rampur,2025-03-22,1.1,0.5,33.7
Rampur,2025-03-23,0.8,0.5,35.9
Rampur,2025-03-24,0.0,0.5,35.0
Rampur,2025-03-25,0.2,0.5,35.6
Rampur,2025-03-26,1.0,0.5,32.5
Rampur,2025-03-27,0.8,0.5,32.5
Rampur,2025-03-28,1.1,0.5,35.3
Rampur,2025-03-29,0.2,0.5,36.2
Rampur,2025-03-30,1.5,0.5,32.7
Rampur,2025-03-31,0.2,0.5,31.5
Rampur,2025-04-01,0.0,0.7,38.4
Rampur,2025-04-02,1.3,0.7,37.8
Rampur,2025-04-03,0.1,0.7,38.8
Rampur,2025-04-04,1.9,0.7,37.7
Rampur,2025-04-05,1.2,0.7,38.0
Rampur,2025-04-06,2.6,0.7,40.2
Rampur,2025-04-07,0.4,0.7,38.6
Rampur,2025-04-08,1.1,0.7,36.7
Rampur,2025-04-09,0.6,0.7,40.9
Rampur,2025-04-10,0.5,0.7,37.9
Rampur,2025-04-11,0.3,0.7,35.2
Rampur,2025-04-12,0.1,0.7,38.3
Rampur,2025-04-13,0.4,0.7,38.7
Rampur,2025-04-14,0.8,0.7,39.7
Rampur,2025-04-15,0.3,0.7,38.9
Rampur,2025-04-16,0.1,0.7,36.7
Rampur,2025-04-17,0.1,0.7,39.8
Rampur,2025-04-18,1.2,0.7,38.4
Rampur,2025-04-19,0.2,0.7,38.9
Rampur,2025-04-20,0.1,0.7,39.9
Rampur,2025-04-21,0.2,0.7,39.5
Rampur,2025-04-22,0.0,0.7,39.1
Rampur,2025-04-23,1.1,0.7,39.3
Rampur,2025-04-24,1.4,0.7,41.5
Rampur,2025-04-25,0.0,0.7,37.0
Rampur,2025-04-26,0.7,0.7,39.0
Rampur,2025-04-27,1.1,0.7,36.2
Rampur,2025-04-28,0.4,0.7,38.7
Rampur,2025-04-29,1.0,0.7,35.1
Rampur,2025-04-30,0.1,0.7,39.1
Rampur,2025-05-01,0.8,1.2,41.7
Rampur,2025-05-02,1.9,1.2,44.0
Rampur,2025-05-03,1.6,1.2,41.6
Rampur,2025-05-04,0.2,1.2,39.2
Rampur,2025-05-05,1.6,1.2,45.8
Rampur,2025-05-06,0.5,1.2,44.9
Rampur,2025-05-07,6.0,1.2,42.4
Rampur,2025-05-08,2.7,1.2,40.9
Rampur,2025-05-09,0.5,1.2,42.2
Rampur,2025-05-10,0.4,1.2,39.4
Rampur,2025-05-11,1.1,1.2,40.8
Rampur,2025-05-12,0.0,1.2,40.4
Rampur,2025-05-13,1.0,1.2,41.0
Rampur,2025-05-14,0.5,1.2,42.4
Rampur,2025-05-15,0.6,1.2,41.1
Rampur,2025-05-16,1.7,1.2,39.8
Rampur,2025-05-17,1.7,1.2,40.0
Rampur,2025-05-18,0.9,1.2,45.8
Rampur,2025-05-19,4.3,1.2,42.2
Rampur,2025-05-20,1.7,1.2,45.0
Rampur,2025-05-21,0.7,1.2,43.6
Rampur,2025-05-22,2.8,1.2,38.4
Rampur,2025-05-23,1.0,1.2,40.4
Rampur,2025-05-24,3.0,1.2,41.2
Rampur,2025-05-25,0.2,1.2,43.7
Rampur,2025-05-26,0.1,1.2,41.2
Rampur,2025-05-27,1.8,1.2,41.9
Rampur,2025-05-28,1.2,1.2,39.7
Rampur,2025-05-29,0.7,1.2,39.8
Rampur,2025-05-30,0.2,1.2,42.2
Rampur,2025-05-31,0.2,1.2,42.8
Rampur,2025-06-01,2.2,6.0,37.8
Rampur,2025-06-02,0.4,6.0,38.2
Rampur,2025-06-03,1.3,6.0,38.0
Rampur,2025-06-04,1.9,6.0,40.8
Rampur,2025-06-05,4.7,6.0,42.6
Rampur,2025-06-06,5.8,6.0,37.1
Rampur,2025-06-07,6.7,6.0,37.3
Rampur,2025-06-08,3.3,6.0,37.1
Rampur,2025-06-09,1.3,6.0,43.5
Rampur,2025-06-10,1.4,6.0,38.3
Rampur,2025-06-11,8.8,6.0,41.7
Rampur,2025-06-12,5.7,6.0,36.8
Rampur,2025-06-13,4.3,6.0,41.3
Rampur,2025-06-14,0.4,6.0,35.1
Rampur,2025-06-15,16.6,6.0,40.9
Rampur,2025-06-16,22.0,6.0,39.5
Rampur,2025-06-17,1.3,6.0,39.0
Rampur,2025-06-18,3.2,6.0,36.0
Rampur,2025-06-19,0.1,6.0,38.8
Rampur,2025-06-20,18.7,6.0,38.9
Rampur,2025-06-21,2.1,6.0,38.3
Rampur,2025-06-22,8.7,6.0,39.8
Rampur,2025-06-23,3.9,6.0,40.5
Rampur,2025-06-24,1.8,6.0,39.3
Rampur,2025-06-25,5.1,6.0,38.6
Rampur,2025-06-26,12.5,6.0,41.0
Rampur,2025-06-27,4.3,6.0,40.1
Rampur,2025-06-28,3.2,6.0,37.6
Rampur,2025-06-29,15.3,6.0,39.1
Rampur,2025-06-30,2.1,6.0,39.9
Rampur,2025-07-01,7.0,10.5,32.6
Rampur,2025-07-02,14.8,10.5,32.1
Rampur,2025-07-03,1.2,10.5,30.6
Rampur,2025-07-04,5.8,10.5,33.1
Rampur,2025-07-05,8.2,10.5,34.1
Rampur,2025-07-06,1.7,10.5,32.5
Rampur,2025-07-07,0.6,10.5,31.9
Rampur,2025-07-08,0.2,10.5,33.6
Rampur,2025-07-09,9.6,10.5,31.3
Rampur,2025-07-10,0.6,10.5,33.5
Rampur,2025-07-11,0.1,10.5,34.1
Rampur,2025-07-12,8.1,10.5,34.4
Rampur,2025-07-13,11.2,10.5,31.1
Rampur,2025-07-14,35.7,10.5,34.2
Rampur,2025-07-15,6.4,10.5,30.4
Rampur,2025-07-16,0.4,10.5,32.3
Rampur,2025-07-17,0.1,10.5,33.4
Rampur,2025-07-18,9.7,10.5,30.5
Rampur,2025-07-19,13.2,10.5,31.7
Rampur,2025-07-20,9.5,10.5,32.6
Rampur,2025-07-21,2.3,10.5,33.7
Rampur,2025-07-22,1.7,10.5,32.1
Rampur,2025-07-23,2.0,10.5,32.8
Rampur,2025-07-24,29.6,10.5,33.1
Rampur,2025-07-25,15.5,10.5,33.7
Rampur,2025-07-26,41.8,10.5,33.9
Rampur,2025-07-27,21.0,10.5,28.1
Rampur,2025-07-28,5.2,10.5,32.5
Rampur,2025-07-29,14.4,10.5,34.6
Rampur,2025-07-30,20.9,10.5,32.9
Rampur,2025-07-31,3.5,10.5,31.4
Rampur,2025-08-01,4.0,9.5,29.2
Rampur,2025-08-02,5.6,9.5,34.1
Rampur,2025-08-03,2.0,9.5,31.9
Rampur,2025-08-04,19.1,9.5,30.7
Rampur,2025-08-05,27.1,9.5,30.0
Rampur,2025-08-06,47.9,9.5,29.1
Rampur,2025-08-07,10.6,9.5,30.6
Rampur,2025-08-08,5.8,9.5,32.4
Rampur,2025-08-09,3.5,9.5,32.3
Rampur,2025-08-10,18.5,9.5,30.1
Rampur,2025-08-11,9.9,9.5,32.3
Rampur,2025-08-12,6.0,9.5,31.6
Rampur,2025-08-13,11.1,9.5,32.4
Rampur,2025-08-14,1.2,9.5,33.3
Rampur,2025-08-15,6.7,9.5,32.2
Rampur,2025-08-16,8.9,9.5,33.2
Rampur,2025-08-17,2.4,9.5,32.3
Rampur,2025-08-18,16.4,9.5,31.6
Rampur,2025-08-19,8.3,9.5,32.3
Rampur,2025-08-20,3.6,9.5,29.8
Rampur,2025-08-21,14.9,9.5,32.4
Rampur,2025-08-22,8.5,9.5,32.6
Rampur,2025-08-23,15.2,9.5,31.2
Rampur,2025-08-24,5.2,9.5,32.4
Rampur,2025-08-25,3.5,9.5,31.8
Rampur,2025-08-26,5.3,9.5,33.0
Rampur,2025-08-27,5.9,9.5,33.1
Rampur,2025-08-28,1.1,9.5,34.5
Rampur,2025-08-29,2.6,9.5,30.9
Rampur,2025-08-30,4.8,9.5,32.0
Rampur,2025-08-31,38.0,9.5,31.9
Rampur,2025-09-01,11.4,5.5,33.9
Rampur,2025-09-02,11.2,5.5,32.2
Rampur,2025-09-03,23.4,5.5,34.1
Rampur,2025-09-04,0.1,5.5,34.2
Rampur,2025-09-05,6.3,5.5,31.4
Rampur,2025-09-06,1.5,5.5,34.1
Rampur,2025-09-07,7.0,5.5,30.8
Rampur,2025-09-08,11.1,5.5,33.8
Rampur,2025-09-09,13.6,5.5,34.2
Rampur,2025-09-10,3.6,5.5,37.6
Rampur,2025-09-11,7.7,5.5,33.9
Rampur,2025-09-12,16.7,5.5,32.0
Rampur,2025-09-13,6.9,5.5,33.4
Rampur,2025-09-14,3.8,5.5,32.7
Rampur,2025-09-15,5.1,5.5,33.8
Rampur,2025-09-16,1.5,5.5,30.7
Rampur,2025-09-17,1.3,5.5,33.1
Rampur,2025-09-18,1.0,5.5,33.1
Rampur,2025-09-19,2.1,5.5,33.7
Rampur,2025-09-20,0.1,5.5,33.3
Rampur,2025-09-21,30.0,5.5,32.8
Rampur,2025-09-22,4.0,5.5,33.7
Rampur,2025-09-23,8.2,5.5,33.2
Rampur,2025-09-24,2.9,5.5,34.3
Rampur,2025-09-25,1.8,5.5,30.1
Rampur,2025-09-26,33.4,5.5,30.3
Rampur,2025-09-27,5.8,5.5,32.6
Rampur,2025-09-28,9.1,5.5,31.3
Rampur,2025-09-29,0.5,5.5,33.6
Rampur,2025-09-30,0.2,5.5,33.3
Rampur,2025-10-01,0.8,1.8,33.1
Rampur,2025-10-02,0.5,1.8,34.2
Rampur,2025-10-03,0.6,1.8,31.7
Rampur,2025-10-04,0.5,1.8,33.3
Rampur,2025-10-05,0.7,1.8,33.7
Rampur,2025-10-06,3.3,1.8,36.7
Rampur,2025-10-07,2.8,1.8,32.4
Rampur,2025-10-08,1.3,1.8,33.5
Rampur,2025-10-09,1.5,1.8,32.5
Rampur,2025-10-10,0.2,1.8,31.8
Rampur,2025-10-11,0.1,1.8,34.5
Rampur,2025-10-12,0.1,1.8,32.9
Rampur,2025-10-13,1.9,1.8,31.3
Rampur,2025-10-14,4.4,1.8,33.5
Rampur,2025-10-15,1.6,1.8,31.8
Rampur,2025-10-16,0.3,1.8,35.1
Rampur,2025-10-17,1.1,1.8,35.0
Rampur,2025-10-18,0.2,1.8,31.8
Rampur,2025-10-19,0.6,1.8,31.3
Rampur,2025-10-20,0.9,1.8,33.5
Rampur,2025-10-21,0.5,1.8,33.8
Rampur,2025-10-22,0.1,1.8,36.4
Rampur,2025-10-23,1.9,1.8,31.4
Rampur,2025-10-24,2.5,1.8,32.8
Rampur,2025-10-25,0.6,1.8,33.9
Rampur,2025-10-26,0.6,1.8,31.4
Rampur,2025-10-27,0.5,1.8,30.0
Rampur,2025-10-28,0.5,1.8,32.7
Rampur,2025-10-29,0.7,1.8,32.7
Rampur,2025-10-30,0.8,1.8,34.7
Rampur,2025-10-31,1.3,1.8,33.7
Rampur,2025-11-01,0.0,0.5,30.3
Rampur,2025-11-02,0.0,0.5,29.0
Rampur,2025-11-03,0.7,0.5,28.0
Rampur,2025-11-04,1.1,0.5,27.8
Rampur,2025-11-05,0.7,0.5,27.2
Rampur,2025-11-06,0.0,0.5,29.9
Rampur,2025-11-07,1.0,0.5,29.8
Rampur,2025-11-08,0.1,0.5,31.5
Rampur,2025-11-09,0.1,0.5,28.9
Rampur,2025-11-10,0.7,0.5,28.5
Rampur,2025-11-11,2.0,0.5,26.8
Rampur,2025-11-12,0.2,0.5,28.0
Rampur,2025-11-13,0.7,0.5,28.9
Rampur,2025-11-14,0.7,0.5,28.9
Rampur,2025-11-15,0.3,0.5,30.7
Rampur,2025-11-16,0.2,0.5,29.4
Rampur,2025-11-17,0.4,0.5,25.2
Rampur,2025-11-18,0.0,0.5,28.7
Rampur,2025-11-19,0.2,0.5,30.0
Rampur,2025-11-20,0.7,0.5,28.3
Rampur,2025-11-21,0.0,0.5,30.0
Rampur,2025-11-22,0.0,0.5,24.1
Rampur,2025-11-23,0.1,0.5,28.1
Rampur,2025-11-24,0.3,0.5,29.0
Rampur,2025-11-25,0.9,0.5,29.7
Rampur,2025-11-26,0.6,0.5,32.6
Rampur,2025-11-27,0.4,0.5,29.7
Rampur,2025-11-28,0.0,0.5,28.3
Rampur,2025-11-29,0.7,0.5,33.1
Rampur,2025-11-30,0.9,0.5,28.5
Rampur,2025-12-01,0.0,0.3,21.6
Rampur,2025-12-02,0.2,0.3,25.2
Rampur,2025-12-03,0.2,0.3,28.1
Rampur,2025-12-04,0.0,0.3,26.4
Rampur,2025-12-05,0.2,0.3,26.8
Rampur,2025-12-06,0.3,0.3,26.6
Rampur,2025-12-07,0.1,0.3,26.7
Rampur,2025-12-08,0.1,0.3,26.0
Rampur,2025-12-09,0.1,0.3,22.4
Rampur,2025-12-10,0.3,0.3,27.6
Rampur,2025-12-11,0.6,0.3,26.4
Rampur,2025-12-12,0.0,0.3,26.1
Rampur,2025-12-13,0.4,0.3,28.4
Rampur,2025-12-14,0.4,0.3,25.7
Rampur,2025-12-15,0.3,0.3,24.9
Rampur,2025-12-16,0.0,0.3,27.0
Rampur,2025-12-17,0.5,0.3,26.3
Rampur,2025-12-18,0.5,0.3,26.2
Rampur,2025-12-19,0.1,0.3,28.5
Rampur,2025-12-20,0.3,0.3,25.4
Rampur,2025-12-21,0.2,0.3,28.4
Rampur,2025-12-22,0.1,0.3,24.6
Rampur,2025-12-23,0.1,0.3,28.5
Rampur,2025-12-24,0.7,0.3,26.8
Rampur,2025-12-25,0.4,0.3,25.9
Rampur,2025-12-26,0.6,0.3,23.5
Rampur,2025-12-27,0.1,0.3,25.0
Rampur,2025-12-28,0.3,0.3,27.8
Rampur,2025-12-29,0.4,0.3,26.5
Rampur,2025-12-30,0.2,0.3,25.3
Rampur,2025-12-31,0.1,0.3,26.9
Rampur,2026-01-01,0.4,0.4,26.4
Rampur,2026-01-02,0.6,0.4,26.9
Rampur,2026-01-03,0.4,0.4,26.5
Rampur,2026-01-04,0.3,0.4,25.1
Rampur,2026-01-05,0.0,0.4,23.3
Rampur,2026-01-06,0.5,0.4,28.2
Rampur,2026-01-07,0.3,0.4,27.0
Rampur,2026-01-08,0.8,0.4,25.6
Rampur,2026-01-09,0.2,0.4,26.2
Rampur,2026-01-10,0.1,0.4,25.1
Rampur,2026-01-11,0.3,0.4,23.6
Rampur,2026-01-12,0.1,0.4,26.2
Rampur,2026-01-13,0.6,0.4,24.4
Rampur,2026-01-14,0.2,0.4,25.8
Rampur,2026-01-15,0.9,0.4,24.4
Rampur,2026-01-16,0.1,0.4,30.2
Rampur,2026-01-17,0.0,0.4,27.2
Rampur,2026-01-18,0.7,0.4,25.4
Rampur,2026-01-19,1.2,0.4,25.3
Rampur,2026-01-20,0.4,0.4,25.0
Rampur,2026-01-21,0.0,0.4,24.0
Rampur,2026-01-22,0.8,0.4,24.1
Rampur,2026-01-23,0.3,0.4,25.3
Rampur,2026-01-24,0.3,0.4,26.0
Rampur,2026-01-25,1.1,0.4,26.5
Rampur,2026-01-26,1.0,0.4,26.1
Rampur,2026-01-27,0.4,0.4,27.2
Rampur,2026-01-28,0.0,0.4,24.6
Rampur,2026-01-29,0.6,0.4,25.8
Rampur,2026-01-30,0.3,0.4,27.4
Rampur,2026-01-31,0.1,0.4,26.4
Rampur,2026-02-01,0.1,0.3,30.2
Rampur,2026-02-02,0.1,0.3,32.5
Rampur,2026-02-03,0.3,0.3,28.1
Rampur,2026-02-04,0.4,0.3,29.4
Rampur,2026-02-05,0.2,0.3,30.9
Rampur,2026-02-06,0.3,0.3,29.6
Rampur,2026-02-07,0.3,0.3,28.0
Rampur,2026-02-08,0.0,0.3,30.3
Rampur,2026-02-09,0.0,0.3,29.0
Rampur,2026-02-10,0.5,0.3,26.3
Rampur,2026-02-11,0.4,0.3,28.7
Rampur,2026-02-12,0.6,0.3,30.1
Rampur,2026-02-13,0.0,0.3,30.7
Rampur,2026-02-14,0.0,0.3,29.9
Rampur,2026-02-15,0.4,0.3,28.7
Rampur,2026-02-16,0.0,0.3,27.6
Rampur,2026-02-17,0.0,0.3,30.0
Rampur,2026-02-18,1.0,0.3,28.5
Rampur,2026-02-19,0.2,0.3,28.2
Rampur,2026-02-20,0.0,0.3,26.2
Rampur,2026-02-21,0.3,0.3,28.8
Rampur,2026-02-22,0.5,0.3,29.6
Rampur,2026-02-23,0.1,0.3,30.3
Rampur,2026-02-24,0.6,0.3,29.6
Rampur,2026-02-25,0.7,0.3,31.7
Rampur,2026-02-26,0.9,0.3,29.3
Rampur,2026-02-27,0.2,0.3,29.8
Rampur,2026-02-28,0.2,0.3,28.9
Rampur,2026-03-01,0.4,0.5,32.5
Rampur,2026-03-02,0.1,0.5,32.4
Rampur,2026-03-03,0.6,0.5,34.5
Rampur,2026-03-04,1.1,0.5,34.1
Rampur,2026-03-05,0.7,0.5,35.0
Rampur,2026-03-06,1.0,0.5,35.1
Rampur,2026-03-07,0.7,0.5,36.0
Rampur,2026-03-08,0.2,0.5,35.7
Rampur,2026-03-09,0.1,0.5,33.9
Rampur,2026-03-10,0.2,0.5,32.6
Rampur,2026-03-11,0.9,0.5,35.3
Rampur,2026-03-12,0.4,0.5,35.3
Rampur,2026-03-13,0.3,0.5,31.0
Rampur,2026-03-14,0.4,0.5,35.5
Rampur,2026-03-15,0.9,0.5,32.9
Rampur,2026-03-16,0.8,0.5,34.3
Rampur,2026-03-17,0.4,0.5,36.2
Rampur,2026-03-18,0.1,0.5,33.9
Rampur,2026-03-19,0.3,0.5,33.9
Rampur,2026-03-20,1.1,0.5,35.9
Rampur,2026-03-21,0.0,0.5,35.1
Rampur,2026-03-22,0.6,0.5,33.9
Rampur,2026-03-23,0.9,0.5,36.3
Rampur,2026-03-24,1.2,0.5,33.2
Rampur,2026-03-25,0.5,0.5,32.3
Rampur,2026-03-26,0.1,0.5,36.1
Rampur,2026-03-27,0.1,0.5,33.1
Rampur,2026-03-28,0.0,0.5,33.7
Rampur,2026-03-29,0.9,0.5,32.9
Rampur,2026-03-30,0.1,0.5,33.3
Rampur,2026-03-31,0.1,0.5,33.6
Rampur,2026-04-01,0.0,0.7,40.1
Rampur,2026-04-02,0.3,0.7,39.8
Rampur,2026-04-03,0.1,0.7,41.5
Rampur,2026-04-04,0.6,0.7,39.7
Rampur,2026-04-05,0.1,0.7,40.6
Rampur,2026-04-06,1.1,0.7,39.2
Rampur,2026-04-07,0.5,0.7,41.1
Rampur,2026-04-08,0.9,0.7,37.3
Rampur,2026-04-09,1.6,0.7,41.2
Rampur,2026-04-10,0.8,0.7,39.2
Rampur,2026-04-11,0.7,0.7,40.4
Rampur,2026-04-12,0.2,0.7,40.9
Rampur,2026-04-13,0.4,0.7,39.6
Rampur,2026-04-14,1.2,0.7,40.1
Rampur,2026-04-15,1.0,0.7,38.8
Rampur,2026-04-16,0.5,0.7,39.3
Rampur,2026-04-17,0.1,0.7,39.3
Rampur,2026-04-18,0.3,0.7,39.3
Rampur,2026-04-19,0.8,0.7,37.6
Rampur,2026-04-20,0.3,0.7,37.0
Rampur,2026-04-21,1.0,0.7,39.0
Rampur,2026-04-22,0.3,0.7,38.6
Rampur,2026-04-23,0.0,0.7,37.7
Rampur,2026-04-24,0.2,0.7,40.9
Rampur,2026-04-25,0.1,0.7,38.7
Rampur,2026-04-26,1.5,0.7,39.6
Rampur,2026-04-27,0.0,0.7,39.2
Rampur,2026-04-28,0.6,0.7,40.0
Rampur,2026-04-29,0.2,0.7,40.4
Rampur,2026-04-30,2.4,0.7,38.1
Rampur,2026-05-01,0.7,1.2,40.9
Rampur,2026-05-02,1.6,1.2,43.3
Rampur,2026-05-03,0.7,1.2,42.9
Rampur,2026-05-04,1.2,1.2,41.3
Rampur,2026-05-05,1.9,1.2,40.4
Rampur,2026-05-06,0.3,1.2,42.8
Rampur,2026-05-07,1.8,1.2,41.9
Rampur,2026-05-08,0.6,1.2,44.4
Rampur,2026-05-09,1.7,1.2,41.2
Rampur,2026-05-10,0.6,1.2,41.1
Rampur,2026-05-11,0.6,1.2,42.9
Rampur,2026-05-12,0.1,1.2,43.6
Rampur,2026-05-13,0.6,1.2,40.6
Rampur,2026-05-14,0.0,1.2,38.9
Rampur,2026-05-15,0.0,1.2,41.1
Rampur,2026-05-16,0.3,1.2,41.3
Rampur,2026-05-17,0.2,1.2,43.2
Rampur,2026-05-18,0.4,1.2,39.5
Rampur,2026-05-19,0.0,1.2,40.4
Rampur,2026-05-20,0.1,1.2,48.4
Rampur,2026-05-21,1.1,1.2,49.5
Rampur,2026-05-22,0.1,1.2,43.9
Rampur,2026-05-23,0.6,1.2,46.4
Rampur,2026-05-24,0.2,1.2,47.3
Rampur,2026-05-25,0.1,1.2,44.4
Rampur,2026-05-26,1.5,1.2,44.5
Rampur,2026-05-27,1.3,1.2,45.3
Rampur,2026-05-28,0.3,1.2,45.9
Rampur,2026-05-29,1.5,1.2,45.7
Rampur,2026-05-30,1.3,1.2,43.2
Rampur,2026-05-31,1.4,1.2,50.4
Rampur,2026-06-01,7.2,6.0,43.3
Rampur,2026-06-02,4.8,6.0,43.4
Rampur,2026-06-03,3.6,6.0,40.8
Rampur,2026-06-04,29.8,6.0,41.6
Rampur,2026-06-05,0.9,6.0,43.0
Rampur,2026-06-06,2.1,6.0,44.3
Rampur,2026-06-07,13.3,6.0,43.3
Rampur,2026-06-08,0.8,6.0,42.0
Rampur,2026-06-09,2.2,6.0,42.3
Rampur,2026-06-10,1.5,6.0,41.4
Rampur,2026-06-11,5.2,6.0,37.6
Rampur,2026-06-12,2.1,6.0,36.7
Rampur,2026-06-13,1.0,6.0,38.3
Rampur,2026-06-14,0.7,6.0,39.0
Rampur,2026-06-15,10.7,6.0,38.2
Rampur,2026-06-16,7.6,6.0,35.4
Rampur,2026-06-17,1.7,6.0,41.5
Rampur,2026-06-18,0.3,6.0,40.5
Rampur,2026-06-19,4.6,6.0,37.0
Rampur,2026-06-20,9.7,6.0,40.4
Rampur,2026-06-21,4.6,6.0,36.8
Rampur,2026-06-22,6.3,6.0,40.4
Rampur,2026-06-23,0.5,6.0,37.8
Rampur,2026-06-24,1.5,6.0,41.3
Rampur,2026-06-25,9.2,6.0,41.6
Rampur,2026-06-26,0.4,6.0,38.5
Rampur,2026-06-27,14.1,6.0,41.6
Rampur,2026-06-28,1.7,6.0,40.9
Rampur,2026-06-29,0.5,6.0,38.5
Rampur,2026-06-30,8.3,6.0,37.4
Rampur,2026-07-01,3.5,10.5,33.3
Rampur,2026-07-02,21.8,10.5,33.0
Rampur,2026-07-03,16.9,10.5,33.0
Rampur,2026-07-04,2.4,10.5,32.9
Rampur,2026-07-05,1.8,10.5,33.0
Rampur,2026-07-06,29.5,10.5,33.5
Rampur,2026-07-07,14.8,10.5,31.7
Rampur,2026-07-08,10.7,10.5,36.7
Rampur,2026-07-09,24.5,10.5,32.7
Rampur,2026-07-10,16.5,10.5,32.3
Rampur,2026-07-11,1.4,10.5,33.4
Rampur,2026-07-12,9.3,10.5,35.6
Rampur,2026-07-13,24.0,10.5,32.2
Rampur,2026-07-14,5.1,10.5,36.7
Rampur,2026-07-15,5.8,10.5,35.0
Sundarganj,2024-01-01,0.7,0.4,23.5
Sundarganj,2024-01-02,1.0,0.4,22.8
Sundarganj,2024-01-03,0.4,0.4,27.2
Sundarganj,2024-01-04,0.0,0.4,25.3
Sundarganj,2024-01-05,0.6,0.4,25.1
Sundarganj,2024-01-06,0.2,0.4,26.6
Sundarganj,2024-01-07,0.9,0.4,22.7
Sundarganj,2024-01-08,1.5,0.4,26.6
Sundarganj,2024-01-09,0.0,0.4,26.0
Sundarganj,2024-01-10,1.4,0.4,24.7
Sundarganj,2024-01-11,0.6,0.4,26.9
Sundarganj,2024-01-12,0.1,0.4,27.7
Sundarganj,2024-01-13,1.2,0.4,25.8
Sundarganj,2024-01-14,0.5,0.4,28.0
Sundarganj,2024-01-15,0.4,0.4,25.2
Sundarganj,2024-01-16,0.1,0.4,26.8
Sundarganj,2024-01-17,0.1,0.4,28.3
Sundarganj,2024-01-18,0.1,0.4,24.6
Sundarganj,2024-01-19,0.0,0.4,24.2
Sundarganj,2024-01-20,0.2,0.4,24.9
Sundarganj,2024-01-21,0.0,0.4,26.3
Sundarganj,2024-01-22,0.8,0.4,25.5
Sundarganj,2024-01-23,0.7,0.4,23.5
Sundarganj,2024-01-24,0.5,0.4,24.6
Sundarganj,2024-01-25,0.0,0.4,24.0
Sundarganj,2024-01-26,0.0,0.4,24.2
Sundarganj,2024-01-27,0.0,0.4,25.2
Sundarganj,2024-01-28,0.1,0.4,24.6
Sundarganj,2024-01-29,0.1,0.4,28.0
Sundarganj,2024-01-30,0.5,0.4,24.7
Sundarganj,2024-01-31,0.0,0.4,28.1
Sundarganj,2024-02-01,0.3,0.3,29.9
Sundarganj,2024-02-02,0.3,0.3,30.2
Sundarganj,2024-02-03,0.2,0.3,29.2
Sundarganj,2024-02-04,0.2,0.3,29.4
Sundarganj,2024-02-05,0.0,0.3,30.2
Sundarganj,2024-02-06,0.0,0.3,27.9
Sundarganj,2024-02-07,0.0,0.3,27.0
Sundarganj,2024-02-08,0.3,0.3,30.1
Sundarganj,2024-02-09,0.0,0.3,29.9
Sundarganj,2024-02-10,0.4,0.3,27.8
Sundarganj,2024-02-11,0.3,0.3,27.9
Sundarganj,2024-02-12,0.0,0.3,28.2
Sundarganj,2024-02-13,0.0,0.3,30.7
Sundarganj,2024-02-14,0.5,0.3,28.7
Sundarganj,2024-02-15,0.4,0.3,28.6
Sundarganj,2024-02-16,0.1,0.3,29.6
Sundarganj,2024-02-17,0.5,0.3,31.8
Sundarganj,2024-02-18,0.3,0.3,27.8
Sundarganj,2024-02-19,0.0,0.3,26.7
Sundarganj,2024-02-20,0.0,0.3,29.9
Sundarganj,2024-02-21,0.1,0.3,28.0
Sundarganj,2024-02-22,0.7,0.3,28.0
Sundarganj,2024-02-23,0.1,0.3,30.7
Sundarganj,2024-02-24,0.1,0.3,29.1
Sundarganj,2024-02-25,0.2,0.3,30.4
Sundarganj,2024-02-26,0.1,0.3,29.6
Sundarganj,2024-02-27,0.5,0.3,27.9
Sundarganj,2024-02-28,0.2,0.3,26.8
Sundarganj,2024-02-29,0.4,0.3,28.4
Sundarganj,2024-03-01,0.2,0.5,32.7
Sundarganj,2024-03-02,0.7,0.5,33.8
Sundarganj,2024-03-03,1.8,0.5,33.7
Sundarganj,2024-03-04,0.6,0.5,33.1
Sundarganj,2024-03-05,0.3,0.5,35.8
Sundarganj,2024-03-06,0.0,0.5,34.8
Sundarganj,2024-03-07,0.1,0.5,33.1
Sundarganj,2024-03-08,0.5,0.5,35.1
Sundarganj,2024-03-09,0.0,0.5,34.7
Sundarganj,2024-03-10,0.6,0.5,37.6
Sundarganj,2024-03-11,0.3,0.5,34.1
Sundarganj,2024-03-12,0.3,0.5,34.4
Sundarganj,2024-03-13,1.6,0.5,33.9
Sundarganj,2024-03-14,4.5,0.5,35.0
Sundarganj,2024-03-15,0.0,0.5,36.4
Sundarganj,2024-03-16,0.0,0.5,33.2
Sundarganj,2024-03-17,0.4,0.5,35.2
Sundarganj,2024-03-18,0.0,0.5,35.8
Sundarganj,2024-03-19,0.0,0.5,34.4
Sundarganj,2024-03-20,0.3,0.5,32.6
Sundarganj,2024-03-21,0.5,0.5,34.3
Sundarganj,2024-03-22,1.0,0.5,31.8
Sundarganj,2024-03-23,1.6,0.5,34.5
Sundarganj,2024-03-24,0.1,0.5,32.6
Sundarganj,2024-03-25,0.4,0.5,32.3
Sundarganj,2024-03-26,0.4,0.5,33.2
Sundarganj,2024-03-27,0.1,0.5,33.9
Sundarganj,2024-03-28,0.6,0.5,35.7
Sundarganj,2024-03-29,0.8,0.5,33.4
Sundarganj,2024-03-30,0.2,0.5,32.8
Sundarganj,2024-03-31,0.4,0.5,35.2
Sundarganj,2024-04-01,0.8,0.7,37.8
Sundarganj,2024-04-02,0.6,0.7,40.7
Sundarganj,2024-04-03,0.3,0.7,38.7
Sundarganj,2024-04-04,0.1,0.7,39.9
Sundarganj,2024-04-05,0.0,0.7,38.9
Sundarganj,2024-04-06,0.4,0.7,39.9
Sundarganj,2024-04-07,0.4,0.7,40.6
Sundarganj,2024-04-08,1.5,0.7,39.8
Sundarganj,2024-04-09,0.1,0.7,38.3
Sundarganj,2024-04-10,2.2,0.7,38.7
Sundarganj,2024-04-11,0.1,0.7,40.4
Sundarganj,2024-04-12,0.0,0.7,40.8
Sundarganj,2024-04-13,0.0,0.7,38.5
Sundarganj,2024-04-14,0.7,0.7,40.5
Sundarganj,2024-04-15,0.5,0.7,39.1
Sundarganj,2024-04-16,1.2,0.7,39.0
Sundarganj,2024-04-17,0.5,0.7,38.4
Sundarganj,2024-04-18,0.1,0.7,38.6
Sundarganj,2024-04-19,0.2,0.7,36.4
Sundarganj,2024-04-20,1.1,0.7,41.7
Sundarganj,2024-04-21,1.5,0.7,38.6
Sundarganj,2024-04-22,0.5,0.7,39.1
Sundarganj,2024-04-23,2.0,0.7,37.7
Sundarganj,2024-04-24,0.6,0.7,38.2
Sundarganj,2024-04-25,0.3,0.7,38.9
Sundarganj,2024-04-26,0.6,0.7,37.5
Sundarganj,2024-04-27,0.0,0.7,39.0
Sundarganj,2024-04-28,0.3,0.7,39.2
Sundarganj,2024-04-29,0.2,0.7,36.6
Sundarganj,2024-04-30,0.0,0.7,37.5
Sundarganj,2024-05-01,1.9,1.2,40.9
Sundarganj,2024-05-02,0.0,1.2,42.0
Sundarganj,2024-05-03,2.0,1.2,41.2
Sundarganj,2024-05-04,0.4,1.2,40.7
Sundarganj,2024-05-05,0.7,1.2,43.0
Sundarganj,2024-05-06,0.9,1.2,39.0
Sundarganj,2024-05-07,3.1,1.2,43.3
Sundarganj,2024-05-08,0.7,1.2,39.6
Sundarganj,2024-05-09,1.0,1.2,44.7
Sundarganj,2024-05-10,0.2,1.2,39.5
Sundarganj,2024-05-11,0.0,1.2,38.8
Sundarganj,2024-05-12,0.1,1.2,40.2
Sundarganj,2024-05-13,1.7,1.2,43.5
Sundarganj,2024-05-14,0.6,1.2,42.0
Sundarganj,2024-05-15,1.2,1.2,40.4
Sundarganj,2024-05-16,0.8,1.2,42.6
Sundarganj,2024-05-17,0.3,1.2,43.3
Sundarganj,2024-05-18,6.1,1.2,41.5
Sundarganj,2024-05-19,1.7,1.2,42.8
Sundarganj,2024-05-20,0.9,1.2,45.1
Sundarganj,2024-05-21,0.1,1.2,42.1
Sundarganj,2024-05-22,0.6,1.2,41.5
Sundarganj,2024-05-23,2.3,1.2,41.1
Sundarganj,2024-05-24,0.0,1.2,43.1
Sundarganj,2024-05-25,1.5,1.2,44.3
Sundarganj,2024-05-26,1.0,1.2,40.5
Sundarganj,2024-05-27,2.8,1.2,42.2
Sundarganj,2024-05-28,0.3,1.2,39.8
Sundarganj,2024-05-29,0.7,1.2,39.0
Sundarganj,2024-05-30,2.5,1.2,39.5
Sundarganj,2024-05-31,0.8,1.2,42.9
Sundarganj,2024-06-01,3.9,6.0,35.6
Sundarganj,2024-06-02,4.1,6.0,39.0
Sundarganj,2024-06-03,15.2,6.0,40.6
Sundarganj,2024-06-04,10.4,6.0,40.7
Sundarganj,2024-06-05,11.4,6.0,39.1
Sundarganj,2024-06-06,0.8,6.0,37.5
Sundarganj,2024-06-07,2.1,6.0,41.3
Sundarganj,2024-06-08,1.6,6.0,40.7
Sundarganj,2024-06-09,8.9,6.0,38.6
Sundarganj,2024-06-10,7.8,6.0,37.1
Sundarganj,2024-06-11,2.7,6.0,38.7
Sundarganj,2024-06-12,1.8,6.0,37.3
Sundarganj,2024-06-13,10.2,6.0,38.0
Sundarganj,2024-06-14,43.5,6.0,38.8
Sundarganj,2024-06-15,20.1,6.0,39.7
Sundarganj,2024-06-16,0.7,6.0,40.1
Sundarganj,2024-06-17,0.8,6.0,37.5
Sundarganj,2024-06-18,1.3,6.0,36.9
Sundarganj,2024-06-19,5.6,6.0,41.5
Sundarganj,2024-06-20,7.1,6.0,39.6
Sundarganj,2024-06-21,2.1,6.0,40.5
Sundarganj,2024-06-22,1.7,6.0,37.7
Sundarganj,2024-06-23,6.6,6.0,38.8
Sundarganj,2024-06-24,6.7,6.0,38.0
Sundarganj,2024-06-25,0.5,6.0,39.9
Sundarganj,2024-06-26,5.2,6.0,40.7
Sundarganj,2024-06-27,1.3,6.0,38.6
Sundarganj,2024-06-28,1.7,6.0,39.9
Sundarganj,2024-06-29,1.0,6.0,39.2
Sundarganj,2024-06-30,2.3,6.0,41.2
Sundarganj,2024-07-01,21.8,10.5,31.1
Sundarganj,2024-07-02,3.5,10.5,34.2
Sundarganj,2024-07-03,0.7,10.5,32.9
Sundarganj,2024-07-04,0.5,10.5,33.5
Sundarganj,2024-07-05,24.8,10.5,30.9
Sundarganj,2024-07-06,5.3,10.5,33.1
Sundarganj,2024-07-07,4.6,10.5,36.3
Sundarganj,2024-07-08,9.7,10.5,32.1
Sundarganj,2024-07-09,23.6,10.5,35.9
Sundarganj,2024-07-10,3.0,10.5,37.0
Sundarganj,2024-07-11,1.7,10.5,30.2
Sundarganj,2024-07-12,1.8,10.5,36.9
Sundarganj,2024-07-13,35.4,10.5,33.1
Sundarganj,2024-07-14,0.3,10.5,35.3
Sundarganj,2024-07-15,7.9,10.5,34.0
Sundarganj,2024-07-16,3.3,10.5,32.3
Sundarganj,2024-07-17,5.5,10.5,30.0
Sundarganj,2024-07-18,8.7,10.5,31.9
Sundarganj,2024-07-19,1.5,10.5,33.5
Sundarganj,2024-07-20,5.7,10.5,34.7
Sundarganj,2024-07-21,15.2,10.5,35.0
Sundarganj,2024-07-22,13.9,10.5,34.9
Sundarganj,2024-07-23,6.4,10.5,32.7
Sundarganj,2024-07-24,21.1,10.5,35.1
Sundarganj,2024-07-25,17.5,10.5,30.5
Sundarganj,2024-07-26,13.1,10.5,32.0
Sundarganj,2024-07-27,26.9,10.5,35.3
Sundarganj,2024-07-28,1.6,10.5,33.1
Sundarganj,2024-07-29,13.7,10.5,34.2
Sundarganj,2024-07-30,1.9,10.5,32.6
Sundarganj,2024-07-31,0.8,10.5,33.0
Sundarganj,2024-08-01,21.2,9.5,31.3
Sundarganj,2024-08-02,0.7,9.5,29.5
Sundarganj,2024-08-03,13.5,9.5,29.2
Sundarganj,2024-08-04,2.5,9.5,32.8
Sundarganj,2024-08-05,1.4,9.5,35.2
Sundarganj,2024-08-06,15.3,9.5,31.0
Sundarganj,2024-08-07,10.2,9.5,31.3
Sundarganj,2024-08-08,34.5,9.5,30.1
Sundarganj,2024-08-09,15.4,9.5,34.2
Sundarganj,2024-08-10,0.6,9.5,28.9
Sundarganj,2024-08-11,0.7,9.5,30.7
Sundarganj,2024-08-12,2.1,9.5,30.3
Sundarganj,2024-08-13,3.7,9.5,30.8
Sundarganj,2024-08-14,3.3,9.5,31.7
Sundarganj,2024-08-15,7.6,9.5,31.6
Sundarganj,2024-08-16,14.7,9.5,31.8
Sundarganj,2024-08-17,0.1,9.5,30.6
Sundarganj,2024-08-18,1.4,9.5,32.1
Sundarganj,2024-08-19,28.6,9.5,33.5
Sundarganj,2024-08-20,1.2,9.5,32.4
Sundarganj,2024-08-21,5.0,9.5,32.4
Sundarganj,2024-08-22,2.7,9.5,36.6
Sundarganj,2024-08-23,14.3,9.5,31.3
Sundarganj,2024-08-24,0.2,9.5,30.9
Sundarganj,2024-08-25,2.6,9.5,30.8
Sundarganj,2024-08-26,9.1,9.5,36.5
Sundarganj,2024-08-27,4.7,9.5,33.4
Sundarganj,2024-08-28,5.1,9.5,31.5
Sundarganj,2024-08-29,15.6,9.5,33.2
Sundarganj,2024-08-30,9.7,9.5,31.7
Sundarganj,2024-08-31,12.7,9.5,29.1
Sundarganj,2024-09-01,1.6,5.5,33.5
Sundarganj,2024-09-02,2.3,5.5,34.9
Sundarganj,2024-09-03,1.2,5.5,34.5
Sundarganj,2024-09-04,6.8,5.5,30.8
Sundarganj,2024-09-05,0.1,5.5,34.7
Sundarganj,2024-09-06,18.2,5.5,33.7
Sundarganj,2024-09-07,1.4,5.5,33.6
Sundarganj,2024-09-08,2.3,5.5,35.2
Sundarganj,2024-09-09,2.8,5.5,32.4
Sundarganj,2024-09-10,6.9,5.5,32.7
Sundarganj,2024-09-11,27.5,5.5,34.3
Sundarganj,2024-09-12,1.4,5.5,31.8
Sundarganj,2024-09-13,3.8,5.5,34.6
Sundarganj,2024-09-14,5.2,5.5,33.3
Sundarganj,2024-09-15,0.6,5.5,33.4
Sundarganj,2024-09-16,9.5,5.5,32.6
Sundarganj,2024-09-17,2.4,5.5,31.8
Sundarganj,2024-09-18,12.5,5.5,35.5
Sundarganj,2024-09-19,3.7,5.5,35.0
Sundarganj,2024-09-20,2.5,5.5,32.5
Sundarganj,2024-09-21,3.8,5.5,33.4
Sundarganj,2024-09-22,2.9,5.5,31.5
Sundarganj,2024-09-23,2.1,5.5,31.8
Sundarganj,2024-09-24,4.4,5.5,33.9
Sundarganj,2024-09-25,0.7,5.5,32.7
Sundarganj,2024-09-26,4.7,5.5,33.5
Sundarganj,2024-09-27,3.6,5.5,29.3
Sundarganj,2024-09-28,5.7,5.5,34.4
Sundarganj,2024-09-29,0.3,5.5,31.8
Sundarganj,2024-09-30,5.0,5.5,33.1
Sundarganj,2024-10-01,0.4,1.8,33.0
Sundarganj,2024-10-02,0.6,1.8,31.1
Sundarganj,2024-10-03,5.7,1.8,35.6
Sundarganj,2024-10-04,1.6,1.8,33.7
Sundarganj,2024-10-05,0.2,1.8,33.9
Sundarganj,2024-10-06,0.2,1.8,32.2
Sundarganj,2024-10-07,0.7,1.8,33.6
Sundarganj,2024-10-08,0.9,1.8,30.9
Sundarganj,2024-10-09,0.2,1.8,35.3
Sundarganj,2024-10-10,0.1,1.8,31.8
Sundarganj,2024-10-11,0.2,1.8,32.3
Sundarganj,2024-10-12,0.1,1.8,31.1
Sundarganj,2024-10-13,0.4,1.8,31.3
Sundarganj,2024-10-14,0.4,1.8,30.8
Sundarganj,2024-10-15,11.9,1.8,33.5
Sundarganj,2024-10-16,0.1,1.8,30.6
Sundarganj,2024-10-17,0.0,1.8,36.9
Sundarganj,2024-10-18,0.7,1.8,31.3
Sundarganj,2024-10-19,0.7,1.8,36.9
Sundarganj,2024-10-20,1.3,1.8,29.4
Sundarganj,2024-10-21,0.2,1.8,32.0
Sundarganj,2024-10-22,0.5,1.8,33.5
Sundarganj,2024-10-23,0.1,1.8,34.1
Sundarganj,2024-10-24,0.5,1.8,34.3
Sundarganj,2024-10-25,2.3,1.8,31.8
Sundarganj,2024-10-26,0.6,1.8,33.6
Sundarganj,2024-10-27,5.8,1.8,33.3
Sundarganj,2024-10-28,1.1,1.8,33.1
Sundarganj,2024-10-29,0.7,1.8,32.5
Sundarganj,2024-10-30,0.2,1.8,34.1
Sundarganj,2024-10-31,3.6,1.8,35.1
Sundarganj,2024-11-01,0.3,0.5,28.9
Sundarganj,2024-11-02,1.4,0.5,28.9
Sundarganj,2024-11-03,0.1,0.5,30.6
Sundarganj,2024-11-04,0.6,0.5,30.6
Sundarganj,2024-11-05,0.4,0.5,31.1
Sundarganj,2024-11-06,1.0,0.5,28.3
Sundarganj,2024-11-07,0.2,0.5,27.4
Sundarganj,2024-11-08,0.6,0.5,27.3
Sundarganj,2024-11-09,0.1,0.5,31.7
Sundarganj,2024-11-10,0.2,0.5,30.2
Sundarganj,2024-11-11,0.1,0.5,28.6
Sundarganj,2024-11-12,0.5,0.5,27.7
Sundarganj,2024-11-13,0.3,0.5,29.7
Sundarganj,2024-11-14,0.7,0.5,29.5
Sundarganj,2024-11-15,1.4,0.5,27.9
Sundarganj,2024-11-16,0.0,0.5,30.6
Sundarganj,2024-11-17,0.7,0.5,27.0
Sundarganj,2024-11-18,0.1,0.5,29.4
Sundarganj,2024-11-19,0.5,0.5,28.5
Sundarganj,2024-11-20,0.2,0.5,27.7
Sundarganj,2024-11-21,0.2,0.5,29.4
Sundarganj,2024-11-22,0.6,0.5,29.3
Sundarganj,2024-11-23,0.3,0.5,30.5
Sundarganj,2024-11-24,0.8,0.5,29.3
Sundarganj,2024-11-25,0.1,0.5,26.5
Sundarganj,2024-11-26,0.2,0.5,28.0
Sundarganj,2024-11-27,0.8,0.5,29.3
Sundarganj,2024-11-28,0.3,0.5,27.8
Sundarganj,2024-11-29,1.3,0.5,29.0
Sundarganj,2024-11-30,0.3,0.5,29.1
Sundarganj,2024-12-01,0.0,0.3,23.7
Sundarganj,2024-12-02,0.4,0.3,25.7
Sundarganj,2024-12-03,0.2,0.3,26.1
Sundarganj,2024-12-04,0.2,0.3,26.6
Sundarganj,2024-12-05,0.4,0.3,26.6
Sundarganj,2024-12-06,0.1,0.3,27.4
Sundarganj,2024-12-07,0.2,0.3,25.8
Sundarganj,2024-12-08,0.2,0.3,26.3
Sundarganj,2024-12-09,0.1,0.3,25.9
Sundarganj,2024-12-10,0.3,0.3,25.6
Sundarganj,2024-12-11,0.1,0.3,28.3
Sundarganj,2024-12-12,1.1,0.3,21.8
Sundarganj,2024-12-13,0.1,0.3,25.2
Sundarganj,2024-12-14,0.3,0.3,26.1
Sundarganj,2024-12-15,0.7,0.3,26.0
Sundarganj,2024-12-16,0.4,0.3,25.3
Sundarganj,2024-12-17,0.5,0.3,26.1
Sundarganj,2024-12-18,0.0,0.3,26.9
Sundarganj,2024-12-19,0.4,0.3,27.3
Sundarganj,2024-12-20,0.1,0.3,26.9
Sundarganj,2024-12-21,0.7,0.3,29.0
Sundarganj,2024-12-22,0.1,0.3,22.1
Sundarganj,2024-12-23,0.3,0.3,26.0
Sundarganj,2024-12-24,0.2,0.3,24.7
Sundarganj,2024-12-25,0.1,0.3,27.6
Sundarganj,2024-12-26,0.2,0.3,25.0
Sundarganj,2024-12-27,0.0,0.3,26.6
Sundarganj,2024-12-28,0.1,0.3,25.7
Sundarganj,2024-12-29,0.7,0.3,24.8
Sundarganj,2024-12-30,0.2,0.3,24.3
Sundarganj,2024-12-31,0.0,0.3,26.3
Sundarganj,2025-01-01,0.0,0.4,25.8
Sundarganj,2025-01-02,0.9,0.4,26.5
Sundarganj,2025-01-03,0.6,0.4,23.1
Sundarganj,2025-01-04,0.3,0.4,25.8
Sundarganj,2025-01-05,0.8,0.4,28.3
Sundarganj,2025-01-06,0.7,0.4,24.9
Sundarganj,2025-01-07,0.1,0.4,28.1
Sundarganj,2025-01-08,0.0,0.4,23.9
Sundarganj,2025-01-09,1.4,0.4,23.8
Sundarganj,2025-01-10,0.9,0.4,24.2
Sundarganj,2025-01-11,0.5,0.4,26.8
Sundarganj,2025-01-12,0.7,0.4,26.1
Sundarganj,2025-01-13,3.1,0.4,24.8
Sundarganj,2025-01-14,0.8,0.4,26.7
Sundarganj,2025-01-15,0.2,0.4,24.7
Sundarganj,2025-01-16,0.5,0.4,23.7
Sundarganj,2025-01-17,0.4,0.4,26.6
Sundarganj,2025-01-18,0.1,0.4,24.8
Sundarganj,2025-01-19,0.0,0.4,24.4
Sundarganj,2025-01-20,0.3,0.4,26.5
Sundarganj,2025-01-21,0.2,0.4,26.5
Sundarganj,2025-01-22,0.5,0.4,26.9
Sundarganj,2025-01-23,0.0,0.4,27.4
Sundarganj,2025-01-24,0.2,0.4,26.1
Sundarganj,2025-01-25,0.3,0.4,25.8
Sundarganj,2025-01-26,0.4,0.4,26.8
Sundarganj,2025-01-27,0.8,0.4,28.6
Sundarganj,2025-01-28,0.3,0.4,24.1
Sundarganj,2025-01-29,0.1,0.4,26.6
Sundarganj,2025-01-30,0.6,0.4,27.4
Sundarganj,2025-01-31,0.0,0.4,24.5
Sundarganj,2025-02-01,0.2,0.3,30.0
Sundarganj,2025-02-02,0.0,0.3,28.9
Sundarganj,2025-02-03,0.5,0.3,27.6
Sundarganj,2025-02-04,0.4,0.3,29.4
Sundarganj,2025-02-05,0.7,0.3,29.8
Sundarganj,2025-02-06,0.1,0.3,28.6
Sundarganj,2025-02-07,0.0,0.3,26.1
Sundarganj,2025-02-08,1.0,0.3,26.2
Sundarganj,2025-02-09,0.4,0.3,28.4
Sundarganj,2025-02-10,0.3,0.3,28.3
Sundarganj,2025-02-11,0.2,0.3,28.2
Sundarganj,2025-02-12,0.2,0.3,30.9
Sundarganj,2025-02-13,0.2,0.3,27.3
Sundarganj,2025-02-14,0.0,0.3,29.6
Sundarganj,2025-02-15,0.7,0.3,28.6
Sundarganj,2025-02-16,0.1,0.3,31.3
Sundarganj,2025-02-17,0.6,0.3,28.3
Sundarganj,2025-02-18,0.0,0.3,27.9
Sundarganj,2025-02-19,0.1,0.3,29.7
Sundarganj,2025-02-20,0.3,0.3,27.6
Sundarganj,2025-02-21,0.1,0.3,29.7
Sundarganj,2025-02-22,0.5,0.3,31.7
Sundarganj,2025-02-23,0.0,0.3,30.8
Sundarganj,2025-02-24,0.3,0.3,29.0
Sundarganj,2025-02-25,0.1,0.3,25.2
Sundarganj,2025-02-26,0.0,0.3,29.1
Sundarganj,2025-02-27,0.2,0.3,28.1
Sundarganj,2025-02-28,0.3,0.3,27.9
Sundarganj,2025-03-01,0.2,0.5,34.2
Sundarganj,2025-03-02,0.2,0.5,34.9
Sundarganj,2025-03-03,0.2,0.5,32.1
Sundarganj,2025-03-04,0.9,0.5,34.9
Sundarganj,2025-03-05,0.2,0.5,33.2
Sundarganj,2025-03-06,1.1,0.5,30.7
Sundarganj,2025-03-07,0.3,0.5,33.2
Sundarganj,2025-03-08,0.4,0.5,32.6
Sundarganj,2025-03-09,2.1,0.5,34.8
Sundarganj,2025-03-10,0.4,0.5,34.1
Sundarganj,2025-03-11,0.4,0.5,32.8
Sundarganj,2025-03-12,0.3,0.5,33.3
Sundarganj,2025-03-13,0.1,0.5,33.0
Sundarganj,2025-03-14,2.8,0.5,34.7
Sundarganj,2025-03-15,0.1,0.5,35.2
Sundarganj,2025-03-16,0.3,0.5,32.2
Sundarganj,2025-03-17,0.1,0.5,30.5
Sundarganj,2025-03-18,0.3,0.5,33.2
Sundarganj,2025-03-19,0.1,0.5,34.5
Sundarganj,2025-03-20,0.8,0.5,35.2
Sundarganj,2025-03-21,0.4,0.5,35.0
Sundarganj,2025-03-22,0.1,0.5,32.3
Sundarganj,2025-03-23,0.3,0.5,34.4
Sundarganj,2025-03-24,0.0,0.5,32.4
Sundarganj,2025-03-25,0.3,0.5,33.3
Sundarganj,2025-03-26,0.2,0.5,33.9
Sundarganj,2025-03-27,0.2,0.5,34.4
Sundarganj,2025-03-28,1.1,0.5,36.3
Sundarganj,2025-03-29,0.2,0.5,32.8
Sundarganj,2025-03-30,0.7,0.5,36.0
Sundarganj,2025-03-31,0.2,0.5,36.2
Sundarganj,2025-04-01,0.9,0.7,36.7
Sundarganj,2025-04-02,0.8,0.7,40.2
Sundarganj,2025-04-03,1.1,0.7,38.7
Sundarganj,2025-04-04,0.4,0.7,36.4
Sundarganj,2025-04-05,0.8,0.7,39.3
Sundarganj,2025-04-06,0.3,0.7,38.3
Sundarganj,2025-04-07,3.7,0.7,37.5
Sundarganj,2025-04-08,0.2,0.7,37.4
Sundarganj,2025-04-09,0.2,0.7,39.7
Sundarganj,2025-04-10,0.0,0.7,39.0
Sundarganj,2025-04-11,1.0,0.7,36.8
Sundarganj,2025-04-12,0.0,0.7,43.0
Sundarganj,2025-04-13,0.2,0.7,38.1
Sundarganj,2025-04-14,0.1,0.7,38.9
Sundarganj,2025-04-15,0.0,0.7,40.6
Sundarganj,2025-04-16,0.2,0.7,38.5
Sundarganj,2025-04-17,0.3,0.7,39.5
Sundarganj,2025-04-18,1.3,0.7,40.4
Sundarganj,2025-04-19,0.0,0.7,39.4
Sundarganj,2025-04-20,1.4,0.7,39.6
Sundarganj,2025-04-21,1.1,0.7,39.7
Sundarganj,2025-04-22,0.7,0.7,41.7
Sundarganj,2025-04-23,0.9,0.7,38.5
Sundarganj,2025-04-24,3.0,0.7,37.8
Sundarganj,2025-04-25,0.3,0.7,36.8
Sundarganj,2025-04-26,2.0,0.7,36.6
Sundarganj,2025-04-27,1.4,0.7,40.3
Sundarganj,2025-04-28,2.9,0.7,40.2
Sundarganj,2025-04-29,0.8,0.7,40.0
Sundarganj,2025-04-30,0.2,0.7,41.0
Sundarganj,2025-05-01,0.7,1.2,43.5
Sundarganj,2025-05-02,3.7,1.2,41.5
Sundarganj,2025-05-03,0.1,1.2,43.3
Sundarganj,2025-05-04,0.3,1.2,40.1
Sundarganj,2025-05-05,0.3,1.2,40.9
Sundarganj,2025-05-06,0.4,1.2,42.5
Sundarganj,2025-05-07,0.3,1.2,42.0
Sundarganj,2025-05-08,0.7,1.2,42.5
Sundarganj,2025-05-09,0.2,1.2,39.0
Sundarganj,2025-05-10,2.3,1.2,42.0
Sundarganj,2025-05-11,0.1,1.2,44.0
Sundarganj,2025-05-12,2.7,1.2,43.6
Sundarganj,2025-05-13,0.2,1.2,42.6
Sundarganj,2025-05-14,0.7,1.2,42.6
Sundarganj,2025-05-15,0.6,1.2,40.0
Sundarganj,2025-05-16,2.7,1.2,43.0
Sundarganj,2025-05-17,0.4,1.2,41.6
Sundarganj,2025-05-18,1.3,1.2,37.1
Sundarganj,2025-05-19,0.1,1.2,42.7
Sundarganj,2025-05-20,1.8,1.2,42.5
Sundarganj,2025-05-21,0.7,1.2,42.6
Sundarganj,2025-05-22,0.7,1.2,41.2
Sundarganj,2025-05-23,2.4,1.2,43.3
Sundarganj,2025-05-24,0.6,1.2,41.5
Sundarganj,2025-05-25,1.8,1.2,44.4
Sundarganj,2025-05-26,0.5,1.2,41.7
Sundarganj,2025-05-27,0.4,1.2,42.4
Sundarganj,2025-05-28,0.2,1.2,42.6
Sundarganj,2025-05-29,0.3,1.2,41.4
Sundarganj,2025-05-30,1.0,1.2,45.0
Sundarganj,2025-05-31,1.0,1.2,41.9
Sundarganj,2025-06-01,3.3,6.0,39.3
Sundarganj,2025-06-02,5.6,6.0,37.2
Sundarganj,2025-06-03,10.2,6.0,42.2
Sundarganj,2025-06-04,2.9,6.0,38.1
Sundarganj,2025-06-05,2.3,6.0,37.4
Sundarganj,2025-06-06,8.4,6.0,37.2
Sundarganj,2025-06-07,1.3,6.0,38.1
Sundarganj,2025-06-08,0.4,6.0,37.3
Sundarganj,2025-06-09,5.6,6.0,37.6
Sundarganj,2025-06-10,1.1,6.0,37.1
Sundarganj,2025-06-11,3.7,6.0,38.2
Sundarganj,2025-06-12,3.0,6.0,38.0
Sundarganj,2025-06-13,17.7,6.0,38.9
Sundarganj,2025-06-14,16.7,6.0,37.8
Sundarganj,2025-06-15,1.7,6.0,37.5
Sundarganj,2025-06-16,1.2,6.0,38.3
Sundarganj,2025-06-17,0.4,6.0,36.4
Sundarganj,2025-06-18,1.7,6.0,37.9
Sundarganj,2025-06-19,43.5,6.0,41.1
Sundarganj,2025-06-20,23.0,6.0,37.7
Sundarganj,2025-06-21,8.5,6.0,38.3
Sundarganj,2025-06-22,3.8,6.0,39.4
Sundarganj,2025-06-23,1.0,6.0,37.2
Sundarganj,2025-06-24,11.7,6.0,38.0
Sundarganj,2025-06-25,3.5,6.0,36.6
Sundarganj,2025-06-26,2.9,6.0,40.8
Sundarganj,2025-06-27,5.0,6.0,37.8
Sundarganj,2025-06-28,4.0,6.0,40.7
Sundarganj,2025-06-29,4.0,6.0,38.2
Sundarganj,2025-06-30,7.6,6.0,40.2
Sundarganj,2025-07-01,12.9,10.5,32.4
Sundarganj,2025-07-02,1.7,10.5,33.7
Sundarganj,2025-07-03,27.2,10.5,31.6
Sundarganj,2025-07-04,12.0,10.5,34.4
Sundarganj,2025-07-05,1.1,10.5,32.9
Sundarganj,2025-07-06,5.4,10.5,34.8
Sundarganj,2025-07-07,4.8,10.5,33.5
Sundarganj,2025-07-08,11.1,10.5,32.5
Sundarganj,2025-07-09,2.0,10.5,32.4
Sundarganj,2025-07-10,1.2,10.5,34.4
Sundarganj,2025-07-11,6.1,10.5,32.6
Sundarganj,2025-07-12,3.0,10.5,32.9
Sundarganj,2025-07-13,2.9,10.5,34.2
Sundarganj,2025-07-14,1.0,10.5,30.2
Sundarganj,2025-07-15,5.7,10.5,33.8
Sundarganj,2025-07-16,2.6,10.5,32.0
Sundarganj,2025-07-17,7.3,10.5,31.4
Sundarganj,2025-07-18,12.0,10.5,37.6
Sundarganj,2025-07-19,1.4,10.5,34.9
Sundarganj,2025-07-20,3.9,10.5,34.7
Sundarganj,2025-07-21,1.0,10.5,33.3
Sundarganj,2025-07-22,3.0,10.5,32.6
Sundarganj,2025-07-23,12.4,10.5,30.9
Sundarganj,2025-07-24,7.0,10.5,32.4
Sundarganj,2025-07-25,6.9,10.5,33.5
Sundarganj,2025-07-26,23.6,10.5,30.9
Sundarganj,2025-07-27,23.7,10.5,33.9
Sundarganj,2025-07-28,2.2,10.5,34.2
Sundarganj,2025-07-29,4.7,10.5,31.6
Sundarganj,2025-07-30,18.4,10.5,33.7
Sundarganj,2025-07-31,28.9,10.5,33.0
Sundarganj,2025-08-01,2.7,9.5,33.6
Sundarganj,2025-08-02,3.6,9.5,35.2
Sundarganj,2025-08-03,12.1,9.5,31.9
Sundarganj,2025-08-04,9.3,9.5,32.0
Sundarganj,2025-08-05,9.3,9.5,28.2
Sundarganj,2025-08-06,12.4,9.5,32.9
Sundarganj,2025-08-07,19.6,9.5,30.9
Sundarganj,2025-08-08,44.9,9.5,33.2
Sundarganj,2025-08-09,8.4,9.5,31.6
Sundarganj,2025-08-10,11.2,9.5,29.9
Sundarganj,2025-08-11,2.2,9.5,30.7
Sundarganj,2025-08-12,2.2,9.5,28.8
Sundarganj,2025-08-13,3.9,9.5,32.6
Sundarganj,2025-08-14,1.4,9.5,29.5
Sundarganj,2025-08-15,4.0,9.5,33.0
Sundarganj,2025-08-16,9.1,9.5,31.5
Sundarganj,2025-08-17,3.2,9.5,29.2
Sundarganj,2025-08-18,4.7,9.5,29.7
Sundarganj,2025-08-19,16.5,9.5,31.6
Sundarganj,2025-08-20,2.1,9.5,33.1
Sundarganj,2025-08-21,3.1,9.5,32.1
Sundarganj,2025-08-22,1.7,9.5,35.4
Sundarganj,2025-08-23,0.0,9.5,32.3
Sundarganj,2025-08-24,3.8,9.5,30.3
Sundarganj,2025-08-25,1.5,9.5,32.9
Sundarganj,2025-08-26,8.9,9.5,31.1
Sundarganj,2025-08-27,14.2,9.5,31.6
Sundarganj,2025-08-28,5.1,9.5,32.4
Sundarganj,2025-08-29,11.6,9.5,33.9
Sundarganj,2025-08-30,6.9,9.5,30.2
Sundarganj,2025-08-31,1.8,9.5,31.9
Sundarganj,2025-09-01,3.5,5.5,33.5
Sundarganj,2025-09-02,15.1,5.5,33.1
Sundarganj,2025-09-03,5.4,5.5,36.4
Sundarganj,2025-09-04,2.9,5.5,31.5
Sundarganj,2025-09-05,0.1,5.5,31.8
Sundarganj,2025-09-06,0.2,5.5,31.3
Sundarganj,2025-09-07,1.0,5.5,30.2
Sundarganj,2025-09-08,12.7,5.5,34.6
Sundarganj,2025-09-09,0.7,5.5,33.3
Sundarganj,2025-09-10,1.3,5.5,33.5
Sundarganj,2025-09-11,24.6,5.5,34.1
Sundarganj,2025-09-12,4.3,5.5,33.9
Sundarganj,2025-09-13,1.6,5.5,33.4
Sundarganj,2025-09-14,5.0,5.5,31.5
Sundarganj,2025-09-15,0.8,5.5,32.6
Sundarganj,2025-09-16,15.3,5.5,36.0
Sundarganj,2025-09-17,2.2,5.5,33.0
Sundarganj,2025-09-18,1.7,5.5,31.7
Sundarganj,2025-09-19,3.7,5.5,36.3
Sundarganj,2025-09-20,0.7,5.5,34.0
Sundarganj,2025-09-21,0.9,5.5,34.0
Sundarganj,2025-09-22,0.2,5.5,32.0
Sundarganj,2025-09-23,8.7,5.5,31.2
Sundarganj,2025-09-24,1.7,5.5,32.7
Sundarganj,2025-09-25,2.1,5.5,28.6
Sundarganj,2025-09-26,4.3,5.5,33.2
Sundarganj,2025-09-27,10.1,5.5,31.9
Sundarganj,2025-09-28,1.7,5.5,30.3
Sundarganj,2025-09-29,10.0,5.5,33.7
Sundarganj,2025-09-30,1.7,5.5,32.2
Sundarganj,2025-10-01,0.3,1.8,32.9
Sundarganj,2025-10-02,5.4,1.8,33.7
Sundarganj,2025-10-03,1.6,1.8,34.2
Sundarganj,2025-10-04,1.2,1.8,32.6
Sundarganj,2025-10-05,0.9,1.8,33.7
Sundarganj,2025-10-06,0.1,1.8,30.4
Sundarganj,2025-10-07,4.9,1.8,33.5
Sundarganj,2025-10-08,0.3,1.8,30.7
Sundarganj,2025-10-09,4.0,1.8,33.6
Sundarganj,2025-10-10,0.1,1.8,32.2
Sundarganj,2025-10-11,1.7,1.8,31.8
Sundarganj,2025-10-12,5.2,1.8,31.3
Sundarganj,2025-10-13,4.4,1.8,32.8
Sundarganj,2025-10-14,0.5,1.8,30.0
Sundarganj,2025-10-15,1.1,1.8,35.0
Sundarganj,2025-10-16,0.0,1.8,30.6
Sundarganj,2025-10-17,1.0,1.8,30.4
Sundarganj,2025-10-18,0.9,1.8,30.1
Sundarganj,2025-10-19,0.7,1.8,34.4
Sundarganj,2025-10-20,2.3,1.8,34.6
Sundarganj,2025-10-21,0.1,1.8,34.8
Sundarganj,2025-10-22,1.2,1.8,32.4
Sundarganj,2025-10-23,2.0,1.8,31.4
Sundarganj,2025-10-24,0.0,1.8,33.6
Sundarganj,2025-10-25,1.5,1.8,31.9
Sundarganj,2025-10-26,0.2,1.8,32.9
Sundarganj,2025-10-27,7.5,1.8,35.0
Sundarganj,2025-10-28,2.6,1.8,33.1
Sundarganj,2025-10-29,0.3,1.8,31.4
Sundarganj,2025-10-30,0.1,1.8,35.1
Sundarganj,2025-10-31,0.1,1.8,30.7
Sundarganj,2025-11-01,1.8,0.5,29.8
Sundarganj,2025-11-02,0.3,0.5,29.8
Sundarganj,2025-11-03,0.2,0.5,32.7
Sundarganj,2025-11-04,0.4,0.5,27.6
Sundarganj,2025-11-05,0.3,0.5,28.8
Sundarganj,2025-11-06,0.0,0.5,30.4
Sundarganj,2025-11-07,0.8,0.5,30.0
Sundarganj,2025-11-08,0.2,0.5,29.0
Sundarganj,2025-11-09,0.1,0.5,29.9
Sundarganj,2025-11-10,0.4,0.5,27.9
Sundarganj,2025-11-11,0.2,0.5,26.7
Sundarganj,2025-11-12,0.5,0.5,28.2
Sundarganj,2025-11-13,0.0,0.5,31.2
Sundarganj,2025-11-14,0.0,0.5,27.5
Sundarganj,2025-11-15,0.7,0.5,26.8
Sundarganj,2025-11-16,0.3,0.5,29.7
Sundarganj,2025-11-17,0.5,0.5,29.8
Sundarganj,2025-11-18,1.2,0.5,28.2
Sundarganj,2025-11-19,0.2,0.5,29.2
Sundarganj,2025-11-20,0.3,0.5,29.0
Sundarganj,2025-11-21,0.9,0.5,28.9
Sundarganj,2025-11-22,0.7,0.5,30.1
Sundarganj,2025-11-23,0.1,0.5,29.8
Sundarganj,2025-11-24,0.2,0.5,28.9
Sundarganj,2025-11-25,0.8,0.5,27.9
Sundarganj,2025-11-26,0.5,0.5,30.6
Sundarganj,2025-11-27,1.1,0.5,28.9
Sundarganj,2025-11-28,0.4,0.5,28.7
Sundarganj,2025-11-29,0.0,0.5,26.2
Sundarganj,2025-11-30,0.7,0.5,28.9
Sundarganj,2025-12-01,0.3,0.3,26.4
Sundarganj,2025-12-02,0.2,0.3,27.2
Sundarganj,2025-12-03,0.3,0.3,26.2
Sundarganj,2025-12-04,0.0,0.3,26.9
Sundarganj,2025-12-05,0.1,0.3,26.1
Sundarganj,2025-12-06,0.6,0.3,25.6
Sundarganj,2025-12-07,0.0,0.3,24.5
Sundarganj,2025-12-08,0.2,0.3,25.6
Sundarganj,2025-12-09,0.4,0.3,25.4
Sundarganj,2025-12-10,0.1,0.3,27.2
Sundarganj,2025-12-11,0.3,0.3,26.9
Sundarganj,2025-12-12,0.1,0.3,27.9
Sundarganj,2025-12-13,0.3,0.3,27.5
Sundarganj,2025-12-14,0.4,0.3,26.6
Sundarganj,2025-12-15,0.1,0.3,26.1
Sundarganj,2025-12-16,0.3,0.3,25.5
Sundarganj,2025-12-17,0.9,0.3,25.1
Sundarganj,2025-12-18,0.1,0.3,25.6
Sundarganj,2025-12-19,0.0,0.3,24.8
Sundarganj,2025-12-20,0.7,0.3,24.9
Sundarganj,2025-12-21,0.5,0.3,27.7
Sundarganj,2025-12-22,0.0,0.3,27.7
Sundarganj,2025-12-23,0.3,0.3,25.8
Sundarganj,2025-12-24,0.4,0.3,28.4
Sundarganj,2025-12-25,0.1,0.3,26.8
Sundarganj,2025-12-26,0.1,0.3,26.4
Sundarganj,2025-12-27,0.0,0.3,26.8
Sundarganj,2025-12-28,0.9,0.3,25.8
Sundarganj,2025-12-29,1.3,0.3,27.2
Sundarganj,2025-12-30,0.1,0.3,27.8
Sundarganj,2025-12-31,0.3,0.3,24.9
Sundarganj,2026-01-01,0.1,0.4,25.2
Sundarganj,2026-01-02,0.3,0.4,23.6
Sundarganj,2026-01-03,0.1,0.4,27.5
Sundarganj,2026-01-04,0.1,0.4,24.5
Sundarganj,2026-01-05,0.1,0.4,28.8
Sundarganj,2026-01-06,0.0,0.4,26.5
Sundarganj,2026-01-07,0.2,0.4,28.3
Sundarganj,2026-01-08,1.2,0.4,24.8
Sundarganj,2026-01-09,0.7,0.4,27.9
Sundarganj,2026-01-10,0.2,0.4,26.2
Sundarganj,2026-01-11,0.2,0.4,27.1
Sundarganj,2026-01-12,0.7,0.4,26.8
Sundarganj,2026-01-13,0.1,0.4,27.7
Sundarganj,2026-01-14,0.7,0.4,22.9
Sundarganj,2026-01-15,0.1,0.4,23.6
Sundarganj,2026-01-16,0.3,0.4,26.0
Sundarganj,2026-01-17,0.3,0.4,24.7
Sundarganj,2026-01-18,1.2,0.4,26.6
Sundarganj,2026-01-19,0.4,0.4,28.7
Sundarganj,2026-01-20,0.5,0.4,27.3
Sundarganj,2026-01-21,0.5,0.4,27.8
Sundarganj,2026-01-22,0.7,0.4,26.2
Sundarganj,2026-01-23,0.0,0.4,24.9
Sundarganj,2026-01-24,1.3,0.4,26.8
Sundarganj,2026-01-25,0.0,0.4,26.5
Sundarganj,2026-01-26,0.3,0.4,26.0
Sundarganj,2026-01-27,0.2,0.4,25.9
Sundarganj,2026-01-28,1.1,0.4,25.2
Sundarganj,2026-01-29,0.2,0.4,25.5
Sundarganj,2026-01-30,0.4,0.4,25.1
Sundarganj,2026-01-31,0.8,0.4,28.9
Sundarganj,2026-02-01,0.1,0.3,29.1
Sundarganj,2026-02-02,0.0,0.3,28.5
Sundarganj,2026-02-03,0.1,0.3,31.0
Sundarganj,2026-02-04,0.0,0.3,29.6
Sundarganj,2026-02-05,0.1,0.3,27.0
Sundarganj,2026-02-06,0.0,0.3,28.6
Sundarganj,2026-02-07,0.2,0.3,26.4
Sundarganj,2026-02-08,0.3,0.3,30.0
Sundarganj,2026-02-09,0.1,0.3,29.9
Sundarganj,2026-02-10,0.5,0.3,30.9
Sundarganj,2026-02-11,0.2,0.3,26.9
Sundarganj,2026-02-12,0.4,0.3,26.5
Sundarganj,2026-02-13,0.0,0.3,29.8
Sundarganj,2026-02-14,0.3,0.3,28.1
Sundarganj,2026-02-15,0.1,0.3,30.0
Sundarganj,2026-02-16,0.2,0.3,27.1
Sundarganj,2026-02-17,0.1,0.3,28.7
Sundarganj,2026-02-18,0.7,0.3,28.0
Sundarganj,2026-02-19,0.3,0.3,30.6
Sundarganj,2026-02-20,0.1,0.3,29.5
Sundarganj,2026-02-21,0.9,0.3,27.5
Sundarganj,2026-02-22,0.0,0.3,28.9
Sundarganj,2026-02-23,0.2,0.3,30.2
Sundarganj,2026-02-24,0.0,0.3,27.9
Sundarganj,2026-02-25,0.6,0.3,31.1
Sundarganj,2026-02-26,0.1,0.3,27.6
Sundarganj,2026-02-27,0.4,0.3,27.8
Sundarganj,2026-02-28,0.1,0.3,31.0
Sundarganj,2026-03-01,0.3,0.5,34.9
Sundarganj,2026-03-02,0.0,0.5,33.8
Sundarganj,2026-03-03,1.3,0.5,35.3
Sundarganj,2026-03-04,0.3,0.5,35.5
Sundarganj,2026-03-05,1.2,0.5,34.8
Sundarganj,2026-03-06,0.4,0.5,32.3
Sundarganj,2026-03-07,0.3,0.5,35.4
Sundarganj,2026-03-08,0.6,0.5,33.1
Sundarganj,2026-03-09,0.5,0.5,35.3
Sundarganj,2026-03-10,0.9,0.5,32.9
Sundarganj,2026-03-11,0.3,0.5,33.6
Sundarganj,2026-03-12,0.5,0.5,33.1
Sundarganj,2026-03-13,0.7,0.5,33.0
Sundarganj,2026-03-14,0.2,0.5,32.8
Sundarganj,2026-03-15,0.3,0.5,32.3
Sundarganj,2026-03-16,0.5,0.5,32.5
Sundarganj,2026-03-17,0.0,0.5,34.3
Sundarganj,2026-03-18,0.8,0.5,34.0
Sundarganj,2026-03-19,0.5,0.5,31.5
Sundarganj,2026-03-20,0.0,0.5,33.4
Sundarganj,2026-03-21,1.1,0.5,35.3
Sundarganj,2026-03-22,0.2,0.5,35.0
Sundarganj,2026-03-23,1.3,0.5,33.7
Sundarganj,2026-03-24,0.7,0.5,34.3
Sundarganj,2026-03-25,0.4,0.5,32.8
Sundarganj,2026-03-26,0.6,0.5,34.3
Sundarganj,2026-03-27,0.5,0.5,32.6
Sundarganj,2026-03-28,1.1,0.5,32.1
Sundarganj,2026-03-29,0.3,0.5,35.0
Sundarganj,2026-03-30,0.4,0.5,36.7
Sundarganj,2026-03-31,1.1,0.5,34.5
Sundarganj,2026-04-01,0.6,0.7,38.7
Sundarganj,2026-04-02,0.0,0.7,38.7
Sundarganj,2026-04-03,1.7,0.7,39.8
Sundarganj,2026-04-04,0.5,0.7,41.6
Sundarganj,2026-04-05,0.1,0.7,36.9
Sundarganj,2026-04-06,0.0,0.7,41.1
Sundarganj,2026-04-07,0.0,0.7,39.3
Sundarganj,2026-04-08,0.3,0.7,36.5
Sundarganj,2026-04-09,0.0,0.7,38.9
Sundarganj,2026-04-10,0.5,0.7,37.6
Sundarganj,2026-04-11,0.1,0.7,39.8
Sundarganj,2026-04-12,0.1,0.7,38.1
Sundarganj,2026-04-13,0.0,0.7,37.4
Sundarganj,2026-04-14,1.6,0.7,40.5
Sundarganj,2026-04-15,1.8,0.7,39.5
Sundarganj,2026-04-16,1.6,0.7,39.5
Sundarganj,2026-04-17,0.1,0.7,41.1
Sundarganj,2026-04-18,0.8,0.7,38.9
Sundarganj,2026-04-19,0.9,0.7,39.2
Sundarganj,2026-04-20,1.7,0.7,40.5
Sundarganj,2026-04-21,0.1,0.7,41.3
Sundarganj,2026-04-22,0.3,0.7,39.1
Sundarganj,2026-04-23,0.1,0.7,39.3
Sundarganj,2026-04-24,0.5,0.7,38.2
Sundarganj,2026-04-25,0.0,0.7,32.0
Sundarganj,2026-04-26,0.3,0.7,35.8
Sundarganj,2026-04-27,0.3,0.7,40.5
Sundarganj,2026-04-28,1.6,0.7,39.7
Sundarganj,2026-04-29,0.2,0.7,39.9
Sundarganj,2026-04-30,0.5,0.7,40.1
Sundarganj,2026-05-01,7.7,1.2,39.6
Sundarganj,2026-05-02,0.3,1.2,42.1
Sundarganj,2026-05-03,2.1,1.2,43.2
Sundarganj,2026-05-04,2.1,1.2,41.7
Sundarganj,2026-05-05,0.1,1.2,42.0
Sundarganj,2026-05-06,0.8,1.2,42.4
Sundarganj,2026-05-07,0.6,1.2,43.6
Sundarganj,2026-05-08,1.8,1.2,41.7
Sundarganj,2026-05-09,1.6,1.2,41.1
Sundarganj,2026-05-10,0.1,1.2,41.5
Sundarganj,2026-05-11,1.4,1.2,42.6
Sundarganj,2026-05-12,2.0,1.2,41.1
Sundarganj,2026-05-13,0.5,1.2,40.6
Sundarganj,2026-05-14,2.4,1.2,44.5
Sundarganj,2026-05-15,0.5,1.2,40.6
Sundarganj,2026-05-16,0.3,1.2,41.6
Sundarganj,2026-05-17,1.3,1.2,45.5
Sundarganj,2026-05-18,1.3,1.2,41.0
Sundarganj,2026-05-19,2.6,1.2,43.8
Sundarganj,2026-05-20,0.2,1.2,43.9
Sundarganj,2026-05-21,0.3,1.2,46.2
Sundarganj,2026-05-22,2.8,1.2,46.9
Sundarganj,2026-05-23,0.1,1.2,49.6
Sundarganj,2026-05-24,2.5,1.2,45.5
Sundarganj,2026-05-25,0.0,1.2,46.3
Sundarganj,2026-05-26,0.8,1.2,45.5
Sundarganj,2026-05-27,1.1,1.2,45.8
Sundarganj,2026-05-28,1.6,1.2,47.3
Sundarganj,2026-05-29,2.2,1.2,45.6
Sundarganj,2026-05-30,0.2,1.2,45.0
Sundarganj,2026-05-31,0.1,1.2,46.6
Sundarganj,2026-06-01,3.7,6.0,43.7
Sundarganj,2026-06-02,7.5,6.0,43.5
Sundarganj,2026-06-03,1.3,6.0,39.6
Sundarganj,2026-06-04,3.8,6.0,42.3
Sundarganj,2026-06-05,0.9,6.0,44.3
Sundarganj,2026-06-06,22.9,6.0,42.9
Sundarganj,2026-06-07,11.9,6.0,43.0
Sundarganj,2026-06-08,0.6,6.0,43.4
Sundarganj,2026-06-09,0.3,6.0,41.9
Sundarganj,2026-06-10,0.7,6.0,45.1
Sundarganj,2026-06-11,13.7,6.0,40.9
Sundarganj,2026-06-12,1.8,6.0,40.8
Sundarganj,2026-06-13,0.5,6.0,39.2
Sundarganj,2026-06-14,1.6,6.0,38.0
Sundarganj,2026-06-15,9.3,6.0,37.1
Sundarganj,2026-06-16,3.5,6.0,41.8
Sundarganj,2026-06-17,1.9,6.0,37.8
Sundarganj,2026-06-18,10.7,6.0,39.0
Sundarganj,2026-06-19,0.2,6.0,37.4
Sundarganj,2026-06-20,2.0,6.0,38.6
Sundarganj,2026-06-21,4.6,6.0,39.7
Sundarganj,2026-06-22,6.3,6.0,40.1
Sundarganj,2026-06-23,5.3,6.0,38.4
Sundarganj,2026-06-24,0.2,6.0,38.1
Sundarganj,2026-06-25,6.6,6.0,39.7
Sundarganj,2026-06-26,2.3,6.0,40.2
Sundarganj,2026-06-27,0.2,6.0,38.6
Sundarganj,2026-06-28,4.6,6.0,38.4
Sundarganj,2026-06-29,0.8,6.0,39.8
Sundarganj,2026-06-30,7.1,6.0,38.4
Sundarganj,2026-07-01,3.1,10.5,33.3
Sundarganj,2026-07-02,4.7,10.5,32.7
Sundarganj,2026-07-03,66.8,10.5,31.8
Sundarganj,2026-07-04,15.1,10.5,32.1
Sundarganj,2026-07-05,11.4,10.5,33.8
Sundarganj,2026-07-06,19.3,10.5,34.5
Sundarganj,2026-07-07,4.4,10.5,32.9
Sundarganj,2026-07-08,34.9,10.5,34.0
Sundarganj,2026-07-09,12.2,10.5,32.6
Sundarganj,2026-07-10,8.6,10.5,34.8
Sundarganj,2026-07-11,18.5,10.5,34.9
Sundarganj,2026-07-12,6.0,10.5,32.3
Sundarganj,2026-07-13,1.5,10.5,30.4
Sundarganj,2026-07-14,11.1,10.5,33.7
Sundarganj,2026-07-15,21.6,10.5,36.9
Betulpur,2024-01-01,0.0,0.4,24.0
Betulpur,2024-01-02,0.0,0.4,25.0
Betulpur,2024-01-03,0.6,0.4,27.8
Betulpur,2024-01-04,1.0,0.4,25.9
Betulpur,2024-01-05,0.8,0.4,26.6
Betulpur,2024-01-06,0.0,0.4,25.6
Betulpur,2024-01-07,0.2,0.4,29.2
Betulpur,2024-01-08,2.4,0.4,25.7
Betulpur,2024-01-09,0.1,0.4,26.7
Betulpur,2024-01-10,0.6,0.4,26.2
Betulpur,2024-01-11,0.0,0.4,26.1
Betulpur,2024-01-12,0.2,0.4,28.2
Betulpur,2024-01-13,0.1,0.4,26.9
Betulpur,2024-01-14,0.0,0.4,26.5
Betulpur,2024-01-15,0.9,0.4,26.7
Betulpur,2024-01-16,0.1,0.4,28.7
Betulpur,2024-01-17,0.9,0.4,24.0
Betulpur,2024-01-18,0.1,0.4,27.4
Betulpur,2024-01-19,0.1,0.4,25.6
Betulpur,2024-01-20,0.4,0.4,24.1
Betulpur,2024-01-21,0.8,0.4,26.4
Betulpur,2024-01-22,0.3,0.4,23.6
Betulpur,2024-01-23,0.7,0.4,28.0
Betulpur,2024-01-24,0.2,0.4,24.6
Betulpur,2024-01-25,0.0,0.4,22.4
Betulpur,2024-01-26,1.6,0.4,25.0
Betulpur,2024-01-27,0.3,0.4,26.2
Betulpur,2024-01-28,0.3,0.4,23.7
Betulpur,2024-01-29,0.8,0.4,23.8
Betulpur,2024-01-30,1.8,0.4,29.1
Betulpur,2024-01-31,0.4,0.4,25.9
Betulpur,2024-02-01,0.1,0.3,29.7
Betulpur,2024-02-02,0.4,0.3,28.9
Betulpur,2024-02-03,0.0,0.3,28.1
Betulpur,2024-02-04,0.1,0.3,31.4
Betulpur,2024-02-05,0.2,0.3,29.9
Betulpur,2024-02-06,0.3,0.3,29.3
Betulpur,2024-02-07,0.1,0.3,30.5
Betulpur,2024-02-08,0.1,0.3,27.5
Betulpur,2024-02-09,0.0,0.3,26.8
Betulpur,2024-02-10,0.3,0.3,30.4
Betulpur,2024-02-11,0.8,0.3,29.9
Betulpur,2024-02-12,0.4,0.3,28.7
Betulpur,2024-02-13,0.2,0.3,30.1
Betulpur,2024-02-14,0.9,0.3,30.6
Betulpur,2024-02-15,0.1,0.3,28.7
Betulpur,2024-02-16,0.3,0.3,28.8
Betulpur,2024-02-17,0.4,0.3,29.8
Betulpur,2024-02-18,0.1,0.3,30.4
Betulpur,2024-02-19,1.6,0.3,31.6
Betulpur,2024-02-20,0.1,0.3,28.5
Betulpur,2024-02-21,0.2,0.3,29.9
Betulpur,2024-02-22,0.1,0.3,32.4
Betulpur,2024-02-23,0.1,0.3,26.8
Betulpur,2024-02-24,0.6,0.3,30.4
Betulpur,2024-02-25,0.2,0.3,28.7
Betulpur,2024-02-26,0.5,0.3,27.1
Betulpur,2024-02-27,1.6,0.3,30.0
Betulpur,2024-02-28,0.0,0.3,28.6
Betulpur,2024-02-29,0.1,0.3,31.6
Betulpur,2024-03-01,0.1,0.5,35.2
Betulpur,2024-03-02,0.1,0.5,32.3
Betulpur,2024-03-03,0.1,0.5,34.5
Betulpur,2024-03-04,0.3,0.5,37.3
Betulpur,2024-03-05,0.2,0.5,31.7
Betulpur,2024-03-06,1.3,0.5,34.6
Betulpur,2024-03-07,0.1,0.5,31.8
Betulpur,2024-03-08,0.3,0.5,36.9
Betulpur,2024-03-09,0.4,0.5,31.9
Betulpur,2024-03-10,0.0,0.5,34.7
Betulpur,2024-03-11,0.0,0.5,32.7
Betulpur,2024-03-12,0.5,0.5,33.5
Betulpur,2024-03-13,0.1,0.5,36.8
Betulpur,2024-03-14,1.3,0.5,33.6
Betulpur,2024-03-15,0.0,0.5,32.8
Betulpur,2024-03-16,1.2,0.5,34.2
Betulpur,2024-03-17,0.6,0.5,36.3
Betulpur,2024-03-18,0.0,0.5,33.2
Betulpur,2024-03-19,0.0,0.5,35.6
Betulpur,2024-03-20,0.4,0.5,33.5
Betulpur,2024-03-21,0.7,0.5,34.8
Betulpur,2024-03-22,0.7,0.5,33.7
Betulpur,2024-03-23,0.1,0.5,35.4
Betulpur,2024-03-24,1.0,0.5,34.0
Betulpur,2024-03-25,1.9,0.5,33.8
Betulpur,2024-03-26,0.6,0.5,34.6
Betulpur,2024-03-27,0.8,0.5,33.2
Betulpur,2024-03-28,0.1,0.5,36.1
Betulpur,2024-03-29,0.3,0.5,33.0
Betulpur,2024-03-30,0.6,0.5,33.7
Betulpur,2024-03-31,1.0,0.5,31.3
Betulpur,2024-04-01,0.1,0.7,40.6
Betulpur,2024-04-02,0.1,0.7,39.1
Betulpur,2024-04-03,0.5,0.7,39.9
Betulpur,2024-04-04,0.6,0.7,38.9
Betulpur,2024-04-05,1.5,0.7,36.0
Betulpur,2024-04-06,0.1,0.7,41.7
Betulpur,2024-04-07,0.3,0.7,39.5
Betulpur,2024-04-08,2.5,0.7,34.8
Betulpur,2024-04-09,1.0,0.7,40.4
Betulpur,2024-04-10,0.3,0.7,40.6
Betulpur,2024-04-11,1.5,0.7,39.1
Betulpur,2024-04-12,0.4,0.7,38.7
Betulpur,2024-04-13,2.4,0.7,38.6
Betulpur,2024-04-14,1.9,0.7,40.4
Betulpur,2024-04-15,0.2,0.7,37.4
Betulpur,2024-04-16,2.2,0.7,41.4
Betulpur,2024-04-17,0.3,0.7,38.7
Betulpur,2024-04-18,0.1,0.7,41.3
Betulpur,2024-04-19,0.4,0.7,38.0
Betulpur,2024-04-20,0.9,0.7,38.0
Betulpur,2024-04-21,2.9,0.7,39.3
Betulpur,2024-04-22,0.1,0.7,39.0
Betulpur,2024-04-23,0.2,0.7,37.9
Betulpur,2024-04-24,1.5,0.7,39.0
Betulpur,2024-04-25,0.1,0.7,38.5
Betulpur,2024-04-26,0.1,0.7,37.9
Betulpur,2024-04-27,0.1,0.7,40.4
Betulpur,2024-04-28,0.1,0.7,38.7
Betulpur,2024-04-29,1.1,0.7,36.9
Betulpur,2024-04-30,1.2,0.7,40.8
Betulpur,2024-05-01,0.0,1.2,44.0
Betulpur,2024-05-02,1.6,1.2,40.6
Betulpur,2024-05-03,1.2,1.2,42.4
Betulpur,2024-05-04,1.7,1.2,43.6
Betulpur,2024-05-05,0.9,1.2,43.5
Betulpur,2024-05-06,0.2,1.2,40.2
Betulpur,2024-05-07,0.5,1.2,42.8
Betulpur,2024-05-08,1.9,1.2,42.1
Betulpur,2024-05-09,0.1,1.2,43.8
Betulpur,2024-05-10,0.1,1.2,42.6
Betulpur,2024-05-11,0.1,1.2,47.0
Betulpur,2024-05-12,0.5,1.2,43.2
Betulpur,2024-05-13,2.4,1.2,38.6
Betulpur,2024-05-14,3.1,1.2,43.0
Betulpur,2024-05-15,0.3,1.2,40.0
Betulpur,2024-05-16,0.7,1.2,42.1
Betulpur,2024-05-17,0.4,1.2,44.4
Betulpur,2024-05-18,0.3,1.2,40.2
Betulpur,2024-05-19,0.7,1.2,42.2
Betulpur,2024-05-20,1.5,1.2,44.5
Betulpur,2024-05-21,1.5,1.2,40.3
Betulpur,2024-05-22,2.5,1.2,39.4
Betulpur,2024-05-23,4.1,1.2,41.4
Betulpur,2024-05-24,1.1,1.2,42.1
Betulpur,2024-05-25,0.6,1.2,45.1
Betulpur,2024-05-26,1.7,1.2,40.5
Betulpur,2024-05-27,1.6,1.2,41.6
Betulpur,2024-05-28,0.3,1.2,42.4
Betulpur,2024-05-29,1.3,1.2,42.4
Betulpur,2024-05-30,0.7,1.2,39.4
Betulpur,2024-05-31,1.0,1.2,39.8
Betulpur,2024-06-01,5.0,6.0,38.6
Betulpur,2024-06-02,0.2,6.0,37.7
Betulpur,2024-06-03,5.2,6.0,39.6
Betulpur,2024-06-04,0.8,6.0,39.0
Betulpur,2024-06-05,0.8,6.0,42.3
Betulpur,2024-06-06,6.3,6.0,38.7
Betulpur,2024-06-07,23.5,6.0,40.8
Betulpur,2024-06-08,1.3,6.0,42.0
Betulpur,2024-06-09,0.1,6.0,38.2
Betulpur,2024-06-10,1.7,6.0,41.6
Betulpur,2024-06-11,0.9,6.0,38.3
Betulpur,2024-06-12,4.0,6.0,39.2
Betulpur,2024-06-13,1.5,6.0,39.5
Betulpur,2024-06-14,1.6,6.0,37.6
Betulpur,2024-06-15,4.7,6.0,39.8
Betulpur,2024-06-16,12.7,6.0,36.6
Betulpur,2024-06-17,0.4,6.0,38.9
Betulpur,2024-06-18,12.2,6.0,39.0
Betulpur,2024-06-19,1.4,6.0,40.9
Betulpur,2024-06-20,0.6,6.0,40.2
Betulpur,2024-06-21,7.0,6.0,39.0
Betulpur,2024-06-22,5.6,6.0,40.3
Betulpur,2024-06-23,4.4,6.0,37.2
Betulpur,2024-06-24,3.2,6.0,40.4
Betulpur,2024-06-25,8.7,6.0,38.5
Betulpur,2024-06-26,10.8,6.0,41.2
Betulpur,2024-06-27,1.0,6.0,38.8
Betulpur,2024-06-28,0.0,6.0,34.7
Betulpur,2024-06-29,4.1,6.0,41.4
Betulpur,2024-06-30,3.2,6.0,41.0
Betulpur,2024-07-01,2.9,10.5,33.3
Betulpur,2024-07-02,0.1,10.5,33.5
Betulpur,2024-07-03,1.5,10.5,34.7
Betulpur,2024-07-04,22.4,10.5,34.0
Betulpur,2024-07-05,0.1,10.5,32.9
Betulpur,2024-07-06,7.1,10.5,35.6
Betulpur,2024-07-07,1.2,10.5,35.3
Betulpur,2024-07-08,2.6,10.5,32.5
Betulpur,2024-07-09,27.3,10.5,34.4
Betulpur,2024-07-10,2.0,10.5,32.6
Betulpur,2024-07-11,0.5,10.5,31.0
Betulpur,2024-07-12,17.1,10.5,37.1
Betulpur,2024-07-13,12.8,10.5,33.4
Betulpur,2024-07-14,0.2,10.5,30.2
Betulpur,2024-07-15,3.9,10.5,29.6
Betulpur,2024-07-16,28.3,10.5,32.5
Betulpur,2024-07-17,55.1,10.5,32.1
Betulpur,2024-07-18,7.4,10.5,31.8
Betulpur,2024-07-19,37.3,10.5,32.3
Betulpur,2024-07-20,3.8,10.5,33.2
Betulpur,2024-07-21,21.0,10.5,34.4
Betulpur,2024-07-22,17.9,10.5,35.0
Betulpur,2024-07-23,20.6,10.5,34.2
Betulpur,2024-07-24,7.1,10.5,32.1
Betulpur,2024-07-25,1.3,10.5,33.6
Betulpur,2024-07-26,0.3,10.5,33.7
Betulpur,2024-07-27,24.6,10.5,30.7
Betulpur,2024-07-28,2.3,10.5,33.7
Betulpur,2024-07-29,24.4,10.5,34.2
Betulpur,2024-07-30,5.9,10.5,33.3
Betulpur,2024-07-31,18.7,10.5,33.6
Betulpur,2024-08-01,3.6,9.5,31.5
Betulpur,2024-08-02,7.4,9.5,34.5
Betulpur,2024-08-03,5.5,9.5,31.6
Betulpur,2024-08-04,6.9,9.5,33.0
Betulpur,2024-08-05,1.3,9.5,31.3
Betulpur,2024-08-06,9.3,9.5,34.7
Betulpur,2024-08-07,13.0,9.5,32.0
Betulpur,2024-08-08,5.3,9.5,31.8
Betulpur,2024-08-09,4.8,9.5,33.0
Betulpur,2024-08-10,4.3,9.5,31.7
Betulpur,2024-08-11,13.5,9.5,32.7
Betulpur,2024-08-12,7.1,9.5,32.9
Betulpur,2024-08-13,0.8,9.5,31.4
Betulpur,2024-08-14,8.4,9.5,34.0
Betulpur,2024-08-15,8.5,9.5,31.3
Betulpur,2024-08-16,0.1,9.5,29.2
Betulpur,2024-08-17,8.8,9.5,28.9
Betulpur,2024-08-18,11.2,9.5,32.7
Betulpur,2024-08-19,14.7,9.5,33.4
Betulpur,2024-08-20,0.6,9.5,32.1
Betulpur,2024-08-21,4.7,9.5,33.3
Betulpur,2024-08-22,8.3,9.5,31.2
Betulpur,2024-08-23,3.2,9.5,30.4
Betulpur,2024-08-24,5.8,9.5,31.5
Betulpur,2024-08-25,3.7,9.5,33.2
Betulpur,2024-08-26,40.8,9.5,31.9
Betulpur,2024-08-27,4.4,9.5,28.0
Betulpur,2024-08-28,12.3,9.5,32.1
Betulpur,2024-08-29,8.9,9.5,32.1
Betulpur,2024-08-30,6.3,9.5,31.1
Betulpur,2024-08-31,13.8,9.5,34.3
Betulpur,2024-09-01,6.9,5.5,32.8
Betulpur,2024-09-02,4.3,5.5,32.1
Betulpur,2024-09-03,4.3,5.5,32.4
Betulpur,2024-09-04,6.0,5.5,33.1
Betulpur,2024-09-05,12.7,5.5,33.3
Betulpur,2024-09-06,18.3,5.5,33.9
Betulpur,2024-09-07,0.8,5.5,31.3
Betulpur,2024-09-08,0.5,5.5,31.7
Betulpur,2024-09-09,5.4,5.5,30.3
Betulpur,2024-09-10,21.5,5.5,31.7
Betulpur,2024-09-11,3.5,5.5,35.2
Betulpur,2024-09-12,4.3,5.5,34.7
Betulpur,2024-09-13,5.2,5.5,36.9
Betulpur,2024-09-14,5.2,5.5,31.8
Betulpur,2024-09-15,2.6,5.5,34.3
Betulpur,2024-09-16,5.5,5.5,32.7
Betulpur,2024-09-17,6.7,5.5,32.0
Betulpur,2024-09-18,0.4,5.5,32.4
Betulpur,2024-09-19,1.1,5.5,33.9
Betulpur,2024-09-20,2.3,5.5,32.4
Betulpur,2024-09-21,0.7,5.5,34.3
Betulpur,2024-09-22,2.0,5.5,35.9
Betulpur,2024-09-23,1.2,5.5,31.0
Betulpur,2024-09-24,1.9,5.5,31.3
Betulpur,2024-09-25,3.8,5.5,32.5
Betulpur,2024-09-26,4.4,5.5,35.8
Betulpur,2024-09-27,2.9,5.5,31.4
Betulpur,2024-09-28,3.6,5.5,32.5
Betulpur,2024-09-29,6.2,5.5,34.9
Betulpur,2024-09-30,5.8,5.5,31.7
Betulpur,2024-10-01,5.5,1.8,32.3
Betulpur,2024-10-02,0.5,1.8,32.9
Betulpur,2024-10-03,1.7,1.8,32.1
Betulpur,2024-10-04,0.4,1.8,29.3
Betulpur,2024-10-05,1.6,1.8,34.5
Betulpur,2024-10-06,1.3,1.8,30.8
Betulpur,2024-10-07,1.1,1.8,35.9
Betulpur,2024-10-08,3.1,1.8,30.8
Betulpur,2024-10-09,1.6,1.8,35.4
Betulpur,2024-10-10,2.5,1.8,33.8
Betulpur,2024-10-11,1.9,1.8,34.1
Betulpur,2024-10-12,2.6,1.8,34.1
Betulpur,2024-10-13,1.2,1.8,34.0
Betulpur,2024-10-14,0.5,1.8,32.3
Betulpur,2024-10-15,7.5,1.8,35.5
Betulpur,2024-10-16,1.5,1.8,32.5
Betulpur,2024-10-17,2.2,1.8,32.0
Betulpur,2024-10-18,0.1,1.8,35.8
Betulpur,2024-10-19,1.2,1.8,36.3
Betulpur,2024-10-20,0.8,1.8,31.1
Betulpur,2024-10-21,2.3,1.8,32.8
Betulpur,2024-10-22,1.6,1.8,34.8
Betulpur,2024-10-23,1.8,1.8,35.5
Betulpur,2024-10-24,0.5,1.8,30.2
Betulpur,2024-10-25,4.7,1.8,32.0
Betulpur,2024-10-26,1.5,1.8,33.6
Betulpur,2024-10-27,1.4,1.8,32.2
Betulpur,2024-10-28,1.6,1.8,33.6
Betulpur,2024-10-29,0.7,1.8,32.2
Betulpur,2024-10-30,1.4,1.8,34.0
Betulpur,2024-10-31,0.3,1.8,34.7
Betulpur,2024-11-01,2.0,0.5,29.6
Betulpur,2024-11-02,0.2,0.5,27.3
Betulpur,2024-11-03,0.0,0.5,29.2
Betulpur,2024-11-04,1.3,0.5,27.4
Betulpur,2024-11-05,1.0,0.5,29.4
Betulpur,2024-11-06,1.1,0.5,24.9
Betulpur,2024-11-07,1.2,0.5,28.6
Betulpur,2024-11-08,1.2,0.5,27.2
Betulpur,2024-11-09,0.4,0.5,31.2
Betulpur,2024-11-10,0.0,0.5,27.7
Betulpur,2024-11-11,1.9,0.5,28.5
Betulpur,2024-11-12,0.0,0.5,24.7
Betulpur,2024-11-13,2.2,0.5,31.0
Betulpur,2024-11-14,0.0,0.5,32.0
Betulpur,2024-11-15,0.1,0.5,28.3
Betulpur,2024-11-16,0.0,0.5,31.6
Betulpur,2024-11-17,0.1,0.5,29.0
Betulpur,2024-11-18,0.0,0.5,29.1
Betulpur,2024-11-19,1.4,0.5,28.1
Betulpur,2024-11-20,0.0,0.5,26.7
Betulpur,2024-11-21,1.8,0.5,30.9
Betulpur,2024-11-22,0.3,0.5,27.1
Betulpur,2024-11-23,0.1,0.5,28.2
Betulpur,2024-11-24,0.1,0.5,26.3
Betulpur,2024-11-25,0.1,0.5,28.4
Betulpur,2024-11-26,0.1,0.5,28.9
Betulpur,2024-11-27,0.9,0.5,28.4
Betulpur,2024-11-28,0.3,0.5,28.9
Betulpur,2024-11-29,0.1,0.5,28.4
Betulpur,2024-11-30,0.8,0.5,26.7
Betulpur,2024-12-01,1.0,0.3,24.7
Betulpur,2024-12-02,0.5,0.3,26.1
Betulpur,2024-12-03,0.4,0.3,27.0
Betulpur,2024-12-04,0.1,0.3,29.4
Betulpur,2024-12-05,0.2,0.3,25.6
Betulpur,2024-12-06,0.3,0.3,23.9
Betulpur,2024-12-07,0.1,0.3,25.7
Betulpur,2024-12-08,0.1,0.3,24.4
Betulpur,2024-12-09,0.0,0.3,24.8
Betulpur,2024-12-10,0.3,0.3,27.3
Betulpur,2024-12-11,0.0,0.3,28.3
Betulpur,2024-12-12,0.3,0.3,25.1
Betulpur,2024-12-13,0.7,0.3,24.7
Betulpur,2024-12-14,0.1,0.3,26.6
Betulpur,2024-12-15,0.0,0.3,29.1
Betulpur,2024-12-16,0.1,0.3,29.0
Betulpur,2024-12-17,0.1,0.3,25.7
Betulpur,2024-12-18,0.0,0.3,27.0
Betulpur,2024-12-19,0.3,0.3,22.2
Betulpur,2024-12-20,0.4,0.3,26.7
Betulpur,2024-12-21,0.4,0.3,28.3
Betulpur,2024-12-22,0.6,0.3,27.7
Betulpur,2024-12-23,0.4,0.3,24.1
Betulpur,2024-12-24,0.2,0.3,23.0
Betulpur,2024-12-25,0.3,0.3,29.2
Betulpur,2024-12-26,0.6,0.3,25.1
Betulpur,2024-12-27,0.0,0.3,24.3
Betulpur,2024-12-28,0.2,0.3,27.2
Betulpur,2024-12-29,0.1,0.3,25.2
Betulpur,2024-12-30,0.2,0.3,26.1
Betulpur,2024-12-31,0.2,0.3,25.5
Betulpur,2025-01-01,0.0,0.4,24.6
Betulpur,2025-01-02,0.1,0.4,24.8
Betulpur,2025-01-03,0.5,0.4,23.5
Betulpur,2025-01-04,0.2,0.4,23.7
Betulpur,2025-01-05,0.1,0.4,25.4
Betulpur,2025-01-06,0.1,0.4,28.4
Betulpur,2025-01-07,0.7,0.4,26.2
Betulpur,2025-01-08,0.9,0.4,25.0
Betulpur,2025-01-09,0.2,0.4,26.1
Betulpur,2025-01-10,1.8,0.4,26.3
Betulpur,2025-01-11,0.3,0.4,25.7
Betulpur,2025-01-12,0.4,0.4,25.4
Betulpur,2025-01-13,0.4,0.4,26.9
Betulpur,2025-01-14,0.0,0.4,23.9
Betulpur,2025-01-15,0.1,0.4,22.6
Betulpur,2025-01-16,0.1,0.4,26.2
Betulpur,2025-01-17,0.4,0.4,26.4
Betulpur,2025-01-18,0.1,0.4,28.8
Betulpur,2025-01-19,0.1,0.4,27.4
Betulpur,2025-01-20,0.2,0.4,25.1
Betulpur,2025-01-21,0.2,0.4,27.7
Betulpur,2025-01-22,0.8,0.4,25.6
Betulpur,2025-01-23,0.5,0.4,22.5
Betulpur,2025-01-24,0.9,0.4,26.4
Betulpur,2025-01-25,0.4,0.4,26.1
Betulpur,2025-01-26,0.8,0.4,26.9
Betulpur,2025-01-27,0.0,0.4,26.5
Betulpur,2025-01-28,0.5,0.4,25.8
Betulpur,2025-01-29,0.7,0.4,25.9
Betulpur,2025-01-30,0.3,0.4,27.3
Betulpur,2025-01-31,0.4,0.4,23.3
Betulpur,2025-02-01,0.6,0.3,29.5
Betulpur,2025-02-02,0.1,0.3,28.9
Betulpur,2025-02-03,0.1,0.3,31.0
Betulpur,2025-02-04,0.4,0.3,30.7
Betulpur,2025-02-05,0.0,0.3,29.7
Betulpur,2025-02-06,0.8,0.3,29.9
Betulpur,2025-02-07,0.2,0.3,30.9
Betulpur,2025-02-08,0.1,0.3,28.8
Betulpur,2025-02-09,0.3,0.3,28.4
Betulpur,2025-02-10,0.0,0.3,29.3
Betulpur,2025-02-11,0.2,0.3,28.9
Betulpur,2025-02-12,0.2,0.3,27.7
Betulpur,2025-02-13,0.0,0.3,29.0
Betulpur,2025-02-14,0.1,0.3,28.3
Betulpur,2025-02-15,0.1,0.3,27.8
Betulpur,2025-02-16,0.0,0.3,29.7
Betulpur,2025-02-17,0.2,0.3,27.5
Betulpur,2025-02-18,0.0,0.3,28.3
Betulpur,2025-02-19,0.4,0.3,30.6
Betulpur,2025-02-20,0.2,0.3,30.0
Betulpur,2025-02-21,0.1,0.3,31.9
Betulpur,2025-02-22,0.3,0.3,29.4
Betulpur,2025-02-23,0.3,0.3,28.9
Betulpur,2025-02-24,0.8,0.3,29.5
Betulpur,2025-02-25,0.2,0.3,28.9
Betulpur,2025-02-26,0.0,0.3,31.5
Betulpur,2025-02-27,0.2,0.3,28.8
Betulpur,2025-02-28,0.4,0.3,28.7
Betulpur,2025-03-01,0.5,0.5,34.4
Betulpur,2025-03-02,1.2,0.5,33.0
Betulpur,2025-03-03,0.0,0.5,33.1
Betulpur,2025-03-04,1.3,0.5,35.6
Betulpur,2025-03-05,1.0,0.5,36.0
Betulpur,2025-03-06,0.4,0.5,32.4
Betulpur,2025-03-07,1.8,0.5,35.2
Betulpur,2025-03-08,0.2,0.5,33.2
Betulpur,2025-03-09,0.8,0.5,34.1
Betulpur,2025-03-10,0.0,0.5,34.3
Betulpur,2025-03-11,0.0,0.5,31.6
Betulpur,2025-03-12,1.0,0.5,33.9
Betulpur,2025-03-13,0.2,0.5,33.9
Betulpur,2025-03-14,0.2,0.5,32.7
Betulpur,2025-03-15,0.0,0.5,34.9
Betulpur,2025-03-16,0.4,0.5,33.5
Betulpur,2025-03-17,0.7,0.5,32.9
Betulpur,2025-03-18,0.5,0.5,36.7
Betulpur,2025-03-19,1.1,0.5,33.5
Betulpur,2025-03-20,0.0,0.5,34.7
Betulpur,2025-03-21,0.3,0.5,34.7
Betulpur,2025-03-22,0.4,0.5,32.4
Betulpur,2025-03-23,0.5,0.5,33.8
Betulpur,2025-03-24,0.0,0.5,36.7
Betulpur,2025-03-25,0.2,0.5,32.3
Betulpur,2025-03-26,1.1,0.5,35.8
Betulpur,2025-03-27,0.5,0.5,35.0
Betulpur,2025-03-28,0.1,0.5,34.9
Betulpur,2025-03-29,0.5,0.5,34.7
Betulpur,2025-03-30,0.7,0.5,37.5
Betulpur,2025-03-31,0.5,0.5,35.8
Betulpur,2025-04-01,0.0,0.7,41.0
Betulpur,2025-04-02,0.0,0.7,39.9
Betulpur,2025-04-03,1.1,0.7,38.0
Betulpur,2025-04-04,1.2,0.7,37.6
Betulpur,2025-04-05,0.3,0.7,37.6
Betulpur,2025-04-06,0.2,0.7,38.6
Betulpur,2025-04-07,0.5,0.7,38.0
Betulpur,2025-04-08,1.1,0.7,38.1
Betulpur,2025-04-09,0.2,0.7,38.3
Betulpur,2025-04-10,0.0,0.7,37.8
Betulpur,2025-04-11,1.7,0.7,41.6
Betulpur,2025-04-12,0.5,0.7,38.2
Betulpur,2025-04-13,0.5,0.7,38.7
Betulpur,2025-04-14,0.4,0.7,34.9
Betulpur,2025-04-15,2.6,0.7,40.3
Betulpur,2025-04-16,0.6,0.7,40.1
Betulpur,2025-04-17,0.0,0.7,40.8
Betulpur,2025-04-18,0.5,0.7,38.4
Betulpur,2025-04-19,0.0,0.7,37.4
Betulpur,2025-04-20,0.1,0.7,37.0
Betulpur,2025-04-21,1.1,0.7,39.1
Betulpur,2025-04-22,0.1,0.7,41.1
Betulpur,2025-04-23,0.3,0.7,40.0
Betulpur,2025-04-24,2.5,0.7,35.6
Betulpur,2025-04-25,0.1,0.7,37.3
Betulpur,2025-04-26,0.3,0.7,36.9
Betulpur,2025-04-27,0.5,0.7,38.3
Betulpur,2025-04-28,0.0,0.7,38.9
Betulpur,2025-04-29,1.6,0.7,39.7
Betulpur,2025-04-30,0.2,0.7,40.1
Betulpur,2025-05-01,0.4,1.2,40.6
Betulpur,2025-05-02,2.9,1.2,40.3
Betulpur,2025-05-03,0.1,1.2,41.6
Betulpur,2025-05-04,2.8,1.2,42.1
Betulpur,2025-05-05,3.1,1.2,41.7
Betulpur,2025-05-06,4.0,1.2,39.8
Betulpur,2025-05-07,0.0,1.2,41.8
Betulpur,2025-05-08,0.5,1.2,38.1
Betulpur,2025-05-09,0.2,1.2,40.8
Betulpur,2025-05-10,0.5,1.2,44.5
Betulpur,2025-05-11,1.1,1.2,46.5
Betulpur,2025-05-12,3.1,1.2,41.1
Betulpur,2025-05-13,1.1,1.2,43.3
Betulpur,2025-05-14,1.5,1.2,43.5
Betulpur,2025-05-15,9.1,1.2,41.6
Betulpur,2025-05-16,1.0,1.2,40.0
Betulpur,2025-05-17,1.9,1.2,42.9
Betulpur,2025-05-18,2.9,1.2,39.7
Betulpur,2025-05-19,1.3,1.2,41.7
Betulpur,2025-05-20,2.1,1.2,44.2
Betulpur,2025-05-21,1.6,1.2,40.4
Betulpur,2025-05-22,1.7,1.2,42.2
Betulpur,2025-05-23,0.6,1.2,40.6
Betulpur,2025-05-24,2.3,1.2,43.7
Betulpur,2025-05-25,2.8,1.2,43.8
Betulpur,2025-05-26,0.0,1.2,40.2
Betulpur,2025-05-27,1.0,1.2,41.5
Betulpur,2025-05-28,3.2,1.2,41.1
Betulpur,2025-05-29,1.4,1.2,42.6
Betulpur,2025-05-30,0.5,1.2,40.7
Betulpur,2025-05-31,2.1,1.2,42.7
Betulpur,2025-06-01,0.2,6.0,39.2
Betulpur,2025-06-02,9.8,6.0,39.6
Betulpur,2025-06-03,4.6,6.0,41.0
Betulpur,2025-06-04,6.3,6.0,39.3
Betulpur,2025-06-05,3.4,6.0,40.5
Betulpur,2025-06-06,5.9,6.0,34.2
Betulpur,2025-06-07,1.0,6.0,39.7
Betulpur,2025-06-08,3.6,6.0,38.7
Betulpur,2025-06-09,22.3,6.0,37.0
Betulpur,2025-06-10,41.3,6.0,41.4
Betulpur,2025-06-11,12.0,6.0,38.2
Betulpur,2025-06-12,3.9,6.0,35.5
Betulpur,2025-06-13,3.1,6.0,37.8
Betulpur,2025-06-14,1.5,6.0,37.8
Betulpur,2025-06-15,11.1,6.0,37.1
Betulpur,2025-06-16,0.9,6.0,40.5
Betulpur,2025-06-17,6.1,6.0,38.7
Betulpur,2025-06-18,1.0,6.0,34.8
Betulpur,2025-06-19,6.5,6.0,39.8
Betulpur,2025-06-20,3.1,6.0,38.3
Betulpur,2025-06-21,0.2,6.0,41.7
Betulpur,2025-06-22,9.0,6.0,36.6
Betulpur,2025-06-23,2.8,6.0,39.5
Betulpur,2025-06-24,0.6,6.0,37.4
Betulpur,2025-06-25,0.8,6.0,38.1
Betulpur,2025-06-26,2.2,6.0,39.5
Betulpur,2025-06-27,2.8,6.0,39.8
Betulpur,2025-06-28,0.5,6.0,39.2
Betulpur,2025-06-29,3.4,6.0,39.3
Betulpur,2025-06-30,9.6,6.0,38.2
Betulpur,2025-07-01,10.7,10.5,32.0
Betulpur,2025-07-02,21.6,10.5,32.2
Betulpur,2025-07-03,20.9,10.5,33.4
Betulpur,2025-07-04,4.1,10.5,32.1
Betulpur,2025-07-05,32.9,10.5,32.7
Betulpur,2025-07-06,10.4,10.5,35.2
Betulpur,2025-07-07,4.5,10.5,34.5
Betulpur,2025-07-08,0.4,10.5,34.8
Betulpur,2025-07-09,35.5,10.5,31.4
Betulpur,2025-07-10,2.0,10.5,31.5
Betulpur,2025-07-11,13.0,10.5,32.3
Betulpur,2025-07-12,7.0,10.5,33.0
Betulpur,2025-07-13,39.5,10.5,34.5
Betulpur,2025-07-14,7.8,10.5,34.4
Betulpur,2025-07-15,6.9,10.5,34.2
Betulpur,2025-07-16,10.4,10.5,36.0
Betulpur,2025-07-17,23.3,10.5,32.4
Betulpur,2025-07-18,1.9,10.5,30.5
Betulpur,2025-07-19,6.5,10.5,34.3
Betulpur,2025-07-20,16.4,10.5,34.2
Betulpur,2025-07-21,0.2,10.5,33.5
Betulpur,2025-07-22,12.7,10.5,33.5
Betulpur,2025-07-23,3.6,10.5,32.5
Betulpur,2025-07-24,42.8,10.5,32.4
Betulpur,2025-07-25,8.8,10.5,32.9
Betulpur,2025-07-26,16.9,10.5,32.4
Betulpur,2025-07-27,1.8,10.5,31.7
Betulpur,2025-07-28,0.8,10.5,29.5
Betulpur,2025-07-29,3.9,10.5,30.0
Betulpur,2025-07-30,14.4,10.5,33.0
Betulpur,2025-07-31,2.9,10.5,32.1
Betulpur,2025-08-01,0.9,9.5,32.1
Betulpur,2025-08-02,2.8,9.5,33.4
Betulpur,2025-08-03,7.2,9.5,31.1
Betulpur,2025-08-04,5.9,9.5,30.9
Betulpur,2025-08-05,1.8,9.5,32.3
Betulpur,2025-08-06,13.1,9.5,31.0
Betulpur,2025-08-07,1.1,9.5,37.2
Betulpur,2025-08-08,1.6,9.5,30.8
Betulpur,2025-08-09,2.5,9.5,30.8
Betulpur,2025-08-10,1.0,9.5,32.8
Betulpur,2025-08-11,37.7,9.5,32.4
Betulpur,2025-08-12,0.2,9.5,33.2
Betulpur,2025-08-13,0.5,9.5,31.0
Betulpur,2025-08-14,2.0,9.5,33.0
Betulpur,2025-08-15,7.0,9.5,28.1
Betulpur,2025-08-16,1.3,9.5,31.3
Betulpur,2025-08-17,8.1,9.5,31.1
Betulpur,2025-08-18,3.1,9.5,33.7
Betulpur,2025-08-19,30.4,9.5,30.8
Betulpur,2025-08-20,1.7,9.5,33.8
Betulpur,2025-08-21,6.4,9.5,29.9
Betulpur,2025-08-22,1.2,9.5,28.7
Betulpur,2025-08-23,23.6,9.5,31.7
Betulpur,2025-08-24,0.4,9.5,30.3
Betulpur,2025-08-25,9.9,9.5,30.5
Betulpur,2025-08-26,7.9,9.5,30.4
Betulpur,2025-08-27,1.6,9.5,32.0
Betulpur,2025-08-28,11.2,9.5,32.9
Betulpur,2025-08-29,0.5,9.5,28.1
Betulpur,2025-08-30,3.1,9.5,33.0
Betulpur,2025-08-31,2.0,9.5,30.9
Betulpur,2025-09-01,2.3,5.5,33.3
Betulpur,2025-09-02,4.9,5.5,33.5
Betulpur,2025-09-03,2.7,5.5,33.4
Betulpur,2025-09-04,5.8,5.5,33.2
Betulpur,2025-09-05,0.3,5.5,33.8
Betulpur,2025-09-06,2.2,5.5,33.9
Betulpur,2025-09-07,17.1,5.5,32.9
Betulpur,2025-09-08,6.5,5.5,32.6
Betulpur,2025-09-09,9.6,5.5,31.2
Betulpur,2025-09-10,0.4,5.5,32.9
Betulpur,2025-09-11,0.7,5.5,32.7
Betulpur,2025-09-12,8.6,5.5,31.2
Betulpur,2025-09-13,19.5,5.5,34.0
Betulpur,2025-09-14,2.6,5.5,32.3
Betulpur,2025-09-15,22.4,5.5,32.3
Betulpur,2025-09-16,17.6,5.5,32.1
Betulpur,2025-09-17,11.3,5.5,31.6
Betulpur,2025-09-18,0.4,5.5,33.9
Betulpur,2025-09-19,2.1,5.5,30.8
Betulpur,2025-09-20,1.3,5.5,31.0
Betulpur,2025-09-21,8.4,5.5,31.4
Betulpur,2025-09-22,9.7,5.5,28.6
Betulpur,2025-09-23,20.9,5.5,33.7
Betulpur,2025-09-24,1.3,5.5,35.5
Betulpur,2025-09-25,2.0,5.5,34.1
Betulpur,2025-09-26,1.5,5.5,32.3
Betulpur,2025-09-27,1.3,5.5,33.5
Betulpur,2025-09-28,7.3,5.5,31.1
Betulpur,2025-09-29,4.8,5.5,33.4
Betulpur,2025-09-30,11.7,5.5,31.8
Betulpur,2025-10-01,0.1,1.8,33.9
Betulpur,2025-10-02,0.9,1.8,33.9
Betulpur,2025-10-03,5.3,1.8,36.4
Betulpur,2025-10-04,7.8,1.8,31.8
Betulpur,2025-10-05,0.8,1.8,32.6
Betulpur,2025-10-06,2.2,1.8,31.3
Betulpur,2025-10-07,1.5,1.8,31.0
Betulpur,2025-10-08,4.1,1.8,31.7
Betulpur,2025-10-09,1.4,1.8,34.7
Betulpur,2025-10-10,0.3,1.8,32.1
Betulpur,2025-10-11,0.2,1.8,31.7
Betulpur,2025-10-12,1.0,1.8,33.1
Betulpur,2025-10-13,0.4,1.8,30.6
Betulpur,2025-10-14,0.4,1.8,30.8
Betulpur,2025-10-15,1.5,1.8,32.2
Betulpur,2025-10-16,5.6,1.8,35.6
Betulpur,2025-10-17,0.2,1.8,34.3
Betulpur,2025-10-18,0.5,1.8,34.4
Betulpur,2025-10-19,0.1,1.8,31.8
Betulpur,2025-10-20,5.3,1.8,30.7
Betulpur,2025-10-21,2.5,1.8,34.0
Betulpur,2025-10-22,0.0,1.8,30.3
Betulpur,2025-10-23,1.6,1.8,31.9
Betulpur,2025-10-24,0.5,1.8,34.8
Betulpur,2025-10-25,1.5,1.8,32.4
Betulpur,2025-10-26,2.4,1.8,31.8
Betulpur,2025-10-27,2.2,1.8,32.1
Betulpur,2025-10-28,0.7,1.8,31.8
Betulpur,2025-10-29,1.7,1.8,32.1
Betulpur,2025-10-30,4.5,1.8,34.2
Betulpur,2025-10-31,0.5,1.8,34.2
Betulpur,2025-11-01,0.0,0.5,26.7
Betulpur,2025-11-02,0.2,0.5,31.6
Betulpur,2025-11-03,0.1,0.5,28.4
Betulpur,2025-11-04,0.0,0.5,29.5
Betulpur,2025-11-05,0.4,0.5,25.5
Betulpur,2025-11-06,2.1,0.5,27.3
Betulpur,2025-11-07,0.1,0.5,28.7
Betulpur,2025-11-08,0.4,0.5,31.5
Betulpur,2025-11-09,0.2,0.5,28.6
Betulpur,2025-11-10,2.1,0.5,28.8
Betulpur,2025-11-11,1.9,0.5,30.2
Betulpur,2025-11-12,0.4,0.5,29.3
Betulpur,2025-11-13,0.5,0.5,29.6
Betulpur,2025-11-14,0.2,0.5,28.9
Betulpur,2025-11-15,0.3,0.5,29.2
Betulpur,2025-11-16,1.4,0.5,29.5
Betulpur,2025-11-17,0.5,0.5,28.2
Betulpur,2025-11-18,1.0,0.5,29.7
Betulpur,2025-11-19,1.3,0.5,31.0
Betulpur,2025-11-20,0.3,0.5,29.3
Betulpur,2025-11-21,2.3,0.5,27.7
Betulpur,2025-11-22,0.2,0.5,29.6
Betulpur,2025-11-23,0.2,0.5,27.0
Betulpur,2025-11-24,0.3,0.5,31.5
Betulpur,2025-11-25,0.0,0.5,26.7
Betulpur,2025-11-26,0.2,0.5,27.5
Betulpur,2025-11-27,0.8,0.5,30.5
Betulpur,2025-11-28,0.1,0.5,29.8
Betulpur,2025-11-29,0.1,0.5,26.4
Betulpur,2025-11-30,1.4,0.5,29.4
Betulpur,2025-12-01,0.0,0.3,26.2
Betulpur,2025-12-02,0.3,0.3,25.2
Betulpur,2025-12-03,1.1,0.3,27.8
Betulpur,2025-12-04,0.0,0.3,27.4
Betulpur,2025-12-05,0.1,0.3,25.5
Betulpur,2025-12-06,0.0,0.3,28.0
Betulpur,2025-12-07,0.3,0.3,25.3
Betulpur,2025-12-08,0.1,0.3,24.5
Betulpur,2025-12-09,0.1,0.3,26.5
Betulpur,2025-12-10,0.9,0.3,24.3
Betulpur,2025-12-11,0.9,0.3,28.6
Betulpur,2025-12-12,0.1,0.3,26.3
Betulpur,2025-12-13,1.3,0.3,25.9
Betulpur,2025-12-14,0.1,0.3,30.0
Betulpur,2025-12-15,0.9,0.3,28.0
Betulpur,2025-12-16,0.3,0.3,25.9
Betulpur,2025-12-17,0.1,0.3,27.9
Betulpur,2025-12-18,0.1,0.3,27.1
Betulpur,2025-12-19,0.2,0.3,23.9
Betulpur,2025-12-20,0.1,0.3,25.1
Betulpur,2025-12-21,0.0,0.3,28.0
Betulpur,2025-12-22,0.1,0.3,28.1
Betulpur,2025-12-23,0.4,0.3,27.1
Betulpur,2025-12-24,0.3,0.3,24.7
Betulpur,2025-12-25,0.7,0.3,25.2
Betulpur,2025-12-26,0.1,0.3,25.3
Betulpur,2025-12-27,0.8,0.3,23.8
Betulpur,2025-12-28,0.2,0.3,27.5
Betulpur,2025-12-29,0.0,0.3,28.2
Betulpur,2025-12-30,0.1,0.3,28.1
Betulpur,2025-12-31,0.5,0.3,24.7
Betulpur,2026-01-01,0.4,0.4,24.5
Betulpur,2026-01-02,0.1,0.4,24.3
Betulpur,2026-01-03,0.0,0.4,28.4
Betulpur,2026-01-04,0.1,0.4,26.8
Betulpur,2026-01-05,0.2,0.4,25.8
Betulpur,2026-01-06,0.4,0.4,26.7
Betulpur,2026-01-07,0.0,0.4,25.7
Betulpur,2026-01-08,0.7,0.4,26.6
Betulpur,2026-01-09,0.7,0.4,23.2
Betulpur,2026-01-10,1.0,0.4,25.7
Betulpur,2026-01-11,1.0,0.4,24.2
Betulpur,2026-01-12,0.3,0.4,27.7
Betulpur,2026-01-13,0.6,0.4,23.8
Betulpur,2026-01-14,0.2,0.4,24.8
Betulpur,2026-01-15,0.2,0.4,26.8
Betulpur,2026-01-16,0.5,0.4,25.7
Betulpur,2026-01-17,0.2,0.4,26.4
Betulpur,2026-01-18,0.1,0.4,24.1
Betulpur,2026-01-19,0.3,0.4,27.1
Betulpur,2026-01-20,0.4,0.4,28.7
Betulpur,2026-01-21,0.5,0.4,27.8
Betulpur,2026-01-22,0.3,0.4,23.9
Betulpur,2026-01-23,0.7,0.4,26.6
Betulpur,2026-01-24,0.3,0.4,24.7
Betulpur,2026-01-25,0.7,0.4,24.2
Betulpur,2026-01-26,0.9,0.4,28.0
Betulpur,2026-01-27,0.3,0.4,26.9
Betulpur,2026-01-28,0.0,0.4,26.7
Betulpur,2026-01-29,0.8,0.4,27.3
Betulpur,2026-01-30,0.1,0.4,25.0
Betulpur,2026-01-31,1.5,0.4,27.4
Betulpur,2026-02-01,0.5,0.3,26.8
Betulpur,2026-02-02,0.3,0.3,29.7
Betulpur,2026-02-03,0.7,0.3,29.1
Betulpur,2026-02-04,0.5,0.3,28.3
Betulpur,2026-02-05,0.9,0.3,29.3
Betulpur,2026-02-06,0.1,0.3,29.6
Betulpur,2026-02-07,0.2,0.3,27.2
Betulpur,2026-02-08,0.0,0.3,27.9
Betulpur,2026-02-09,0.1,0.3,31.1
Betulpur,2026-02-10,0.7,0.3,29.9
Betulpur,2026-02-11,0.8,0.3,29.4
Betulpur,2026-02-12,0.6,0.3,28.9
Betulpur,2026-02-13,0.1,0.3,29.4
Betulpur,2026-02-14,0.1,0.3,28.5
Betulpur,2026-02-15,0.1,0.3,29.7
Betulpur,2026-02-16,0.1,0.3,30.8
Betulpur,2026-02-17,0.1,0.3,28.5
Betulpur,2026-02-18,0.0,0.3,29.6
Betulpur,2026-02-19,0.5,0.3,28.7
Betulpur,2026-02-20,0.0,0.3,27.4
Betulpur,2026-02-21,0.1,0.3,29.8
Betulpur,2026-02-22,0.7,0.3,28.3
Betulpur,2026-02-23,0.0,0.3,27.6
Betulpur,2026-02-24,0.0,0.3,28.2
Betulpur,2026-02-25,0.0,0.3,28.0
Betulpur,2026-02-26,0.1,0.3,26.8
Betulpur,2026-02-27,1.0,0.3,30.0
Betulpur,2026-02-28,0.2,0.3,26.9
Betulpur,2026-03-01,0.2,0.5,32.7
Betulpur,2026-03-02,0.1,0.5,34.8
Betulpur,2026-03-03,0.5,0.5,34.8
Betulpur,2026-03-04,0.2,0.5,31.0
Betulpur,2026-03-05,0.9,0.5,34.9
Betulpur,2026-03-06,0.5,0.5,32.8
Betulpur,2026-03-07,1.5,0.5,37.6
Betulpur,2026-03-08,0.0,0.5,36.0
Betulpur,2026-03-09,0.1,0.5,33.8
Betulpur,2026-03-10,0.2,0.5,35.8
Betulpur,2026-03-11,0.3,0.5,33.1
Betulpur,2026-03-12,0.7,0.5,31.4
Betulpur,2026-03-13,0.5,0.5,31.7
Betulpur,2026-03-14,0.8,0.5,35.3
Betulpur,2026-03-15,0.7,0.5,30.2
Betulpur,2026-03-16,0.1,0.5,37.3
Betulpur,2026-03-17,0.2,0.5,33.5
Betulpur,2026-03-18,0.3,0.5,34.4
Betulpur,2026-03-19,0.5,0.5,33.2
Betulpur,2026-03-20,0.2,0.5,34.7
Betulpur,2026-03-21,0.0,0.5,36.2
Betulpur,2026-03-22,0.1,0.5,31.1
Betulpur,2026-03-23,1.0,0.5,33.8
Betulpur,2026-03-24,0.3,0.5,33.7
Betulpur,2026-03-25,0.3,0.5,33.4
Betulpur,2026-03-26,0.5,0.5,32.1
Betulpur,2026-03-27,0.2,0.5,32.9
Betulpur,2026-03-28,0.2,0.5,33.2
Betulpur,2026-03-29,0.1,0.5,34.2
Betulpur,2026-03-30,0.1,0.5,35.2
Betulpur,2026-03-31,0.5,0.5,35.6
Betulpur,2026-04-01,0.7,0.7,40.1
Betulpur,2026-04-02,0.1,0.7,40.0
Betulpur,2026-04-03,0.6,0.7,38.7
Betulpur,2026-04-04,0.3,0.7,39.5
Betulpur,2026-04-05,1.5,0.7,39.8
Betulpur,2026-04-06,0.0,0.7,41.8
Betulpur,2026-04-07,0.4,0.7,39.3
Betulpur,2026-04-08,0.5,0.7,39.5
Betulpur,2026-04-09,0.2,0.7,38.9
Betulpur,2026-04-10,0.8,0.7,41.3
Betulpur,2026-04-11,0.7,0.7,40.2
Betulpur,2026-04-12,0.3,0.7,40.7
Betulpur,2026-04-13,0.4,0.7,39.8
Betulpur,2026-04-14,0.2,0.7,40.2
Betulpur,2026-04-15,2.0,0.7,39.6
Betulpur,2026-04-16,0.4,0.7,36.9
Betulpur,2026-04-17,1.7,0.7,40.0
Betulpur,2026-04-18,3.4,0.7,39.0
Betulpur,2026-04-19,0.9,0.7,38.2
Betulpur,2026-04-20,1.1,0.7,39.3
Betulpur,2026-04-21,0.6,0.7,42.3
Betulpur,2026-04-22,0.2,0.7,38.6
Betulpur,2026-04-23,1.3,0.7,41.0
Betulpur,2026-04-24,0.0,0.7,37.9
Betulpur,2026-04-25,0.4,0.7,42.3
Betulpur,2026-04-26,0.2,0.7,40.6
Betulpur,2026-04-27,0.3,0.7,40.3
Betulpur,2026-04-28,0.1,0.7,37.8
Betulpur,2026-04-29,0.3,0.7,39.1
Betulpur,2026-04-30,1.1,0.7,38.9
Betulpur,2026-05-01,0.0,1.2,41.4
Betulpur,2026-05-02,0.9,1.2,43.5
Betulpur,2026-05-03,0.8,1.2,42.0
Betulpur,2026-05-04,0.8,1.2,42.0
Betulpur,2026-05-05,0.5,1.2,41.5
Betulpur,2026-05-06,0.5,1.2,41.7
Betulpur,2026-05-07,0.3,1.2,43.2
Betulpur,2026-05-08,1.9,1.2,42.2
Betulpur,2026-05-09,1.3,1.2,45.2
Betulpur,2026-05-10,1.0,1.2,43.4
Betulpur,2026-05-11,2.5,1.2,43.5
Betulpur,2026-05-12,1.6,1.2,41.2
Betulpur,2026-05-13,2.2,1.2,44.9
Betulpur,2026-05-14,0.5,1.2,44.2
Betulpur,2026-05-15,0.1,1.2,43.5
Betulpur,2026-05-16,0.6,1.2,43.6
Betulpur,2026-05-17,5.7,1.2,42.3
Betulpur,2026-05-18,0.1,1.2,42.2
Betulpur,2026-05-19,1.7,1.2,40.9
Betulpur,2026-05-20,0.7,1.2,43.9
Betulpur,2026-05-21,0.3,1.2,47.7
Betulpur,2026-05-22,1.6,1.2,44.1
Betulpur,2026-05-23,1.3,1.2,45.1
Betulpur,2026-05-24,2.8,1.2,48.0
Betulpur,2026-05-25,1.7,1.2,43.4
Betulpur,2026-05-26,0.7,1.2,47.1
Betulpur,2026-05-27,0.6,1.2,46.7
Betulpur,2026-05-28,0.1,1.2,47.2
Betulpur,2026-05-29,0.9,1.2,48.3
Betulpur,2026-05-30,3.1,1.2,48.9
Betulpur,2026-05-31,6.8,1.2,44.9
Betulpur,2026-06-01,8.3,6.0,47.5
Betulpur,2026-06-02,4.1,6.0,43.4
Betulpur,2026-06-03,1.1,6.0,43.8
Betulpur,2026-06-04,3.4,6.0,44.0
Betulpur,2026-06-05,3.3,6.0,43.7
Betulpur,2026-06-06,8.4,6.0,45.2
Betulpur,2026-06-07,0.2,6.0,43.7
Betulpur,2026-06-08,0.2,6.0,46.4
Betulpur,2026-06-09,0.4,6.0,43.0
Betulpur,2026-06-10,0.3,6.0,45.1
Betulpur,2026-06-11,3.9,6.0,40.4
Betulpur,2026-06-12,2.2,6.0,36.1
Betulpur,2026-06-13,1.1,6.0,38.8
Betulpur,2026-06-14,2.2,6.0,38.6
Betulpur,2026-06-15,5.8,6.0,39.0
Betulpur,2026-06-16,0.5,6.0,39.2
Betulpur,2026-06-17,5.1,6.0,40.0
Betulpur,2026-06-18,1.5,6.0,39.5
Betulpur,2026-06-19,1.2,6.0,40.0
Betulpur,2026-06-20,5.6,6.0,38.6
Betulpur,2026-06-21,0.0,6.0,39.1
Betulpur,2026-06-22,3.0,6.0,36.9
Betulpur,2026-06-23,3.3,6.0,38.8
Betulpur,2026-06-24,0.0,6.0,40.0
Betulpur,2026-06-25,0.1,6.0,39.4
Betulpur,2026-06-26,0.1,6.0,41.2
Betulpur,2026-06-27,3.6,6.0,39.4
Betulpur,2026-06-28,0.3,6.0,38.4
Betulpur,2026-06-29,0.9,6.0,38.5
Betulpur,2026-06-30,6.3,6.0,40.3
Betulpur,2026-07-01,2.1,10.5,30.8
Betulpur,2026-07-02,1.0,10.5,33.0
Betulpur,2026-07-03,4.2,10.5,32.2
Betulpur,2026-07-04,1.2,10.5,32.2
Betulpur,2026-07-05,9.5,10.5,32.1
Betulpur,2026-07-06,1.7,10.5,32.1
Betulpur,2026-07-07,6.2,10.5,33.1
Betulpur,2026-07-08,1.7,10.5,33.6
Betulpur,2026-07-09,0.6,10.5,34.1
Betulpur,2026-07-10,15.6,10.5,33.5
Betulpur,2026-07-11,2.4,10.5,33.0
Betulpur,2026-07-12,0.2,10.5,32.6
Betulpur,2026-07-13,5.3,10.5,35.4
Betulpur,2026-07-14,2.5,10.5,33.7
Betulpur,2026-07-15,2.9,10.5,30.9
Nadiya,2024-01-01,0.2,0.4,28.3
Nadiya,2024-01-02,0.4,0.4,22.5
Nadiya,2024-01-03,0.1,0.4,29.2
Nadiya,2024-01-04,0.3,0.4,25.2
Nadiya,2024-01-05,0.3,0.4,25.4
Nadiya,2024-01-06,0.3,0.4,26.1
Nadiya,2024-01-07,0.7,0.4,28.3
Nadiya,2024-01-08,1.1,0.4,26.0
Nadiya,2024-01-09,0.3,0.4,25.7
Nadiya,2024-01-10,0.7,0.4,23.2
Nadiya,2024-01-11,0.1,0.4,26.5
Nadiya,2024-01-12,0.2,0.4,26.7
Nadiya,2024-01-13,0.1,0.4,25.5
Nadiya,2024-01-14,1.2,0.4,28.7
Nadiya,2024-01-15,1.6,0.4,23.5
Nadiya,2024-01-16,0.1,0.4,26.6
Nadiya,2024-01-17,0.0,0.4,27.9
Nadiya,2024-01-18,0.3,0.4,25.4
Nadiya,2024-01-19,0.2,0.4,25.7
Nadiya,2024-01-20,0.1,0.4,28.7
Nadiya,2024-01-21,0.4,0.4,26.6
Nadiya,2024-01-22,0.7,0.4,29.0
Nadiya,2024-01-23,1.0,0.4,28.8
Nadiya,2024-01-24,0.3,0.4,24.0
Nadiya,2024-01-25,0.0,0.4,27.2
Nadiya,2024-01-26,1.1,0.4,25.8
Nadiya,2024-01-27,0.2,0.4,26.3
Nadiya,2024-01-28,0.3,0.4,27.1
Nadiya,2024-01-29,0.0,0.4,24.1
Nadiya,2024-01-30,0.4,0.4,23.4
Nadiya,2024-01-31,0.1,0.4,23.6
Nadiya,2024-02-01,0.1,0.3,27.3
Nadiya,2024-02-02,0.8,0.3,31.1
Nadiya,2024-02-03,0.9,0.3,25.1
Nadiya,2024-02-04,0.0,0.3,31.0
Nadiya,2024-02-05,0.8,0.3,28.2
Nadiya,2024-02-06,0.1,0.3,27.2
Nadiya,2024-02-07,0.3,0.3,27.1
Nadiya,2024-02-08,0.1,0.3,28.4
Nadiya,2024-02-09,0.3,0.3,29.0
Nadiya,2024-02-10,0.5,0.3,28.2
Nadiya,2024-02-11,0.1,0.3,31.3
Nadiya,2024-02-12,0.0,0.3,29.4
Nadiya,2024-02-13,0.5,0.3,27.7
Nadiya,2024-02-14,0.3,0.3,29.3
Nadiya,2024-02-15,0.1,0.3,29.8
Nadiya,2024-02-16,0.2,0.3,28.1
Nadiya,2024-02-17,1.2,0.3,28.7
Nadiya,2024-02-18,0.2,0.3,30.1
Nadiya,2024-02-19,0.4,0.3,30.4
Nadiya,2024-02-20,0.5,0.3,27.6
Nadiya,2024-02-21,0.1,0.3,26.7
Nadiya,2024-02-22,0.2,0.3,29.3
Nadiya,2024-02-23,0.2,0.3,28.2
Nadiya,2024-02-24,0.3,0.3,26.5
Nadiya,2024-02-25,0.1,0.3,30.7
Nadiya,2024-02-26,0.1,0.3,28.7
Nadiya,2024-02-27,0.0,0.3,30.0
Nadiya,2024-02-28,0.3,0.3,27.1
Nadiya,2024-02-29,0.2,0.3,28.2
Nadiya,2024-03-01,0.1,0.5,35.4
Nadiya,2024-03-02,0.1,0.5,33.5
Nadiya,2024-03-03,0.6,0.5,31.4
Nadiya,2024-03-04,0.2,0.5,32.1
Nadiya,2024-03-05,0.2,0.5,35.8
Nadiya,2024-03-06,0.3,0.5,36.8
Nadiya,2024-03-07,0.0,0.5,33.3
Nadiya,2024-03-08,0.2,0.5,35.5
Nadiya,2024-03-09,0.4,0.5,34.8
Nadiya,2024-03-10,0.5,0.5,33.0
Nadiya,2024-03-11,0.2,0.5,31.9
Nadiya,2024-03-12,0.0,0.5,33.9
Nadiya,2024-03-13,0.3,0.5,33.5
Nadiya,2024-03-14,0.3,0.5,34.5
Nadiya,2024-03-15,2.4,0.5,32.1
Nadiya,2024-03-16,0.7,0.5,34.1
Nadiya,2024-03-17,0.5,0.5,33.0
Nadiya,2024-03-18,0.4,0.5,30.6
Nadiya,2024-03-19,0.1,0.5,36.1
Nadiya,2024-03-20,0.2,0.5,32.4
Nadiya,2024-03-21,1.8,0.5,29.7
Nadiya,2024-03-22,0.0,0.5,34.0
Nadiya,2024-03-23,0.2,0.5,31.4
Nadiya,2024-03-24,1.6,0.5,34.2
Nadiya,2024-03-25,0.7,0.5,38.4
Nadiya,2024-03-26,0.8,0.5,29.9
Nadiya,2024-03-27,0.2,0.5,32.4
Nadiya,2024-03-28,0.0,0.5,36.4
Nadiya,2024-03-29,0.8,0.5,34.1
Nadiya,2024-03-30,0.0,0.5,34.7
Nadiya,2024-03-31,1.3,0.5,34.7
Nadiya,2024-04-01,0.3,0.7,39.8
Nadiya,2024-04-02,2.5,0.7,40.1
Nadiya,2024-04-03,0.0,0.7,42.9
Nadiya,2024-04-04,0.6,0.7,40.2
Nadiya,2024-04-05,0.7,0.7,41.2
Nadiya,2024-04-06,0.3,0.7,39.9
Nadiya,2024-04-07,1.3,0.7,38.2
Nadiya,2024-04-08,1.7,0.7,40.4
Nadiya,2024-04-09,3.4,0.7,37.8
Nadiya,2024-04-10,1.4,0.7,37.5
Nadiya,2024-04-11,0.4,0.7,38.3
Nadiya,2024-04-12,1.5,0.7,38.8
Nadiya,2024-04-13,1.9,0.7,41.0
Nadiya,2024-04-14,0.0,0.7,37.9
Nadiya,2024-04-15,0.2,0.7,41.4
Nadiya,2024-04-16,3.9,0.7,40.3
Nadiya,2024-04-17,0.6,0.7,37.3
Nadiya,2024-04-18,0.3,0.7,37.9
Nadiya,2024-04-19,0.0,0.7,38.5
Nadiya,2024-04-20,0.1,0.7,39.6
Nadiya,2024-04-21,0.1,0.7,36.3
Nadiya,2024-04-22,0.2,0.7,39.3
Nadiya,2024-04-23,0.4,0.7,38.1
Nadiya,2024-04-24,0.3,0.7,40.7
Nadiya,2024-04-25,0.6,0.7,41.3
Nadiya,2024-04-26,0.1,0.7,39.3
Nadiya,2024-04-27,0.3,0.7,39.8
Nadiya,2024-04-28,1.0,0.7,38.8
Nadiya,2024-04-29,0.8,0.7,39.8
Nadiya,2024-04-30,0.5,0.7,37.6
Nadiya,2024-05-01,1.1,1.2,42.7
Nadiya,2024-05-02,0.5,1.2,42.6
Nadiya,2024-05-03,2.2,1.2,42.8
Nadiya,2024-05-04,1.0,1.2,41.1
Nadiya,2024-05-05,0.0,1.2,43.5
Nadiya,2024-05-06,1.2,1.2,41.3
Nadiya,2024-05-07,2.3,1.2,41.7
Nadiya,2024-05-08,1.8,1.2,40.4
Nadiya,2024-05-09,1.6,1.2,43.5
Nadiya,2024-05-10,5.6,1.2,43.7
Nadiya,2024-05-11,0.1,1.2,40.5
Nadiya,2024-05-12,1.2,1.2,42.2
Nadiya,2024-05-13,0.3,1.2,42.7
Nadiya,2024-05-14,1.8,1.2,42.2
Nadiya,2024-05-15,0.1,1.2,44.1
Nadiya,2024-05-16,1.0,1.2,44.0
Nadiya,2024-05-17,0.2,1.2,42.8
Nadiya,2024-05-18,0.7,1.2,43.8
Nadiya,2024-05-19,3.4,1.2,41.8
Nadiya,2024-05-20,2.8,1.2,45.8
Nadiya,2024-05-21,0.0,1.2,43.9
Nadiya,2024-05-22,0.9,1.2,39.3
Nadiya,2024-05-23,1.3,1.2,44.5
Nadiya,2024-05-24,1.9,1.2,42.9
Nadiya,2024-05-25,1.3,1.2,43.4
Nadiya,2024-05-26,1.5,1.2,39.9
Nadiya,2024-05-27,0.1,1.2,41.5
Nadiya,2024-05-28,0.5,1.2,45.5
Nadiya,2024-05-29,4.4,1.2,40.3
Nadiya,2024-05-30,0.6,1.2,41.5
Nadiya,2024-05-31,0.0,1.2,43.8
Nadiya,2024-06-01,5.4,6.0,38.9
Nadiya,2024-06-02,3.2,6.0,40.9
Nadiya,2024-06-03,3.9,6.0,36.7
Nadiya,2024-06-04,3.4,6.0,38.2
Nadiya,2024-06-05,1.7,6.0,39.3
Nadiya,2024-06-06,1.0,6.0,37.8
Nadiya,2024-06-07,7.4,6.0,37.2
Nadiya,2024-06-08,1.8,6.0,39.2
Nadiya,2024-06-09,1.5,6.0,39.8
Nadiya,2024-06-10,1.5,6.0,40.1
Nadiya,2024-06-11,4.4,6.0,37.8
Nadiya,2024-06-12,1.0,6.0,40.2
Nadiya,2024-06-13,1.7,6.0,41.1
Nadiya,2024-06-14,1.4,6.0,38.1
Nadiya,2024-06-15,4.7,6.0,37.5
Nadiya,2024-06-16,0.4,6.0,37.8
Nadiya,2024-06-17,4.6,6.0,41.3
Nadiya,2024-06-18,7.7,6.0,36.5
Nadiya,2024-06-19,8.4,6.0,38.9
Nadiya,2024-06-20,4.1,6.0,39.7
Nadiya,2024-06-21,2.8,6.0,38.7
Nadiya,2024-06-22,5.2,6.0,38.7
Nadiya,2024-06-23,0.4,6.0,39.8
Nadiya,2024-06-24,1.2,6.0,39.3
Nadiya,2024-06-25,5.9,6.0,40.2
Nadiya,2024-06-26,5.8,6.0,39.3
Nadiya,2024-06-27,7.8,6.0,37.2
Nadiya,2024-06-28,3.2,6.0,40.7
Nadiya,2024-06-29,1.0,6.0,38.8
Nadiya,2024-06-30,2.4,6.0,38.9
Nadiya,2024-07-01,28.3,10.5,32.8
Nadiya,2024-07-02,7.1,10.5,30.9
Nadiya,2024-07-03,7.1,10.5,31.4
Nadiya,2024-07-04,2.8,10.5,33.3
Nadiya,2024-07-05,38.5,10.5,34.0
Nadiya,2024-07-06,4.2,10.5,30.0
Nadiya,2024-07-07,13.0,10.5,36.5
Nadiya,2024-07-08,35.9,10.5,33.6
Nadiya,2024-07-09,9.3,10.5,32.1
Nadiya,2024-07-10,12.6,10.5,32.2
Nadiya,2024-07-11,28.7,10.5,33.1
Nadiya,2024-07-12,0.9,10.5,33.5
Nadiya,2024-07-13,4.3,10.5,32.7
Nadiya,2024-07-14,11.7,10.5,32.8
Nadiya,2024-07-15,0.5,10.5,32.6
Nadiya,2024-07-16,8.2,10.5,33.7
Nadiya,2024-07-17,0.7,10.5,31.4
Nadiya,2024-07-18,11.1,10.5,31.0
Nadiya,2024-07-19,0.4,10.5,32.4
Nadiya,2024-07-20,12.0,10.5,31.9
Nadiya,2024-07-21,13.2,10.5,34.2
Nadiya,2024-07-22,19.1,10.5,35.0
Nadiya,2024-07-23,3.7,10.5,32.6
Nadiya,2024-07-24,1.3,10.5,33.6
Nadiya,2024-07-25,27.8,10.5,36.2
Nadiya,2024-07-26,6.6,10.5,34.4
Nadiya,2024-07-27,13.8,10.5,33.2
Nadiya,2024-07-28,1.9,10.5,33.4
Nadiya,2024-07-29,1.8,10.5,32.9
Nadiya,2024-07-30,7.5,10.5,34.5
Nadiya,2024-07-31,12.5,10.5,37.1
Nadiya,2024-08-01,0.4,9.5,32.0
Nadiya,2024-08-02,8.4,9.5,31.1
Nadiya,2024-08-03,12.7,9.5,29.1
Nadiya,2024-08-04,15.0,9.5,34.4
Nadiya,2024-08-05,3.9,9.5,32.7
Nadiya,2024-08-06,15.3,9.5,35.3
Nadiya,2024-08-07,3.3,9.5,31.7
Nadiya,2024-08-08,7.8,9.5,33.1
Nadiya,2024-08-09,2.9,9.5,31.5
Nadiya,2024-08-10,23.0,9.5,30.1
Nadiya,2024-08-11,6.2,9.5,32.0
Nadiya,2024-08-12,1.8,9.5,30.6
Nadiya,2024-08-13,15.9,9.5,30.4
Nadiya,2024-08-14,4.9,9.5,30.6
Nadiya,2024-08-15,4.4,9.5,32.3
Nadiya,2024-08-16,2.6,9.5,30.2
Nadiya,2024-08-17,13.0,9.5,32.8
Nadiya,2024-08-18,20.7,9.5,30.7
Nadiya,2024-08-19,27.3,9.5,31.5
Nadiya,2024-08-20,0.9,9.5,34.1
Nadiya,2024-08-21,4.5,9.5,33.0
Nadiya,2024-08-22,0.2,9.5,32.6
Nadiya,2024-08-23,19.5,9.5,34.9
Nadiya,2024-08-24,1.3,9.5,30.8
Nadiya,2024-08-25,12.8,9.5,30.3
Nadiya,2024-08-26,4.2,9.5,30.9
Nadiya,2024-08-27,1.3,9.5,31.4
Nadiya,2024-08-28,0.9,9.5,31.6
Nadiya,2024-08-29,3.1,9.5,32.2
Nadiya,2024-08-30,26.7,9.5,30.5
Nadiya,2024-08-31,16.6,9.5,30.1
Nadiya,2024-09-01,3.5,5.5,30.3
Nadiya,2024-09-02,7.3,5.5,31.8
Nadiya,2024-09-03,9.3,5.5,33.0
Nadiya,2024-09-04,5.0,5.5,32.7
Nadiya,2024-09-05,2.4,5.5,31.3
Nadiya,2024-09-06,4.8,5.5,32.3
Nadiya,2024-09-07,5.3,5.5,33.2
Nadiya,2024-09-08,2.4,5.5,32.1
Nadiya,2024-09-09,9.3,5.5,34.0
Nadiya,2024-09-10,13.3,5.5,32.9
Nadiya,2024-09-11,19.2,5.5,30.8
Nadiya,2024-09-12,0.1,5.5,31.4
Nadiya,2024-09-13,7.8,5.5,32.7
Nadiya,2024-09-14,1.3,5.5,34.0
Nadiya,2024-09-15,7.5,5.5,31.8
Nadiya,2024-09-16,4.0,5.5,32.0
Nadiya,2024-09-17,6.5,5.5,34.6
Nadiya,2024-09-18,7.6,5.5,32.3
Nadiya,2024-09-19,8.5,5.5,37.3
Nadiya,2024-09-20,5.8,5.5,33.9
Nadiya,2024-09-21,0.9,5.5,32.3
Nadiya,2024-09-22,1.2,5.5,32.7
Nadiya,2024-09-23,1.1,5.5,31.0
Nadiya,2024-09-24,13.8,5.5,31.1
Nadiya,2024-09-25,0.1,5.5,34.5
Nadiya,2024-09-26,5.0,5.5,32.2
Nadiya,2024-09-27,0.3,5.5,34.0
Nadiya,2024-09-28,5.0,5.5,35.1
Nadiya,2024-09-29,1.2,5.5,34.2
Nadiya,2024-09-30,0.2,5.5,33.2
Nadiya,2024-10-01,0.6,1.8,33.1
Nadiya,2024-10-02,0.1,1.8,31.9
Nadiya,2024-10-03,0.8,1.8,35.6
Nadiya,2024-10-04,4.7,1.8,30.3
Nadiya,2024-10-05,0.8,1.8,34.3
Nadiya,2024-10-06,1.2,1.8,33.2
Nadiya,2024-10-07,2.9,1.8,34.8
Nadiya,2024-10-08,2.2,1.8,32.7
Nadiya,2024-10-09,0.3,1.8,34.2
Nadiya,2024-10-10,6.8,1.8,36.1
Nadiya,2024-10-11,0.3,1.8,30.8
Nadiya,2024-10-12,1.4,1.8,33.3
Nadiya,2024-10-13,0.5,1.8,28.6
Nadiya,2024-10-14,0.3,1.8,36.0
Nadiya,2024-10-15,1.9,1.8,33.3
Nadiya,2024-10-16,1.2,1.8,33.0
Nadiya,2024-10-17,0.1,1.8,31.2
Nadiya,2024-10-18,2.9,1.8,32.1
Nadiya,2024-10-19,0.1,1.8,34.2
Nadiya,2024-10-20,0.5,1.8,30.9
Nadiya,2024-10-21,3.3,1.8,33.9
Nadiya,2024-10-22,0.7,1.8,34.2
Nadiya,2024-10-23,0.4,1.8,29.3
Nadiya,2024-10-24,2.7,1.8,32.5
Nadiya,2024-10-25,1.5,1.8,33.2
Nadiya,2024-10-26,4.4,1.8,32.1
Nadiya,2024-10-27,1.9,1.8,34.5
Nadiya,2024-10-28,5.0,1.8,31.2
Nadiya,2024-10-29,2.3,1.8,37.6
Nadiya,2024-10-30,2.2,1.8,33.7
Nadiya,2024-10-31,0.6,1.8,35.2
Nadiya,2024-11-01,0.5,0.5,29.0
Nadiya,2024-11-02,0.2,0.5,26.3
Nadiya,2024-11-03,0.2,0.5,28.5
Nadiya,2024-11-04,0.1,0.5,30.7
Nadiya,2024-11-05,0.0,0.5,28.1
Nadiya,2024-11-06,0.5,0.5,30.5
Nadiya,2024-11-07,0.3,0.5,28.2
Nadiya,2024-11-08,0.3,0.5,28.9
Nadiya,2024-11-09,0.2,0.5,29.6
Nadiya,2024-11-10,0.7,0.5,28.5
Nadiya,2024-11-11,0.1,0.5,27.0
Nadiya,2024-11-12,0.2,0.5,30.3
Nadiya,2024-11-13,0.1,0.5,29.7
Nadiya,2024-11-14,0.0,0.5,30.3
Nadiya,2024-11-15,0.3,0.5,28.7
Nadiya,2024-11-16,0.3,0.5,32.7
Nadiya,2024-11-17,0.3,0.5,27.0
Nadiya,2024-11-18,0.2,0.5,28.2
Nadiya,2024-11-19,0.4,0.5,31.9
Nadiya,2024-11-20,0.5,0.5,30.4
Nadiya,2024-11-21,1.0,0.5,29.0
Nadiya,2024-11-22,0.5,0.5,31.7
Nadiya,2024-11-23,0.9,0.5,32.2
Nadiya,2024-11-24,0.2,0.5,24.1
Nadiya,2024-11-25,0.1,0.5,30.5
Nadiya,2024-11-26,0.2,0.5,24.9
Nadiya,2024-11-27,0.3,0.5,30.8
Nadiya,2024-11-28,0.1,0.5,29.8
Nadiya,2024-11-29,0.1,0.5,27.2
Nadiya,2024-11-30,0.1,0.5,26.1
Nadiya,2024-12-01,0.2,0.3,26.4
Nadiya,2024-12-02,0.9,0.3,26.3
Nadiya,2024-12-03,0.5,0.3,27.6
Nadiya,2024-12-04,0.0,0.3,27.2
Nadiya,2024-12-05,2.0,0.3,25.9
Nadiya,2024-12-06,0.9,0.3,26.0
Nadiya,2024-12-07,0.3,0.3,26.0
Nadiya,2024-12-08,0.4,0.3,23.0
Nadiya,2024-12-09,0.7,0.3,25.4
Nadiya,2024-12-10,0.2,0.3,23.4
Nadiya,2024-12-11,0.3,0.3,23.3
Nadiya,2024-12-12,0.3,0.3,26.7
Nadiya,2024-12-13,0.4,0.3,25.6
Nadiya,2024-12-14,0.4,0.3,23.9
Nadiya,2024-12-15,0.1,0.3,23.8
Nadiya,2024-12-16,0.7,0.3,25.4
Nadiya,2024-12-17,0.0,0.3,25.3
Nadiya,2024-12-18,0.1,0.3,23.8
Nadiya,2024-12-19,0.0,0.3,26.1
Nadiya,2024-12-20,0.1,0.3,25.6
Nadiya,2024-12-21,0.4,0.3,24.9
Nadiya,2024-12-22,0.4,0.3,25.7
Nadiya,2024-12-23,0.1,0.3,26.6
Nadiya,2024-12-24,0.3,0.3,26.9
Nadiya,2024-12-25,0.6,0.3,23.4
Nadiya,2024-12-26,0.3,0.3,26.3
Nadiya,2024-12-27,0.3,0.3,26.1
Nadiya,2024-12-28,0.0,0.3,26.2
Nadiya,2024-12-29,0.1,0.3,26.7
Nadiya,2024-12-30,0.9,0.3,26.4
Nadiya,2024-12-31,0.1,0.3,27.3
Nadiya,2025-01-01,0.8,0.4,22.7
Nadiya,2025-01-02,0.1,0.4,29.3
Nadiya,2025-01-03,0.0,0.4,25.6
Nadiya,2025-01-04,0.3,0.4,25.1
Nadiya,2025-01-05,0.0,0.4,24.8
Nadiya,2025-01-06,0.0,0.4,25.0
Nadiya,2025-01-07,0.0,0.4,29.1
Nadiya,2025-01-08,0.2,0.4,28.4
Nadiya,2025-01-09,0.2,0.4,26.4
Nadiya,2025-01-10,0.1,0.4,25.8
Nadiya,2025-01-11,0.7,0.4,25.6
Nadiya,2025-01-12,0.3,0.4,26.4
Nadiya,2025-01-13,0.0,0.4,24.4
Nadiya,2025-01-14,0.2,0.4,25.2
Nadiya,2025-01-15,0.1,0.4,29.2
Nadiya,2025-01-16,0.3,0.4,27.4
Nadiya,2025-01-17,0.6,0.4,28.0
Nadiya,2025-01-18,0.2,0.4,23.5
Nadiya,2025-01-19,1.4,0.4,26.7
Nadiya,2025-01-20,1.0,0.4,25.9
Nadiya,2025-01-21,0.1,0.4,23.7
Nadiya,2025-01-22,0.1,0.4,23.9
Nadiya,2025-01-23,0.5,0.4,25.8
Nadiya,2025-01-24,0.9,0.4,27.9
Nadiya,2025-01-25,0.0,0.4,27.7
Nadiya,2025-01-26,0.3,0.4,21.6
Nadiya,2025-01-27,0.1,0.4,29.9
Nadiya,2025-01-28,0.1,0.4,26.0
Nadiya,2025-01-29,0.5,0.4,25.6
Nadiya,2025-01-30,0.4,0.4,25.5
Nadiya,2025-01-31,0.3,0.4,27.7
Nadiya,2025-02-01,0.2,0.3,28.8
Nadiya,2025-02-02,0.2,0.3,31.0
Nadiya,2025-02-03,0.0,0.3,30.3
Nadiya,2025-02-04,0.4,0.3,31.2
Nadiya,2025-02-05,0.4,0.3,28.2
Nadiya,2025-02-06,0.0,0.3,31.6
Nadiya,2025-02-07,0.2,0.3,30.8
Nadiya,2025-02-08,0.1,0.3,27.4
Nadiya,2025-02-09,0.0,0.3,28.5
Nadiya,2025-02-10,0.1,0.3,26.3
Nadiya,2025-02-11,0.5,0.3,28.7
Nadiya,2025-02-12,0.0,0.3,27.7
Nadiya,2025-02-13,1.4,0.3,30.4
Nadiya,2025-02-14,0.4,0.3,28.6
Nadiya,2025-02-15,0.1,0.3,28.1
Nadiya,2025-02-16,0.6,0.3,28.5
Nadiya,2025-02-17,0.1,0.3,29.8
Nadiya,2025-02-18,0.2,0.3,29.9
Nadiya,2025-02-19,0.1,0.3,26.4
Nadiya,2025-02-20,0.3,0.3,27.4
Nadiya,2025-02-21,0.0,0.3,31.5
Nadiya,2025-02-22,0.0,0.3,26.4
Nadiya,2025-02-23,0.2,0.3,27.8
Nadiya,2025-02-24,0.1,0.3,28.7
Nadiya,2025-02-25,0.2,0.3,30.6
Nadiya,2025-02-26,0.4,0.3,27.0
Nadiya,2025-02-27,0.0,0.3,29.5
Nadiya,2025-02-28,0.3,0.3,29.7
Nadiya,2025-03-01,0.5,0.5,32.8
Nadiya,2025-03-02,0.5,0.5,37.8
Nadiya,2025-03-03,0.6,0.5,34.6
Nadiya,2025-03-04,0.3,0.5,30.0
Nadiya,2025-03-05,0.6,0.5,34.6
Nadiya,2025-03-06,0.3,0.5,33.6
Nadiya,2025-03-07,0.9,0.5,33.1
Nadiya,2025-03-08,0.4,0.5,33.9
Nadiya,2025-03-09,0.1,0.5,32.0
Nadiya,2025-03-10,1.2,0.5,33.2
Nadiya,2025-03-11,0.4,0.5,35.7
Nadiya,2025-03-12,1.5,0.5,33.1
Nadiya,2025-03-13,0.2,0.5,33.7
Nadiya,2025-03-14,1.7,0.5,31.8
Nadiya,2025-03-15,0.4,0.5,37.7
Nadiya,2025-03-16,0.9,0.5,32.8
Nadiya,2025-03-17,0.4,0.5,35.3
Nadiya,2025-03-18,0.6,0.5,34.7
Nadiya,2025-03-19,0.6,0.5,35.6
Nadiya,2025-03-20,0.4,0.5,35.3
Nadiya,2025-03-21,0.0,0.5,33.1
Nadiya,2025-03-22,0.3,0.5,36.2
Nadiya,2025-03-23,0.0,0.5,31.0
Nadiya,2025-03-24,0.8,0.5,33.9
Nadiya,2025-03-25,0.4,0.5,35.5
Nadiya,2025-03-26,0.5,0.5,33.3
Nadiya,2025-03-27,0.7,0.5,33.7
Nadiya,2025-03-28,0.4,0.5,34.7
Nadiya,2025-03-29,0.6,0.5,35.2
Nadiya,2025-03-30,0.4,0.5,35.7
Nadiya,2025-03-31,0.0,0.5,33.8
Nadiya,2025-04-01,1.2,0.7,37.9
Nadiya,2025-04-02,0.5,0.7,40.3
Nadiya,2025-04-03,0.1,0.7,37.5
Nadiya,2025-04-04,0.7,0.7,39.1
Nadiya,2025-04-05,0.0,0.7,38.9
Nadiya,2025-04-06,0.2,0.7,40.7
Nadiya,2025-04-07,0.9,0.7,36.7
Nadiya,2025-04-08,0.4,0.7,40.7
Nadiya,2025-04-09,0.4,0.7,38.2
Nadiya,2025-04-10,0.4,0.7,38.9
Nadiya,2025-04-11,0.7,0.7,43.3
Nadiya,2025-04-12,0.2,0.7,37.8
Nadiya,2025-04-13,1.9,0.7,38.1
Nadiya,2025-04-14,0.3,0.7,37.2
Nadiya,2025-04-15,0.5,0.7,35.1
Nadiya,2025-04-16,0.0,0.7,38.6
Nadiya,2025-04-17,0.4,0.7,38.7
Nadiya,2025-04-18,0.1,0.7,38.7
Nadiya,2025-04-19,0.5,0.7,38.2
Nadiya,2025-04-20,0.7,0.7,39.3
Nadiya,2025-04-21,0.9,0.7,37.5
Nadiya,2025-04-22,0.3,0.7,39.7
Nadiya,2025-04-23,0.2,0.7,36.4
Nadiya,2025-04-24,1.0,0.7,39.1
Nadiya,2025-04-25,0.0,0.7,39.4
Nadiya,2025-04-26,0.1,0.7,40.9
Nadiya,2025-04-27,0.0,0.7,38.3
Nadiya,2025-04-28,0.2,0.7,38.9
Nadiya,2025-04-29,0.0,0.7,38.9
Nadiya,2025-04-30,0.4,0.7,38.4
Nadiya,2025-05-01,2.6,1.2,42.9
Nadiya,2025-05-02,1.3,1.2,45.2
Nadiya,2025-05-03,0.0,1.2,39.8
Nadiya,2025-05-04,1.8,1.2,39.7
Nadiya,2025-05-05,1.9,1.2,41.0
Nadiya,2025-05-06,0.2,1.2,41.3
Nadiya,2025-05-07,0.2,1.2,41.6
Nadiya,2025-05-08,1.1,1.2,40.8
Nadiya,2025-05-09,1.7,1.2,43.7
Nadiya,2025-05-10,2.9,1.2,41.1
Nadiya,2025-05-11,1.3,1.2,42.3
Nadiya,2025-05-12,1.4,1.2,41.5
Nadiya,2025-05-13,1.5,1.2,43.3
Nadiya,2025-05-14,1.4,1.2,42.3
Nadiya,2025-05-15,4.2,1.2,40.2
Nadiya,2025-05-16,0.2,1.2,43.1
Nadiya,2025-05-17,2.3,1.2,41.0
Nadiya,2025-05-18,0.9,1.2,41.2
Nadiya,2025-05-19,0.2,1.2,42.8
Nadiya,2025-05-20,1.8,1.2,41.6
Nadiya,2025-05-21,0.1,1.2,40.7
Nadiya,2025-05-22,1.2,1.2,43.3
Nadiya,2025-05-23,2.2,1.2,40.1
Nadiya,2025-05-24,1.0,1.2,40.8
Nadiya,2025-05-25,0.6,1.2,42.9
Nadiya,2025-05-26,1.8,1.2,42.2
Nadiya,2025-05-27,0.1,1.2,42.7
Nadiya,2025-05-28,0.8,1.2,43.4
Nadiya,2025-05-29,1.4,1.2,39.8
Nadiya,2025-05-30,0.1,1.2,40.4
Nadiya,2025-05-31,2.1,1.2,42.2
Nadiya,2025-06-01,10.1,6.0,36.2
Nadiya,2025-06-02,3.6,6.0,38.6
Nadiya,2025-06-03,8.0,6.0,40.6
Nadiya,2025-06-04,0.6,6.0,37.7
Nadiya,2025-06-05,19.8,6.0,37.0
Nadiya,2025-06-06,1.1,6.0,38.8
Nadiya,2025-06-07,5.1,6.0,39.6
Nadiya,2025-06-08,6.8,6.0,38.0
Nadiya,2025-06-09,3.8,6.0,39.4
Nadiya,2025-06-10,5.0,6.0,36.8
Nadiya,2025-06-11,12.2,6.0,38.3
Nadiya,2025-06-12,1.9,6.0,39.1
Nadiya,2025-06-13,6.0,6.0,40.5
Nadiya,2025-06-14,14.4,6.0,37.9
Nadiya,2025-06-15,7.2,6.0,39.7
Nadiya,2025-06-16,25.7,6.0,40.3
Nadiya,2025-06-17,3.9,6.0,38.6
Nadiya,2025-06-18,1.4,6.0,38.4
Nadiya,2025-06-19,10.6,6.0,40.6
Nadiya,2025-06-20,1.6,6.0,39.2
Nadiya,2025-06-21,3.4,6.0,38.8
Nadiya,2025-06-22,7.3,6.0,38.5
Nadiya,2025-06-23,1.3,6.0,40.0
Nadiya,2025-06-24,0.1,6.0,40.6
Nadiya,2025-06-25,1.1,6.0,37.8
Nadiya,2025-06-26,8.7,6.0,40.9
Nadiya,2025-06-27,3.8,6.0,40.6
Nadiya,2025-06-28,3.1,6.0,37.9
Nadiya,2025-06-29,10.5,6.0,37.5
Nadiya,2025-06-30,4.3,6.0,41.7
Nadiya,2025-07-01,6.5,10.5,33.3
Nadiya,2025-07-02,0.6,10.5,32.7
Nadiya,2025-07-03,1.0,10.5,34.5
Nadiya,2025-07-04,23.6,10.5,33.4
Nadiya,2025-07-05,5.1,10.5,32.2
Nadiya,2025-07-06,1.8,10.5,34.7
Nadiya,2025-07-07,8.1,10.5,32.2
Nadiya,2025-07-08,19.5,10.5,37.2
Nadiya,2025-07-09,1.7,10.5,33.5
Nadiya,2025-07-10,7.1,10.5,33.5
Nadiya,2025-07-11,8.4,10.5,33.5
Nadiya,2025-07-12,0.3,10.5,30.9
Nadiya,2025-07-13,82.5,10.5,34.5
Nadiya,2025-07-14,16.2,10.5,32.8
Nadiya,2025-07-15,0.3,10.5,35.8
Nadiya,2025-07-16,2.7,10.5,35.2
Nadiya,2025-07-17,4.8,10.5,33.1
Nadiya,2025-07-18,32.7,10.5,33.9
Nadiya,2025-07-19,18.7,10.5,32.7
Nadiya,2025-07-20,6.8,10.5,33.8
Nadiya,2025-07-21,1.5,10.5,32.6
Nadiya,2025-07-22,12.0,10.5,33.3
Nadiya,2025-07-23,6.2,10.5,34.3
Nadiya,2025-07-24,30.5,10.5,33.8
Nadiya,2025-07-25,12.2,10.5,29.8
Nadiya,2025-07-26,10.5,10.5,31.1
Nadiya,2025-07-27,5.5,10.5,35.2
Nadiya,2025-07-28,0.3,10.5,33.7
Nadiya,2025-07-29,9.0,10.5,30.7
Nadiya,2025-07-30,24.3,10.5,34.8
Nadiya,2025-07-31,6.6,10.5,29.6
Nadiya,2025-08-01,2.5,9.5,33.8
Nadiya,2025-08-02,20.5,9.5,31.7
Nadiya,2025-08-03,0.2,9.5,32.4
Nadiya,2025-08-04,16.8,9.5,32.8
Nadiya,2025-08-05,1.2,9.5,33.6
Nadiya,2025-08-06,3.1,9.5,29.9
Nadiya,2025-08-07,0.8,9.5,29.9
Nadiya,2025-08-08,0.5,9.5,33.3
Nadiya,2025-08-09,2.9,9.5,33.5
Nadiya,2025-08-10,28.6,9.5,29.5
Nadiya,2025-08-11,3.0,9.5,30.9
Nadiya,2025-08-12,0.6,9.5,31.1
Nadiya,2025-08-13,2.6,9.5,30.1
Nadiya,2025-08-14,0.8,9.5,30.8
Nadiya,2025-08-15,2.8,9.5,29.6
Nadiya,2025-08-16,6.8,9.5,32.8
Nadiya,2025-08-17,13.9,9.5,32.9
Nadiya,2025-08-18,11.0,9.5,34.5
Nadiya,2025-08-19,3.6,9.5,30.7
Nadiya,2025-08-20,12.4,9.5,32.1
Nadiya,2025-08-21,2.3,9.5,34.1
Nadiya,2025-08-22,24.2,9.5,30.7
Nadiya,2025-08-23,15.8,9.5,32.7
Nadiya,2025-08-24,4.8,9.5,30.2
Nadiya,2025-08-25,23.1,9.5,31.8
Nadiya,2025-08-26,11.0,9.5,34.2
Nadiya,2025-08-27,4.3,9.5,31.6
Nadiya,2025-08-28,1.9,9.5,31.5
Nadiya,2025-08-29,0.2,9.5,30.0
Nadiya,2025-08-30,38.9,9.5,32.5
Nadiya,2025-08-31,16.9,9.5,33.7
Nadiya,2025-09-01,4.4,5.5,35.6
Nadiya,2025-09-02,2.0,5.5,31.1
Nadiya,2025-09-03,11.3,5.5,34.7
Nadiya,2025-09-04,13.3,5.5,32.6
Nadiya,2025-09-05,11.0,5.5,31.8
Nadiya,2025-09-06,1.7,5.5,34.4
Nadiya,2025-09-07,3.2,5.5,35.0
Nadiya,2025-09-08,38.0,5.5,35.2
Nadiya,2025-09-09,58.0,5.5,30.3
Nadiya,2025-09-10,73.6,5.5,32.6
Nadiya,2025-09-11,83.5,5.5,36.1
Nadiya,2025-09-12,92.1,5.5,30.9
Nadiya,2025-09-13,82.0,5.5,33.0
Nadiya,2025-09-14,78.4,5.5,34.8
Nadiya,2025-09-15,67.4,5.5,34.1
Nadiya,2025-09-16,62.6,5.5,33.7
Nadiya,2025-09-17,63.6,5.5,36.2
Nadiya,2025-09-18,73.7,5.5,34.1
Nadiya,2025-09-19,89.9,5.5,32.0
Nadiya,2025-09-20,80.3,5.5,35.4
Nadiya,2025-09-21,57.4,5.5,33.2
Nadiya,2025-09-22,15.4,5.5,32.0
Nadiya,2025-09-23,4.3,5.5,34.6
Nadiya,2025-09-24,1.2,5.5,29.6
Nadiya,2025-09-25,6.4,5.5,32.9
Nadiya,2025-09-26,3.8,5.5,34.6
Nadiya,2025-09-27,2.6,5.5,33.3
Nadiya,2025-09-28,14.5,5.5,31.5
Nadiya,2025-09-29,1.6,5.5,34.8
Nadiya,2025-09-30,4.0,5.5,31.7
Nadiya,2025-10-01,0.5,1.8,32.8
Nadiya,2025-10-02,2.3,1.8,29.6
Nadiya,2025-10-03,4.4,1.8,35.9
Nadiya,2025-10-04,1.4,1.8,30.7
Nadiya,2025-10-05,3.3,1.8,32.6
Nadiya,2025-10-06,1.4,1.8,34.1
Nadiya,2025-10-07,0.1,1.8,31.2
Nadiya,2025-10-08,2.5,1.8,34.0
Nadiya,2025-10-09,1.9,1.8,32.9
Nadiya,2025-10-10,1.5,1.8,32.1
Nadiya,2025-10-11,0.5,1.8,31.5
Nadiya,2025-10-12,1.2,1.8,33.2
Nadiya,2025-10-13,2.1,1.8,33.9
Nadiya,2025-10-14,6.8,1.8,34.5
Nadiya,2025-10-15,2.3,1.8,34.0
Nadiya,2025-10-16,1.2,1.8,32.9
Nadiya,2025-10-17,0.5,1.8,30.9
Nadiya,2025-10-18,4.7,1.8,31.1
Nadiya,2025-10-19,1.4,1.8,30.4
Nadiya,2025-10-20,0.6,1.8,32.4
Nadiya,2025-10-21,1.7,1.8,33.1
Nadiya,2025-10-22,1.0,1.8,33.1
Nadiya,2025-10-23,0.2,1.8,31.0
Nadiya,2025-10-24,0.9,1.8,31.3
Nadiya,2025-10-25,0.4,1.8,32.1
Nadiya,2025-10-26,0.1,1.8,32.2
Nadiya,2025-10-27,0.4,1.8,32.4
Nadiya,2025-10-28,0.7,1.8,33.4
Nadiya,2025-10-29,0.9,1.8,36.5
Nadiya,2025-10-30,0.2,1.8,31.5
Nadiya,2025-10-31,6.3,1.8,32.4
Nadiya,2025-11-01,0.4,0.5,29.0
Nadiya,2025-11-02,0.5,0.5,28.1
Nadiya,2025-11-03,0.6,0.5,31.1
Nadiya,2025-11-04,0.7,0.5,27.3
Nadiya,2025-11-05,0.4,0.5,25.1
Nadiya,2025-11-06,0.6,0.5,30.0
Nadiya,2025-11-07,0.9,0.5,27.9
Nadiya,2025-11-08,0.1,0.5,31.4
Nadiya,2025-11-09,0.0,0.5,27.2
Nadiya,2025-11-10,1.1,0.5,29.3
Nadiya,2025-11-11,0.3,0.5,32.8
Nadiya,2025-11-12,0.2,0.5,26.9
Nadiya,2025-11-13,0.3,0.5,30.0
Nadiya,2025-11-14,0.2,0.5,29.3
Nadiya,2025-11-15,1.2,0.5,30.9
Nadiya,2025-11-16,0.0,0.5,30.2
Nadiya,2025-11-17,0.2,0.5,26.0
Nadiya,2025-11-18,0.8,0.5,28.7
Nadiya,2025-11-19,0.1,0.5,28.4
Nadiya,2025-11-20,1.5,0.5,29.7
Nadiya,2025-11-21,0.3,0.5,31.5
Nadiya,2025-11-22,0.2,0.5,28.6
Nadiya,2025-11-23,0.1,0.5,26.3
Nadiya,2025-11-24,0.0,0.5,28.4
Nadiya,2025-11-25,0.1,0.5,32.5
Nadiya,2025-11-26,0.7,0.5,28.0
Nadiya,2025-11-27,1.3,0.5,27.8
Nadiya,2025-11-28,0.1,0.5,27.7
Nadiya,2025-11-29,0.1,0.5,27.7
Nadiya,2025-11-30,0.4,0.5,28.7
Nadiya,2025-12-01,0.4,0.3,26.6
Nadiya,2025-12-02,0.4,0.3,27.8
Nadiya,2025-12-03,0.3,0.3,28.0
Nadiya,2025-12-04,0.4,0.3,27.2
Nadiya,2025-12-05,0.3,0.3,27.0
Nadiya,2025-12-06,0.1,0.3,26.1
Nadiya,2025-12-07,0.1,0.3,26.6
Nadiya,2025-12-08,0.0,0.3,23.7
Nadiya,2025-12-09,0.3,0.3,25.5
Nadiya,2025-12-10,0.0,0.3,29.2
Nadiya,2025-12-11,0.4,0.3,25.6
Nadiya,2025-12-12,0.0,0.3,27.6
Nadiya,2025-12-13,0.2,0.3,22.9
Nadiya,2025-12-14,0.0,0.3,25.6
Nadiya,2025-12-15,0.1,0.3,25.0
Nadiya,2025-12-16,0.0,0.3,26.1
Nadiya,2025-12-17,0.2,0.3,21.8
Nadiya,2025-12-18,0.3,0.3,28.6
Nadiya,2025-12-19,0.0,0.3,25.6
Nadiya,2025-12-20,0.4,0.3,29.1
Nadiya,2025-12-21,0.0,0.3,28.4
Nadiya,2025-12-22,0.4,0.3,27.9
Nadiya,2025-12-23,0.4,0.3,26.0
Nadiya,2025-12-24,0.5,0.3,26.0
Nadiya,2025-12-25,0.3,0.3,24.4
Nadiya,2025-12-26,0.1,0.3,26.0
Nadiya,2025-12-27,0.2,0.3,27.0
Nadiya,2025-12-28,0.1,0.3,26.7
Nadiya,2025-12-29,0.0,0.3,28.6
Nadiya,2025-12-30,0.2,0.3,27.1
Nadiya,2025-12-31,0.7,0.3,26.4
Nadiya,2026-01-01,0.0,0.4,24.6
Nadiya,2026-01-02,0.5,0.4,24.7
Nadiya,2026-01-03,0.1,0.4,27.6
Nadiya,2026-01-04,0.1,0.4,28.5
Nadiya,2026-01-05,0.2,0.4,27.9
Nadiya,2026-01-06,0.4,0.4,24.6
Nadiya,2026-01-07,0.8,0.4,25.3
Nadiya,2026-01-08,1.2,0.4,28.3
Nadiya,2026-01-09,0.8,0.4,26.9
Nadiya,2026-01-10,0.3,0.4,24.8
Nadiya,2026-01-11,0.5,0.4,24.0
Nadiya,2026-01-12,0.4,0.4,24.3
Nadiya,2026-01-13,1.4,0.4,26.4
Nadiya,2026-01-14,0.3,0.4,26.0
Nadiya,2026-01-15,0.0,0.4,26.4
Nadiya,2026-01-16,0.3,0.4,26.3
Nadiya,2026-01-17,0.0,0.4,28.8
Nadiya,2026-01-18,0.0,0.4,23.7
Nadiya,2026-01-19,0.2,0.4,25.9
Nadiya,2026-01-20,0.8,0.4,24.6
Nadiya,2026-01-21,0.5,0.4,24.5
Nadiya,2026-01-22,1.5,0.4,26.6
Nadiya,2026-01-23,0.2,0.4,28.5
Nadiya,2026-01-24,0.0,0.4,29.9
Nadiya,2026-01-25,0.3,0.4,27.7
Nadiya,2026-01-26,0.1,0.4,25.3
Nadiya,2026-01-27,0.5,0.4,28.3
Nadiya,2026-01-28,0.0,0.4,28.0
Nadiya,2026-01-29,0.0,0.4,25.4
Nadiya,2026-01-30,0.1,0.4,25.1
Nadiya,2026-01-31,0.3,0.4,27.9
Nadiya,2026-02-01,0.0,0.3,30.5
Nadiya,2026-02-02,0.7,0.3,29.0
Nadiya,2026-02-03,0.8,0.3,30.0
Nadiya,2026-02-04,0.3,0.3,31.0
Nadiya,2026-02-05,0.2,0.3,27.7
Nadiya,2026-02-06,0.0,0.3,29.4
Nadiya,2026-02-07,0.1,0.3,28.2
Nadiya,2026-02-08,0.3,0.3,29.7
Nadiya,2026-02-09,0.2,0.3,29.1
Nadiya,2026-02-10,0.0,0.3,28.6
Nadiya,2026-02-11,0.1,0.3,26.3
Nadiya,2026-02-12,0.4,0.3,26.9
Nadiya,2026-02-13,0.3,0.3,26.8
Nadiya,2026-02-14,0.0,0.3,29.7
Nadiya,2026-02-15,0.2,0.3,29.7
Nadiya,2026-02-16,0.3,0.3,27.8
Nadiya,2026-02-17,0.1,0.3,26.8
Nadiya,2026-02-18,0.0,0.3,30.7
Nadiya,2026-02-19,0.2,0.3,26.4
Nadiya,2026-02-20,0.2,0.3,28.3
Nadiya,2026-02-21,0.4,0.3,28.8
Nadiya,2026-02-22,0.0,0.3,30.9
Nadiya,2026-02-23,0.6,0.3,26.8
Nadiya,2026-02-24,0.7,0.3,28.5
Nadiya,2026-02-25,0.4,0.3,29.5
Nadiya,2026-02-26,0.2,0.3,27.8
Nadiya,2026-02-27,0.4,0.3,31.3
Nadiya,2026-02-28,0.1,0.3,27.6
Nadiya,2026-03-01,0.1,0.5,33.6
Nadiya,2026-03-02,0.1,0.5,33.1
Nadiya,2026-03-03,1.0,0.5,29.2
Nadiya,2026-03-04,0.0,0.5,33.6
Nadiya,2026-03-05,0.1,0.5,33.1
Nadiya,2026-03-06,0.0,0.5,33.4
Nadiya,2026-03-07,0.5,0.5,33.3
Nadiya,2026-03-08,0.2,0.5,34.1
Nadiya,2026-03-09,0.2,0.5,35.2
Nadiya,2026-03-10,0.0,0.5,34.5
Nadiya,2026-03-11,0.1,0.5,33.5
Nadiya,2026-03-12,1.0,0.5,36.8
Nadiya,2026-03-13,0.1,0.5,32.8
Nadiya,2026-03-14,0.3,0.5,31.9
Nadiya,2026-03-15,0.1,0.5,34.5
Nadiya,2026-03-16,0.0,0.5,34.7
Nadiya,2026-03-17,0.6,0.5,34.2
Nadiya,2026-03-18,2.6,0.5,33.4
Nadiya,2026-03-19,0.3,0.5,32.4
Nadiya,2026-03-20,0.5,0.5,33.5
Nadiya,2026-03-21,1.0,0.5,33.3
Nadiya,2026-03-22,3.6,0.5,32.0
Nadiya,2026-03-23,0.1,0.5,33.4
Nadiya,2026-03-24,0.3,0.5,35.8
Nadiya,2026-03-25,1.2,0.5,33.2
Nadiya,2026-03-26,0.7,0.5,35.9
Nadiya,2026-03-27,0.4,0.5,35.3
Nadiya,2026-03-28,0.7,0.5,30.3
Nadiya,2026-03-29,0.3,0.5,35.1
Nadiya,2026-03-30,0.9,0.5,33.1
Nadiya,2026-03-31,0.3,0.5,36.7
Nadiya,2026-04-01,0.8,0.7,41.1
Nadiya,2026-04-02,0.2,0.7,38.8
Nadiya,2026-04-03,1.5,0.7,37.2
Nadiya,2026-04-04,0.9,0.7,41.3
Nadiya,2026-04-05,2.5,0.7,36.5
Nadiya,2026-04-06,1.4,0.7,41.1
Nadiya,2026-04-07,0.1,0.7,37.7
Nadiya,2026-04-08,0.4,0.7,40.3
Nadiya,2026-04-09,0.6,0.7,34.8
Nadiya,2026-04-10,0.2,0.7,38.4
Nadiya,2026-04-11,0.0,0.7,40.5
Nadiya,2026-04-12,0.8,0.7,38.0
Nadiya,2026-04-13,1.0,0.7,38.8
Nadiya,2026-04-14,1.5,0.7,38.5
Nadiya,2026-04-15,0.1,0.7,37.0
Nadiya,2026-04-16,0.4,0.7,39.3
Nadiya,2026-04-17,0.8,0.7,38.2
Nadiya,2026-04-18,0.3,0.7,40.2
Nadiya,2026-04-19,0.1,0.7,39.1
Nadiya,2026-04-20,0.2,0.7,40.9
Nadiya,2026-04-21,0.7,0.7,37.6
Nadiya,2026-04-22,0.0,0.7,39.2
Nadiya,2026-04-23,0.2,0.7,37.6
Nadiya,2026-04-24,0.1,0.7,38.7
Nadiya,2026-04-25,0.2,0.7,37.5
Nadiya,2026-04-26,0.3,0.7,40.0
Nadiya,2026-04-27,1.3,0.7,37.1
Nadiya,2026-04-28,0.8,0.7,39.2
Nadiya,2026-04-29,0.2,0.7,37.2
Nadiya,2026-04-30,0.5,0.7,37.1
Nadiya,2026-05-01,3.2,1.2,39.9
Nadiya,2026-05-02,0.1,1.2,38.5
Nadiya,2026-05-03,1.0,1.2,40.8
Nadiya,2026-05-04,0.5,1.2,42.8
Nadiya,2026-05-05,0.6,1.2,39.8
Nadiya,2026-05-06,1.0,1.2,40.7
Nadiya,2026-05-07,0.4,1.2,42.2
Nadiya,2026-05-08,7.2,1.2,40.6
Nadiya,2026-05-09,0.4,1.2,42.7
Nadiya,2026-05-10,1.3,1.2,42.3
Nadiya,2026-05-11,0.7,1.2,41.8
Nadiya,2026-05-12,0.7,1.2,41.9
Nadiya,2026-05-13,0.3,1.2,43.7
Nadiya,2026-05-14,0.8,1.2,42.6
Nadiya,2026-05-15,0.7,1.2,40.2
Nadiya,2026-05-16,2.3,1.2,40.7
Nadiya,2026-05-17,0.3,1.2,42.9
Nadiya,2026-05-18,0.2,1.2,39.8
Nadiya,2026-05-19,0.3,1.2,40.6
Nadiya,2026-05-20,1.6,1.2,46.6
Nadiya,2026-05-21,2.1,1.2,44.8
Nadiya,2026-05-22,0.2,1.2,47.5
Nadiya,2026-05-23,0.6,1.2,46.8
Nadiya,2026-05-24,0.7,1.2,41.8
Nadiya,2026-05-25,0.1,1.2,43.5
Nadiya,2026-05-26,2.3,1.2,44.3
Nadiya,2026-05-27,1.5,1.2,48.8
Nadiya,2026-05-28,0.1,1.2,43.9
Nadiya,2026-05-29,0.4,1.2,44.5
Nadiya,2026-05-30,0.7,1.2,44.0
Nadiya,2026-05-31,0.2,1.2,45.5
Nadiya,2026-06-01,11.4,6.0,40.7
Nadiya,2026-06-02,10.3,6.0,40.7
Nadiya,2026-06-03,5.0,6.0,45.2
Nadiya,2026-06-04,1.8,6.0,43.3
Nadiya,2026-06-05,1.8,6.0,42.9
Nadiya,2026-06-06,8.7,6.0,44.0
Nadiya,2026-06-07,5.7,6.0,41.2
Nadiya,2026-06-08,6.6,6.0,40.7
Nadiya,2026-06-09,1.9,6.0,43.3
Nadiya,2026-06-10,3.6,6.0,42.8
Nadiya,2026-06-11,18.0,6.0,40.6
Nadiya,2026-06-12,8.6,6.0,41.5
Nadiya,2026-06-13,2.6,6.0,39.8
Nadiya,2026-06-14,6.2,6.0,39.6
Nadiya,2026-06-15,0.0,6.0,40.3
Nadiya,2026-06-16,4.3,6.0,38.2
Nadiya,2026-06-17,6.0,6.0,39.1
Nadiya,2026-06-18,2.1,6.0,39.7
Nadiya,2026-06-19,7.6,6.0,38.3
Nadiya,2026-06-20,1.0,6.0,40.7
Nadiya,2026-06-21,3.8,6.0,39.6
Nadiya,2026-06-22,1.8,6.0,39.6
Nadiya,2026-06-23,7.3,6.0,39.9
Nadiya,2026-06-24,6.7,6.0,39.2
Nadiya,2026-06-25,1.1,6.0,41.4
Nadiya,2026-06-26,3.5,6.0,41.1
Nadiya,2026-06-27,3.8,6.0,39.9
Nadiya,2026-06-28,0.2,6.0,40.2
Nadiya,2026-06-29,2.1,6.0,38.5
Nadiya,2026-06-30,7.2,6.0,36.9
Nadiya,2026-07-01,1.8,10.5,32.3
Nadiya,2026-07-02,1.2,10.5,35.0
Nadiya,2026-07-03,5.7,10.5,31.1
Nadiya,2026-07-04,7.5,10.5,33.3
Nadiya,2026-07-05,0.1,10.5,33.7
Nadiya,2026-07-06,5.9,10.5,32.5
Nadiya,2026-07-07,7.2,10.5,32.3
Nadiya,2026-07-08,1.2,10.5,31.5
Nadiya,2026-07-09,25.1,10.5,35.8
Nadiya,2026-07-10,2.3,10.5,30.2
Nadiya,2026-07-11,7.6,10.5,39.6
Nadiya,2026-07-12,4.4,10.5,33.8
Nadiya,2026-07-13,16.6,10.5,31.2
Nadiya,2026-07-14,0.3,10.5,34.6
Nadiya,2026-07-15,0.0,10.5,33.0
